periodo,sed,nro_llaves
201901,SED00001,1
201901,SED00003,18
201901,SED00005,22
201901,SED00009,18
201901,SED00010,5
201901,SED00011,20
201901,SED00015,15
201901,SED00018,2
201901,SED00021,18
201901,SED00022,1
201901,SED00026,18
201901,SED00027,1
201901,SED00028,1
201901,SED00029,5
201901,SED00031,1
201901,SED00032,1
201901,SED00033,1
201901,SED00035,10
201901,SED00038,21
201901,SED00051,8
201901,SED00056,24
201901,SED00059,1
201901,SED00060,23
201901,SED00061,1
201901,SED00062,1
201901,SED00063,1
201901,SED00064,15
201901,SED00067,24
201901,SED00068,1
201901,SED00071,1
201901,SED00075,22
201901,SED00078,7
201901,SED00079,14
201901,SED00080,1
201901,SED00082,14
201901,SED00087,2
201901,SED00088,14
201901,SED00089,1
201901,SED00091,1
201901,SED00092,1
201901,SED00093,1
201901,SED00096,1
201901,SED00097,2
201901,SED00098,1
201901,SED00100,2
201901,SED00104,1
201901,SED00105,1
201901,SED00107,1
201901,SED00111,1
201901,SED00114,10
201901,SED00115,4
201901,SED00116,17
201901,SED00117,6
201901,SED00118,1
201901,SED00119,1
201901,SED00121,27
201901,SED00123,15
201901,SED00124,1
201901,SED00126,11
201901,SED00127,12
201901,SED00128,4
201901,SED00130,10
201901,SED00131,16
201901,SED00133,5
201901,SED00140,17
201901,SED00141,1
201901,SED00142,1
201901,SED00143,10
201901,SED00144,18
201901,SED00146,6
201901,SED00148,26
201901,SED00152,13
201901,SED00153,19
201901,SED00154,1
201901,SED00161,17
201901,SED00162,17
201901,SED00164,1
201901,SED00165,8
201901,SED00166,22
201901,SED00167,28
201901,SED00168,1
201901,SED00169,25
201901,SED00170,1
201901,SED00174,17
201901,SED00177,1
201901,SED00182,9
201901,SED00185,27
201901,SED00186,1
201901,SED00192,21
201901,SED00193,1
201901,SED00194,18
201901,SED00196,2
201901,SED00197,14
201901,SED00199,23
201901,SED00201,1
201901,SED00204,21
201901,SED00209,16
201901,SED00210,9
201901,SED00212,16
201901,SED00213,23
201901,SED00216,24
201901,SED00218,10
201901,SED00219,22
201901,SED00221,29
201901,SED00223,13
201901,SED00225,23
201901,SED00226,1
201901,SED00227,7
201901,SED00232,16
201901,SED00233,15
201901,SED00236,1
201901,SED00238,21
201901,SED00239,1
201901,SED00240,7
201901,SED00242,2
201901,SED00244,15
201901,SED00251,18
201901,SED00252,8
201901,SED00254,1
201901,SED00255,1
201901,SED00256,1
201901,SED00259,24
201901,SED00261,17
201901,SED00263,11
201901,SED00265,15
201901,SED00267,1
201901,SED00269,14
201901,SED00270,8
201901,SED00273,9
201901,SED00274,1
201901,SED00275,8
201901,SED00276,28
201901,SED00283,1
201901,SED00285,4
201901,SED00286,1
201901,SED00287,14
201901,SED00289,1
201901,SED00290,1
201901,SED00293,1
201901,SED00294,9
201901,SED00295,17
201901,SED00296,2
201901,SED00297,14
201901,SED00299,24
201901,SED00300,9
201901,SED00302,15
201901,SED00304,13
201901,SED00305,23
201901,SED00306,15
201901,SED00307,17
201901,SED00308,19
201901,SED00309,1
201901,SED00311,23
201901,SED00313,1
201901,SED00314,1
201901,SED00317,1
201901,SED00318,21
201901,SED00319,1
201901,SED00331,29
201901,SED00332,22
201901,SED00337,11
201901,SED00338,23
201901,SED00342,1
201901,SED00343,13
201901,SED00345,1
201901,SED00352,2
201901,SED00355,9
201901,SED00356,18
201901,SED00358,1
201901,SED00361,1
201901,SED00362,1
201901,SED00367,1
201901,SED00368,1
201901,SED00369,21
201901,SED00372,16
201901,SED00373,1
201901,SED00379,19
201901,SED00381,1
201901,SED00388,1
201901,SED00394,17
201901,SED00397,11
201901,SED00398,15
201901,SED00399,1
201901,SED00401,12
201901,SED00402,1
201901,SED00405,1
201901,SED00406,20
201901,SED00412,20
201901,SED00416,8
201901,SED00419,1
201901,SED00421,25
201901,SED00424,2
201901,SED00425,10
201901,SED00428,5
201901,SED00430,16
201901,SED00431,1
201901,SED00433,1
201901,SED00434,13
201901,SED00436,1
201901,SED00440,2
201901,SED00441,4
201901,SED00446,14
201901,SED00447,16
201901,SED00448,11
201901,SED00449,29
201901,SED00450,1
201901,SED00451,1
201901,SED00453,18
201901,SED00454,16
201901,SED00455,2
201901,SED00460,22
201901,SED00462,1
201901,SED00463,26
201901,SED00464,1
201901,SED00466,1
201901,SED00468,15
201901,SED00473,6
201901,SED00474,1
201901,SED00476,19
201901,SED00477,10
201901,SED00480,1
201901,SED00481,18
201901,SED00482,6
201901,SED00483,15
201901,SED00484,1
201901,SED00485,13
201901,SED00486,1
201901,SED00488,18
201901,SED00489,15
201901,SED00490,4
201901,SED00494,1
201901,SED00495,13
201901,SED00497,7
201901,SED00498,20
201901,SED00500,15
201901,SED00506,20
201901,SED00511,23
201901,SED00514,1
201901,SED00516,23
201901,SED00519,7
201901,SED00521,16
201901,SED00528,8
201901,SED00537,2
201901,SED00541,17
201901,SED00544,16
201901,SED00548,2
201901,SED00549,1
201901,SED00554,11
201901,SED00555,23
201901,SED00560,1
201901,SED00561,20
201901,SED00565,10
201901,SED00569,14
201901,SED00571,10
201901,SED00572,26
201901,SED00573,22
201901,SED00576,15
201901,SED00577,1
201901,SED00578,24
201901,SED00581,20
201901,SED00582,6
201901,SED00587,20
201901,SED00591,14
201901,SED00593,28
201901,SED00595,4
201901,SED00597,12
201901,SED00599,1
201902,SED00003,21
201902,SED00005,21
201902,SED00009,18
201902,SED00010,5
201902,SED00011,21
201902,SED00015,15
201902,SED00021,17
201902,SED00026,18
201902,SED00029,5
201902,SED00035,11
201902,SED00038,21
201902,SED00044,1
201902,SED00051,8
201902,SED00052,1
201902,SED00056,25
201902,SED00057,1
201902,SED00059,1
201902,SED00060,23
201902,SED00064,15
201902,SED00067,22
201902,SED00074,1
201902,SED00075,25
201902,SED00076,1
201902,SED00078,7
201902,SED00079,14
201902,SED00082,14
201902,SED00084,1
201902,SED00088,13
201902,SED00089,1
201902,SED00093,1
201902,SED00095,1
201902,SED00096,1
201902,SED00098,1
201902,SED00107,1
201902,SED00110,2
201902,SED00112,1
201902,SED00114,9
201902,SED00115,4
201902,SED00116,16
201902,SED00117,6
201902,SED00121,26
201902,SED00122,1
201902,SED00123,14
201902,SED00126,11
201902,SED00127,12
201902,SED00128,4
201902,SED00130,9
201902,SED00131,16
201902,SED00133,5
201902,SED00134,1
201902,SED00140,16
201902,SED00143,10
201902,SED00144,18
201902,SED00146,6
201902,SED00148,26
201902,SED00152,14
201902,SED00153,19
201902,SED00154,1
201902,SED00161,15
201902,SED00162,18
201902,SED00165,8
201902,SED00166,22
201902,SED00167,28
201902,SED00169,19
201902,SED00172,1
201902,SED00174,20
201902,SED00175,1
201902,SED00176,1
201902,SED00179,1
201902,SED00182,9
201902,SED00185,27
201902,SED00189,1
201902,SED00190,2
201902,SED00192,21
201902,SED00194,17
201902,SED00195,1
201902,SED00197,16
201902,SED00199,16
201902,SED00200,1
201902,SED00204,23
201902,SED00206,1
201902,SED00207,1
201902,SED00208,1
201902,SED00209,15
201902,SED00210,9
201902,SED00212,16
201902,SED00213,28
201902,SED00215,1
201902,SED00216,18
201902,SED00217,2
201902,SED00218,10
201902,SED00219,21
201902,SED00221,29
201902,SED00223,13
201902,SED00225,24
201902,SED00227,7
201902,SED00229,1
201902,SED00230,1
201902,SED00232,14
201902,SED00233,15
201902,SED00235,1
201902,SED00238,22
201902,SED00240,7
201902,SED00241,1
201902,SED00244,18
201902,SED00251,17
201902,SED00252,8
201902,SED00253,1
201902,SED00254,1
201902,SED00255,1
201902,SED00259,23
201902,SED00261,15
201902,SED00263,11
201902,SED00264,1
201902,SED00265,14
201902,SED00269,14
201902,SED00270,8
201902,SED00273,9
201902,SED00275,8
201902,SED00276,27
201902,SED00278,2
201902,SED00281,1
201902,SED00282,1
201902,SED00283,1
201902,SED00285,4
201902,SED00287,14
201902,SED00294,9
201902,SED00295,17
201902,SED00297,13
201902,SED00299,27
201902,SED00300,8
201902,SED00302,16
201902,SED00303,1
201902,SED00304,13
201902,SED00305,23
201902,SED00306,14
201902,SED00307,14
201902,SED00308,19
201902,SED00311,20
201902,SED00317,1
201902,SED00318,21
201902,SED00321,1
201902,SED00324,1
201902,SED00328,1
201902,SED00330,1
201902,SED00331,27
201902,SED00332,22
201902,SED00335,1
201902,SED00337,11
201902,SED00338,21
201902,SED00343,15
201902,SED00346,1
201902,SED00351,2
201902,SED00353,1
201902,SED00354,2
201902,SED00355,10
201902,SED00356,20
201902,SED00361,1
201902,SED00364,3
201902,SED00368,1
201902,SED00369,21
201902,SED00372,16
201902,SED00374,1
201902,SED00378,2
201902,SED00379,19
201902,SED00380,1
201902,SED00385,1
201902,SED00389,1
201902,SED00394,17
201902,SED00397,12
201902,SED00398,17
201902,SED00399,1
201902,SED00401,12
201902,SED00406,19
201902,SED00409,1
201902,SED00412,18
201902,SED00413,1
201902,SED00414,1
201902,SED00416,8
201902,SED00421,22
201902,SED00423,1
201902,SED00424,2
201902,SED00425,10
201902,SED00428,5
201902,SED00429,1
201902,SED00430,21
201902,SED00431,3
201902,SED00434,16
201902,SED00435,1
201902,SED00441,4
201902,SED00444,1
201902,SED00446,14
201902,SED00447,16
201902,SED00448,12
201902,SED00449,28
201902,SED00453,18
201902,SED00454,17
201902,SED00456,1
201902,SED00460,21
201902,SED00461,1
201902,SED00463,25
201902,SED00468,15
201902,SED00470,1
201902,SED00473,6
201902,SED00476,19
201902,SED00477,10
201902,SED00481,19
201902,SED00482,6
201902,SED00483,15
201902,SED00484,1
201902,SED00485,16
201902,SED00488,16
201902,SED00489,15
201902,SED00490,4
201902,SED00493,1
201902,SED00494,1
201902,SED00495,12
201902,SED00497,7
201902,SED00498,17
201902,SED00500,15
201902,SED00503,1
201902,SED00504,1
201902,SED00505,1
201902,SED00506,18
201902,SED00510,1
201902,SED00511,18
201902,SED00516,25
201902,SED00518,2
201902,SED00519,7
201902,SED00521,16
201902,SED00523,1
201902,SED00524,1
201902,SED00528,8
201902,SED00530,1
201902,SED00541,17
201902,SED00544,16
201902,SED00549,1
201902,SED00550,1
201902,SED00554,11
201902,SED00555,18
201902,SED00561,18
201902,SED00562,1
201902,SED00565,10
201902,SED00569,13
201902,SED00571,10
201902,SED00572,24
201902,SED00573,21
201902,SED00576,14
201902,SED00578,26
201902,SED00580,1
201902,SED00581,19
201902,SED00582,6
201902,SED00583,1
201902,SED00585,1
201902,SED00587,20
201902,SED00591,17
201902,SED00593,28
201902,SED00595,4
201902,SED00597,12
201902,SED00599,1
201903,SED00001,1
201903,SED00003,20
201903,SED00005,21
201903,SED00007,3
201903,SED00009,18
201903,SED00010,5
201903,SED00011,17
201903,SED00015,15
201903,SED00019,1
201903,SED00021,18
201903,SED00026,15
201903,SED00028,1
201903,SED00029,5
201903,SED00035,11
201903,SED00036,1
201903,SED00037,1
201903,SED00038,19
201903,SED00040,1
201903,SED00045,2
201903,SED00048,1
201903,SED00049,1
201903,SED00051,8
201903,SED00053,1
201903,SED00056,28
201903,SED00060,24
201903,SED00064,15
201903,SED00067,25
201903,SED00075,24
201903,SED00078,7
201903,SED00079,16
201903,SED00082,14
201903,SED00088,11
201903,SED00095,1
201903,SED00099,1
201903,SED00101,1
201903,SED00102,1
201903,SED00110,1
201903,SED00111,1
201903,SED00113,1
201903,SED00114,10
201903,SED00115,4
201903,SED00116,18
201903,SED00117,6
201903,SED00121,27
201903,SED00123,15
201903,SED00126,11
201903,SED00127,12
201903,SED00128,4
201903,SED00130,10
201903,SED00131,16
201903,SED00132,1
201903,SED00133,5
201903,SED00137,1
201903,SED00140,17
201903,SED00143,10
201903,SED00144,20
201903,SED00146,5
201903,SED00148,26
201903,SED00152,14
201903,SED00153,19
201903,SED00156,1
201903,SED00160,1
201903,SED00161,17
201903,SED00162,22
201903,SED00163,1
201903,SED00165,8
201903,SED00166,22
201903,SED00167,28
201903,SED00169,12
201903,SED00171,1
201903,SED00174,20
201903,SED00178,1
201903,SED00179,1
201903,SED00182,9
201903,SED00185,27
201903,SED00186,1
201903,SED00187,1
201903,SED00190,1
201903,SED00192,19
201903,SED00194,15
201903,SED00197,14
201903,SED00199,18
201903,SED00202,1
201903,SED00204,23
201903,SED00206,1
201903,SED00207,1
201903,SED00209,16
201903,SED00210,9
201903,SED00211,1
201903,SED00212,16
201903,SED00213,27
201903,SED00216,20
201903,SED00217,1
201903,SED00218,10
201903,SED00219,20
201903,SED00220,1
201903,SED00221,29
201903,SED00222,1
201903,SED00223,13
201903,SED00225,24
201903,SED00227,7
201903,SED00232,22
201903,SED00233,14
201903,SED00234,1
201903,SED00238,22
201903,SED00239,1
201903,SED00240,7
201903,SED00241,1
201903,SED00244,22
201903,SED00245,1
201903,SED00251,18
201903,SED00252,8
201903,SED00255,1
201903,SED00256,1
201903,SED00259,25
201903,SED00261,15
201903,SED00263,11
201903,SED00265,13
201903,SED00269,14
201903,SED00270,8
201903,SED00273,9
201903,SED00275,8
201903,SED00276,26
201903,SED00279,1
201903,SED00282,1
201903,SED00284,1
201903,SED00285,4
201903,SED00287,14
201903,SED00289,1
201903,SED00291,1
201903,SED00294,9
201903,SED00295,16
201903,SED00297,14
201903,SED00299,27
201903,SED00300,9
201903,SED00302,16
201903,SED00304,12
201903,SED00305,19
201903,SED00306,15
201903,SED00307,14
201903,SED00308,19
201903,SED00311,23
201903,SED00312,2
201903,SED00318,16
201903,SED00319,1
201903,SED00325,1
201903,SED00331,28
201903,SED00332,22
201903,SED00333,1
201903,SED00335,1
201903,SED00336,1
201903,SED00337,11
201903,SED00338,23
201903,SED00343,14
201903,SED00347,1
201903,SED00352,1
201903,SED00355,10
201903,SED00356,22
201903,SED00358,1
201903,SED00360,1
201903,SED00368,1
201903,SED00369,21
201903,SED00372,16
201903,SED00373,1
201903,SED00378,1
201903,SED00379,18
201903,SED00384,1
201903,SED00394,17
201903,SED00397,12
201903,SED00398,16
201903,SED00401,12
201903,SED00406,20
201903,SED00408,1
201903,SED00409,1
201903,SED00412,20
201903,SED00413,1
201903,SED00416,8
201903,SED00417,1
201903,SED00421,20
201903,SED00425,10
201903,SED00426,1
201903,SED00428,5
201903,SED00430,24
201903,SED00434,20
201903,SED00438,1
201903,SED00441,4
201903,SED00445,1
201903,SED00446,13
201903,SED00447,16
201903,SED00448,12
201903,SED00449,29
201903,SED00450,1
201903,SED00453,18
201903,SED00454,16
201903,SED00456,1
201903,SED00460,20
201903,SED00462,1
201903,SED00463,26
201903,SED00464,1
201903,SED00468,15
201903,SED00470,1
201903,SED00473,6
201903,SED00476,18
201903,SED00477,10
201903,SED00481,19
201903,SED00482,6
201903,SED00483,15
201903,SED00484,1
201903,SED00485,14
201903,SED00488,18
201903,SED00489,15
201903,SED00490,4
201903,SED00495,13
201903,SED00497,7
201903,SED00498,19
201903,SED00500,12
201903,SED00501,1
201903,SED00506,20
201903,SED00508,1
201903,SED00511,23
201903,SED00513,1
201903,SED00514,1
201903,SED00515,2
201903,SED00516,25
201903,SED00519,7
201903,SED00521,16
201903,SED00522,1
201903,SED00524,1
201903,SED00528,8
201903,SED00534,1
201903,SED00541,15
201903,SED00544,16
201903,SED00551,1
201903,SED00552,1
201903,SED00554,11
201903,SED00555,21
201903,SED00561,13
201903,SED00562,1
201903,SED00563,2
201903,SED00565,10
201903,SED00568,1
201903,SED00569,14
201903,SED00570,1
201903,SED00571,10
201903,SED00572,26
201903,SED00573,23
201903,SED00575,1
201903,SED00576,19
201903,SED00578,27
201903,SED00581,20
201903,SED00582,6
201903,SED00587,19
201903,SED00588,1
201903,SED00589,1
201903,SED00591,18
201903,SED00593,28
201903,SED00595,4
201903,SED00596,1
201903,SED00597,12
201903,SED00600,1
201904,SED00002,1
201904,SED00003,14
201904,SED00004,1
201904,SED00005,22
201904,SED00006,1
201904,SED00009,18
201904,SED00010,5
201904,SED00011,22
201904,SED00015,15
201904,SED00017,1
201904,SED00021,18
201904,SED00025,1
201904,SED00026,17
201904,SED00027,1
201904,SED00029,5
201904,SED00035,10
201904,SED00038,20
201904,SED00039,1
201904,SED00047,1
201904,SED00051,8
201904,SED00054,1
201904,SED00055,1
201904,SED00056,24
201904,SED00060,23
201904,SED00064,15
201904,SED00065,1
201904,SED00067,26
201904,SED00071,1
201904,SED00075,23
201904,SED00078,7
201904,SED00079,15
201904,SED00082,14
201904,SED00086,1
201904,SED00088,13
201904,SED00091,1
201904,SED00097,1
201904,SED00104,2
201904,SED00114,10
201904,SED00115,4
201904,SED00116,18
201904,SED00117,6
201904,SED00121,26
201904,SED00123,15
201904,SED00126,11
201904,SED00127,12
201904,SED00128,4
201904,SED00130,10
201904,SED00131,16
201904,SED00133,5
201904,SED00139,1
201904,SED00140,16
201904,SED00142,1
201904,SED00143,10
201904,SED00144,20
201904,SED00145,1
201904,SED00146,6
201904,SED00148,26
201904,SED00151,2
201904,SED00152,16
201904,SED00153,19
201904,SED00161,16
201904,SED00162,20
201904,SED00164,1
201904,SED00165,8
201904,SED00166,21
201904,SED00167,28
201904,SED00169,19
201904,SED00170,2
201904,SED00173,1
201904,SED00174,21
201904,SED00175,2
201904,SED00180,1
201904,SED00182,9
201904,SED00185,27
201904,SED00187,1
201904,SED00190,2
201904,SED00192,21
201904,SED00194,19
201904,SED00197,15
201904,SED00199,18
201904,SED00202,1
201904,SED00204,24
201904,SED00209,14
201904,SED00210,9
201904,SED00212,16
201904,SED00213,26
201904,SED00215,1
201904,SED00216,17
201904,SED00218,10
201904,SED00219,20
201904,SED00221,29
201904,SED00223,13
201904,SED00225,21
201904,SED00227,7
201904,SED00228,2
201904,SED00229,1
201904,SED00232,22
201904,SED00233,15
201904,SED00235,1
201904,SED00238,21
201904,SED00240,7
201904,SED00244,17
201904,SED00248,1
201904,SED00251,17
201904,SED00252,8
201904,SED00259,25
201904,SED00260,1
201904,SED00261,15
201904,SED00262,1
201904,SED00263,11
201904,SED00265,15
201904,SED00266,1
201904,SED00268,1
201904,SED00269,14
201904,SED00270,8
201904,SED00273,9
201904,SED00274,1
201904,SED00275,8
201904,SED00276,25
201904,SED00281,1
201904,SED00283,2
201904,SED00285,4
201904,SED00287,14
201904,SED00290,1
201904,SED00294,9
201904,SED00295,17
201904,SED00297,14
201904,SED00298,1
201904,SED00299,25
201904,SED00300,9
201904,SED00302,14
201904,SED00304,13
201904,SED00305,22
201904,SED00306,15
201904,SED00307,15
201904,SED00308,19
201904,SED00310,1
201904,SED00311,24
201904,SED00315,1
201904,SED00318,21
201904,SED00328,2
201904,SED00330,1
201904,SED00331,29
201904,SED00332,22
201904,SED00333,1
201904,SED00335,1
201904,SED00336,1
201904,SED00337,11
201904,SED00338,22
201904,SED00343,12
201904,SED00351,2
201904,SED00355,10
201904,SED00356,19
201904,SED00361,1
201904,SED00363,1
201904,SED00364,1
201904,SED00366,1
201904,SED00369,19
201904,SED00370,1
201904,SED00372,16
201904,SED00379,18
201904,SED00381,1
201904,SED00392,1
201904,SED00393,1
201904,SED00394,16
201904,SED00397,14
201904,SED00398,15
201904,SED00399,1
201904,SED00401,11
201904,SED00406,20
201904,SED00407,1
201904,SED00408,1
201904,SED00409,1
201904,SED00412,19
201904,SED00413,1
201904,SED00416,8
201904,SED00418,1
201904,SED00421,17
201904,SED00425,10
201904,SED00428,5
201904,SED00429,1
201904,SED00430,20
201904,SED00432,1
201904,SED00434,17
201904,SED00441,4
201904,SED00446,14
201904,SED00447,16
201904,SED00448,12
201904,SED00449,28
201904,SED00453,18
201904,SED00454,18
201904,SED00460,21
201904,SED00461,1
201904,SED00463,26
201904,SED00467,1
201904,SED00468,15
201904,SED00470,1
201904,SED00473,6
201904,SED00476,19
201904,SED00477,10
201904,SED00478,1
201904,SED00479,1
201904,SED00480,1
201904,SED00481,18
201904,SED00482,6
201904,SED00483,15
201904,SED00485,15
201904,SED00488,17
201904,SED00489,16
201904,SED00490,4
201904,SED00492,1
201904,SED00495,13
201904,SED00497,7
201904,SED00498,20
201904,SED00500,15
201904,SED00502,1
201904,SED00506,19
201904,SED00511,22
201904,SED00516,25
201904,SED00519,7
201904,SED00520,1
201904,SED00521,16
201904,SED00522,1
201904,SED00523,1
201904,SED00528,8
201904,SED00531,1
201904,SED00533,2
201904,SED00541,17
201904,SED00544,17
201904,SED00545,1
201904,SED00548,1
201904,SED00550,1
201904,SED00551,1
201904,SED00554,11
201904,SED00555,21
201904,SED00558,1
201904,SED00561,18
201904,SED00565,10
201904,SED00568,1
201904,SED00569,13
201904,SED00571,10
201904,SED00572,26
201904,SED00573,19
201904,SED00574,1
201904,SED00576,16
201904,SED00578,26
201904,SED00580,1
201904,SED00581,20
201904,SED00582,6
201904,SED00583,1
201904,SED00585,2
201904,SED00587,20
201904,SED00591,19
201904,SED00593,28
201904,SED00595,4
201904,SED00597,12
201905,SED00001,1
201905,SED00003,19
201905,SED00005,23
201905,SED00009,18
201905,SED00010,5
201905,SED00011,21
201905,SED00015,15
201905,SED00016,2
201905,SED00020,1
201905,SED00021,18
201905,SED00024,2
201905,SED00026,17
201905,SED00029,5
201905,SED00034,1
201905,SED00035,11
201905,SED00038,24
201905,SED00049,1
201905,SED00051,8
201905,SED00053,1
201905,SED00054,1
201905,SED00056,26
201905,SED00060,23
201905,SED00062,1
201905,SED00063,1
201905,SED00064,15
201905,SED00067,24
201905,SED00071,1
201905,SED00074,1
201905,SED00075,21
201905,SED00078,7
201905,SED00079,16
201905,SED00080,1
201905,SED00082,12
201905,SED00083,1
201905,SED00086,1
201905,SED00088,10
201905,SED00094,1
201905,SED00096,1
201905,SED00098,1
201905,SED00105,1
201905,SED00106,1
201905,SED00114,10
201905,SED00115,4
201905,SED00116,19
201905,SED00117,6
201905,SED00119,1
201905,SED00121,24
201905,SED00123,14
201905,SED00126,11
201905,SED00127,12
201905,SED00128,4
201905,SED00129,1
201905,SED00130,10
201905,SED00131,16
201905,SED00133,5
201905,SED00134,1
201905,SED00136,1
201905,SED00140,17
201905,SED00143,10
201905,SED00144,18
201905,SED00145,1
201905,SED00146,6
201905,SED00148,26
201905,SED00152,12
201905,SED00153,19
201905,SED00161,15
201905,SED00162,16
201905,SED00165,8
201905,SED00166,21
201905,SED00167,28
201905,SED00169,23
201905,SED00173,2
201905,SED00174,16
201905,SED00176,1
201905,SED00182,9
201905,SED00185,27
201905,SED00188,1
201905,SED00192,21
201905,SED00194,17
201905,SED00197,15
201905,SED00199,16
201905,SED00204,22
201905,SED00205,1
201905,SED00206,1
201905,SED00209,15
201905,SED00210,9
201905,SED00212,15
201905,SED00213,27
201905,SED00214,1
201905,SED00216,15
201905,SED00218,10
201905,SED00219,22
201905,SED00221,29
201905,SED00223,13
201905,SED00225,19
201905,SED00227,7
201905,SED00229,2
201905,SED00231,1
201905,SED00232,21
201905,SED00233,14
201905,SED00238,23
201905,SED00240,6
201905,SED00244,19
201905,SED00245,1
201905,SED00248,1
201905,SED00249,3
201905,SED00251,17
201905,SED00252,8
201905,SED00256,1
201905,SED00259,23
201905,SED00261,18
201905,SED00262,1
201905,SED00263,11
201905,SED00264,2
201905,SED00265,12
201905,SED00267,1
201905,SED00269,13
201905,SED00270,8
201905,SED00272,1
201905,SED00273,9
201905,SED00275,7
201905,SED00276,28
201905,SED00285,4
201905,SED00287,14
201905,SED00289,1
201905,SED00294,9
201905,SED00295,17
201905,SED00297,11
201905,SED00299,24
201905,SED00300,9
201905,SED00302,16
201905,SED00304,13
201905,SED00305,23
201905,SED00306,15
201905,SED00307,15
201905,SED00308,19
201905,SED00311,20
201905,SED00312,1
201905,SED00315,1
201905,SED00318,20
201905,SED00322,1
201905,SED00331,29
201905,SED00332,20
201905,SED00336,1
201905,SED00337,11
201905,SED00338,19
201905,SED00342,1
201905,SED00343,14
201905,SED00350,1
201905,SED00355,10
201905,SED00356,20
201905,SED00362,1
201905,SED00369,21
201905,SED00371,1
201905,SED00372,16
201905,SED00373,1
201905,SED00379,17
201905,SED00384,1
201905,SED00385,1
201905,SED00387,1
201905,SED00388,1
201905,SED00389,1
201905,SED00392,1
201905,SED00394,17
201905,SED00397,12
201905,SED00398,15
201905,SED00401,12
201905,SED00406,20
201905,SED00407,1
201905,SED00411,1
201905,SED00412,20
201905,SED00413,1
201905,SED00414,1
201905,SED00415,1
201905,SED00416,8
201905,SED00421,20
201905,SED00425,10
201905,SED00428,5
201905,SED00430,20
201905,SED00434,20
201905,SED00437,1
201905,SED00441,4
201905,SED00443,1
201905,SED00446,14
201905,SED00447,16
201905,SED00448,12
201905,SED00449,29
201905,SED00450,1
201905,SED00452,1
201905,SED00453,18
201905,SED00454,18
201905,SED00460,19
201905,SED00463,26
201905,SED00466,1
201905,SED00468,15
201905,SED00472,2
201905,SED00473,6
201905,SED00476,18
201905,SED00477,10
201905,SED00481,21
201905,SED00482,6
201905,SED00483,15
201905,SED00485,15
201905,SED00488,18
201905,SED00489,16
201905,SED00490,4
201905,SED00492,1
201905,SED00495,13
201905,SED00497,7
201905,SED00498,19
201905,SED00500,15
201905,SED00505,1
201905,SED00506,17
201905,SED00507,1
201905,SED00509,1
201905,SED00510,1
201905,SED00511,22
201905,SED00512,1
201905,SED00515,1
201905,SED00516,25
201905,SED00519,7
201905,SED00521,16
201905,SED00524,1
201905,SED00528,8
201905,SED00529,1
201905,SED00530,1
201905,SED00541,14
201905,SED00544,16
201905,SED00549,1
201905,SED00551,1
201905,SED00553,1
201905,SED00554,11
201905,SED00555,18
201905,SED00558,1
201905,SED00560,1
201905,SED00561,18
201905,SED00565,10
201905,SED00567,2
201905,SED00569,13
201905,SED00571,10
201905,SED00572,25
201905,SED00573,22
201905,SED00576,12
201905,SED00578,26
201905,SED00581,21
201905,SED00582,6
201905,SED00587,19
201905,SED00591,17
201905,SED00593,28
201905,SED00595,4
201905,SED00596,1
201905,SED00597,12
201906,SED00002,1
201906,SED00003,21
201906,SED00005,23
201906,SED00009,18
201906,SED00010,5
201906,SED00011,18
201906,SED00013,1
201906,SED00014,1
201906,SED00015,15
201906,SED00016,1
201906,SED00019,1
201906,SED00021,18
201906,SED00026,17
201906,SED00027,1
201906,SED00028,1
201906,SED00029,5
201906,SED00031,1
201906,SED00035,11
201906,SED00038,19
201906,SED00039,1
201906,SED00041,1
201906,SED00047,1
201906,SED00051,8
201906,SED00053,1
201906,SED00056,26
201906,SED00060,25
201906,SED00064,15
201906,SED00067,25
201906,SED00070,1
201906,SED00075,21
201906,SED00076,1
201906,SED00078,7
201906,SED00079,16
201906,SED00082,14
201906,SED00087,1
201906,SED00088,13
201906,SED00090,1
201906,SED00096,2
201906,SED00111,1
201906,SED00114,10
201906,SED00115,4
201906,SED00116,16
201906,SED00117,6
201906,SED00121,25
201906,SED00123,14
201906,SED00126,11
201906,SED00127,12
201906,SED00128,4
201906,SED00130,9
201906,SED00131,16
201906,SED00133,5
201906,SED00136,1
201906,SED00137,1
201906,SED00139,1
201906,SED00140,17
201906,SED00143,10
201906,SED00144,19
201906,SED00146,5
201906,SED00147,1
201906,SED00148,26
201906,SED00149,2
201906,SED00150,1
201906,SED00152,16
201906,SED00153,19
201906,SED00160,1
201906,SED00161,15
201906,SED00162,20
201906,SED00163,1
201906,SED00165,8
201906,SED00166,21
201906,SED00167,28
201906,SED00169,20
201906,SED00170,1
201906,SED00174,16
201906,SED00179,1
201906,SED00182,9
201906,SED00183,1
201906,SED00185,27
201906,SED00191,1
201906,SED00192,22
201906,SED00194,17
201906,SED00197,14
201906,SED00198,1
201906,SED00199,20
201906,SED00200,1
201906,SED00204,21
201906,SED00206,1
201906,SED00209,15
201906,SED00210,9
201906,SED00212,16
201906,SED00213,29
201906,SED00215,1
201906,SED00216,18
201906,SED00218,10
201906,SED00219,20
201906,SED00220,1
201906,SED00221,29
201906,SED00223,13
201906,SED00225,20
201906,SED00226,1
201906,SED00227,7
201906,SED00232,21
201906,SED00233,15
201906,SED00235,1
201906,SED00238,22
201906,SED00240,7
201906,SED00242,1
201906,SED00244,17
201906,SED00250,1
201906,SED00251,18
201906,SED00252,8
201906,SED00257,1
201906,SED00259,23
201906,SED00261,15
201906,SED00263,11
201906,SED00264,1
201906,SED00265,16
201906,SED00268,1
201906,SED00269,14
201906,SED00270,7
201906,SED00273,9
201906,SED00275,8
201906,SED00276,28
201906,SED00278,1
201906,SED00282,1
201906,SED00285,4
201906,SED00287,14
201906,SED00288,1
201906,SED00290,1
201906,SED00291,2
201906,SED00294,9
201906,SED00295,17
201906,SED00297,15
201906,SED00299,27
201906,SED00300,9
201906,SED00302,16
201906,SED00304,13
201906,SED00305,22
201906,SED00306,14
201906,SED00307,13
201906,SED00308,18
201906,SED00309,1
201906,SED00311,25
201906,SED00314,1
201906,SED00317,1
201906,SED00318,19
201906,SED00324,1
201906,SED00325,1
201906,SED00329,1
201906,SED00331,28
201906,SED00332,24
201906,SED00337,11
201906,SED00338,22
201906,SED00340,1
201906,SED00342,1
201906,SED00343,13
201906,SED00353,1
201906,SED00355,9
201906,SED00356,19
201906,SED00363,1
201906,SED00367,1
201906,SED00369,21
201906,SED00372,16
201906,SED00376,1
201906,SED00379,19
201906,SED00384,1
201906,SED00392,1
201906,SED00393,2
201906,SED00394,15
201906,SED00397,14
201906,SED00398,17
201906,SED00399,1
201906,SED00401,12
201906,SED00404,1
201906,SED00406,20
201906,SED00407,1
201906,SED00412,20
201906,SED00414,1
201906,SED00415,1
201906,SED00416,8
201906,SED00421,22
201906,SED00425,10
201906,SED00427,1
201906,SED00428,5
201906,SED00430,20
201906,SED00434,17
201906,SED00439,1
201906,SED00441,4
201906,SED00443,1
201906,SED00446,14
201906,SED00447,16
201906,SED00448,12
201906,SED00449,29
201906,SED00453,18
201906,SED00454,18
201906,SED00456,1
201906,SED00460,22
201906,SED00461,1
201906,SED00462,1
201906,SED00463,26
201906,SED00468,15
201906,SED00473,6
201906,SED00476,16
201906,SED00477,10
201906,SED00478,1
201906,SED00480,1
201906,SED00481,20
201906,SED00482,6
201906,SED00483,15
201906,SED00485,15
201906,SED00488,17
201906,SED00489,15
201906,SED00490,4
201906,SED00494,1
201906,SED00495,12
201906,SED00497,7
201906,SED00498,18
201906,SED00499,3
201906,SED00500,15
201906,SED00506,19
201906,SED00510,1
201906,SED00511,21
201906,SED00512,1
201906,SED00514,1
201906,SED00516,23
201906,SED00519,7
201906,SED00520,1
201906,SED00521,16
201906,SED00523,1
201906,SED00524,1
201906,SED00528,8
201906,SED00538,1
201906,SED00541,14
201906,SED00543,1
201906,SED00544,17
201906,SED00546,2
201906,SED00550,1
201906,SED00554,11
201906,SED00555,19
201906,SED00557,1
201906,SED00561,17
201906,SED00565,10
201906,SED00567,1
201906,SED00569,12
201906,SED00570,1
201906,SED00571,10
201906,SED00572,26
201906,SED00573,20
201906,SED00574,1
201906,SED00576,14
201906,SED00578,24
201906,SED00579,1
201906,SED00581,21
201906,SED00582,6
201906,SED00584,1
201906,SED00587,20
201906,SED00591,15
201906,SED00593,28
201906,SED00595,4
201906,SED00597,12
201907,SED00003,22
201907,SED00005,19
201907,SED00009,18
201907,SED00010,5
201907,SED00011,22
201907,SED00014,1
201907,SED00015,15
201907,SED00018,2
201907,SED00021,17
201907,SED00022,1
201907,SED00024,1
201907,SED00026,17
201907,SED00027,2
201907,SED00029,5
201907,SED00033,1
201907,SED00035,11
201907,SED00036,1
201907,SED00038,21
201907,SED00051,8
201907,SED00052,1
201907,SED00053,1
201907,SED00056,25
201907,SED00060,22
201907,SED00064,15
201907,SED00065,1
201907,SED00067,22
201907,SED00072,2
201907,SED00075,24
201907,SED00077,1
201907,SED00078,7
201907,SED00079,15
201907,SED00081,1
201907,SED00082,14
201907,SED00085,1
201907,SED00087,1
201907,SED00088,12
201907,SED00093,1
201907,SED00095,1
201907,SED00109,1
201907,SED00110,1
201907,SED00111,1
201907,SED00114,10
201907,SED00115,4
201907,SED00116,18
201907,SED00117,6
201907,SED00120,1
201907,SED00121,26
201907,SED00123,15
201907,SED00126,11
201907,SED00127,12
201907,SED00128,4
201907,SED00130,10
201907,SED00131,16
201907,SED00133,5
201907,SED00140,17
201907,SED00142,1
201907,SED00143,10
201907,SED00144,19
201907,SED00146,6
201907,SED00148,26
201907,SED00149,2
201907,SED00152,15
201907,SED00153,19
201907,SED00156,3
201907,SED00158,1
201907,SED00161,17
201907,SED00162,18
201907,SED00165,8
201907,SED00166,22
201907,SED00167,28
201907,SED00169,22
201907,SED00172,1
201907,SED00173,1
201907,SED00174,18
201907,SED00179,1
201907,SED00182,9
201907,SED00185,25
201907,SED00186,1
201907,SED00192,22
201907,SED00193,1
201907,SED00194,17
201907,SED00197,13
201907,SED00199,22
201907,SED00204,25
201907,SED00209,16
201907,SED00210,9
201907,SED00212,16
201907,SED00213,26
201907,SED00216,15
201907,SED00218,10
201907,SED00219,20
201907,SED00220,1
201907,SED00221,29
201907,SED00223,13
201907,SED00225,21
201907,SED00227,7
201907,SED00231,1
201907,SED00232,22
201907,SED00233,14
201907,SED00238,22
201907,SED00240,7
201907,SED00242,1
201907,SED00244,21
201907,SED00245,1
201907,SED00250,1
201907,SED00251,17
201907,SED00252,8
201907,SED00256,1
201907,SED00257,1
201907,SED00259,21
201907,SED00261,17
201907,SED00262,1
201907,SED00263,11
201907,SED00265,12
201907,SED00266,1
201907,SED00269,14
201907,SED00270,8
201907,SED00273,9
201907,SED00274,1
201907,SED00275,8
201907,SED00276,27
201907,SED00279,1
201907,SED00281,1
201907,SED00285,4
201907,SED00287,14
201907,SED00289,1
201907,SED00290,1
201907,SED00294,9
201907,SED00295,17
201907,SED00297,16
201907,SED00299,22
201907,SED00300,9
201907,SED00302,16
201907,SED00304,13
201907,SED00305,22
201907,SED00306,15
201907,SED00307,14
201907,SED00308,19
201907,SED00311,25
201907,SED00312,1
201907,SED00315,1
201907,SED00318,22
201907,SED00327,1
201907,SED00329,1
201907,SED00331,28
201907,SED00332,23
201907,SED00334,1
201907,SED00337,11
201907,SED00338,22
201907,SED00343,14
201907,SED00345,1
201907,SED00350,1
201907,SED00355,10
201907,SED00356,20
201907,SED00367,1
201907,SED00369,21
201907,SED00372,16
201907,SED00374,1
201907,SED00378,1
201907,SED00379,19
201907,SED00380,1
201907,SED00382,1
201907,SED00383,1
201907,SED00390,2
201907,SED00392,2
201907,SED00393,1
201907,SED00394,17
201907,SED00397,12
201907,SED00398,15
201907,SED00401,12
201907,SED00406,20
201907,SED00409,1
201907,SED00411,1
201907,SED00412,18
201907,SED00413,1
201907,SED00416,8
201907,SED00417,1
201907,SED00421,23
201907,SED00425,10
201907,SED00426,1
201907,SED00428,5
201907,SED00430,21
201907,SED00434,22
201907,SED00439,1
201907,SED00441,4
201907,SED00446,14
201907,SED00447,15
201907,SED00448,12
201907,SED00449,28
201907,SED00451,2
201907,SED00453,18
201907,SED00454,21
201907,SED00458,1
201907,SED00460,22
201907,SED00463,26
201907,SED00464,1
201907,SED00467,1
201907,SED00468,15
201907,SED00471,1
201907,SED00472,1
201907,SED00473,6
201907,SED00476,18
201907,SED00477,10
201907,SED00481,20
201907,SED00482,6
201907,SED00483,15
201907,SED00485,15
201907,SED00486,1
201907,SED00487,1
201907,SED00488,16
201907,SED00489,15
201907,SED00490,4
201907,SED00493,1
201907,SED00495,13
201907,SED00497,7
201907,SED00498,17
201907,SED00499,1
201907,SED00500,15
201907,SED00502,1
201907,SED00503,1
201907,SED00504,1
201907,SED00505,1
201907,SED00506,19
201907,SED00511,21
201907,SED00513,1
201907,SED00516,26
201907,SED00519,7
201907,SED00521,16
201907,SED00523,1
201907,SED00527,1
201907,SED00528,8
201907,SED00541,17
201907,SED00542,1
201907,SED00544,17
201907,SED00547,1
201907,SED00548,1
201907,SED00554,11
201907,SED00555,19
201907,SED00556,1
201907,SED00559,2
201907,SED00561,19
201907,SED00565,10
201907,SED00569,14
201907,SED00571,9
201907,SED00572,23
201907,SED00573,22
201907,SED00574,1
201907,SED00576,19
201907,SED00577,1
201907,SED00578,26
201907,SED00581,15
201907,SED00582,6
201907,SED00587,19
201907,SED00588,1
201907,SED00590,1
201907,SED00591,15
201907,SED00593,28
201907,SED00594,1
201907,SED00595,4
201907,SED00597,12
201907,SED00600,2
201908,SED00003,19
201908,SED00005,25
201908,SED00007,1
201908,SED00009,18
201908,SED00010,5
201908,SED00011,21
201908,SED00013,1
201908,SED00015,15
201908,SED00021,18
201908,SED00026,17
201908,SED00027,1
201908,SED00028,1
201908,SED00029,5
201908,SED00031,1
201908,SED00035,11
201908,SED00038,21
201908,SED00040,1
201908,SED00042,1
201908,SED00045,1
201908,SED00047,1
201908,SED00049,1
201908,SED00050,1
201908,SED00051,8
201908,SED00055,1
201908,SED00056,25
201908,SED00058,1
201908,SED00060,23
201908,SED00064,15
201908,SED00066,1
201908,SED00067,24
201908,SED00068,1
201908,SED00073,1
201908,SED00074,1
201908,SED00075,22
201908,SED00076,1
201908,SED00078,7
201908,SED00079,16
201908,SED00080,1
201908,SED00081,2
201908,SED00082,13
201908,SED00085,1
201908,SED00088,13
201908,SED00089,1
201908,SED00090,1
201908,SED00091,1
201908,SED00099,1
201908,SED00100,1
201908,SED00102,2
201908,SED00109,2
201908,SED00114,10
201908,SED00115,4
201908,SED00116,14
201908,SED00117,6
201908,SED00121,25
201908,SED00122,1
201908,SED00123,15
201908,SED00126,11
201908,SED00127,12
201908,SED00128,4
201908,SED00129,1
201908,SED00130,10
201908,SED00131,16
201908,SED00133,5
201908,SED00137,1
201908,SED00140,16
201908,SED00143,9
201908,SED00144,17
201908,SED00146,6
201908,SED00148,26
201908,SED00152,14
201908,SED00153,19
201908,SED00158,1
201908,SED00160,2
201908,SED00161,15
201908,SED00162,20
201908,SED00165,8
201908,SED00166,21
201908,SED00167,28
201908,SED00169,22
201908,SED00173,1
201908,SED00174,19
201908,SED00178,1
201908,SED00181,1
201908,SED00182,9
201908,SED00185,27
201908,SED00192,18
201908,SED00194,14
201908,SED00195,1
201908,SED00196,1
201908,SED00197,16
201908,SED00199,20
201908,SED00200,1
201908,SED00202,1
201908,SED00204,21
201908,SED00208,2
201908,SED00209,16
201908,SED00210,9
201908,SED00212,16
201908,SED00213,24
201908,SED00216,20
201908,SED00217,1
201908,SED00218,10
201908,SED00219,20
201908,SED00221,29
201908,SED00223,13
201908,SED00225,21
201908,SED00227,7
201908,SED00228,1
201908,SED00230,1
201908,SED00232,18
201908,SED00233,14
201908,SED00237,1
201908,SED00238,23
201908,SED00239,1
201908,SED00240,7
201908,SED00242,1
201908,SED00244,18
201908,SED00247,1
201908,SED00251,18
201908,SED00252,8
201908,SED00259,22
201908,SED00261,17
201908,SED00262,2
201908,SED00263,11
201908,SED00265,14
201908,SED00267,1
201908,SED00268,1
201908,SED00269,14
201908,SED00270,8
201908,SED00272,1
201908,SED00273,9
201908,SED00275,8
201908,SED00276,28
201908,SED00278,1
201908,SED00285,4
201908,SED00287,13
201908,SED00292,1
201908,SED00294,9
201908,SED00295,17
201908,SED00297,13
201908,SED00299,23
201908,SED00300,9
201908,SED00302,16
201908,SED00303,1
201908,SED00304,13
201908,SED00305,22
201908,SED00306,15
201908,SED00307,13
201908,SED00308,19
201908,SED00311,25
201908,SED00314,1
201908,SED00315,1
201908,SED00318,23
201908,SED00322,1
201908,SED00323,1
201908,SED00324,1
201908,SED00331,28
201908,SED00332,22
201908,SED00337,11
201908,SED00338,22
201908,SED00340,1
201908,SED00343,14
201908,SED00344,1
201908,SED00348,1
201908,SED00350,1
201908,SED00353,1
201908,SED00355,8
201908,SED00356,18
201908,SED00369,21
201908,SED00370,1
201908,SED00372,16
201908,SED00379,19
201908,SED00393,1
201908,SED00394,17
201908,SED00397,10
201908,SED00398,15
201908,SED00400,1
201908,SED00401,12
201908,SED00402,1
201908,SED00406,20
201908,SED00407,1
201908,SED00412,20
201908,SED00416,8
201908,SED00421,22
201908,SED00425,10
201908,SED00428,5
201908,SED00430,19
201908,SED00431,2
201908,SED00432,1
201908,SED00434,18
201908,SED00441,4
201908,SED00446,14
201908,SED00447,16
201908,SED00448,12
201908,SED00449,29
201908,SED00450,1
201908,SED00453,17
201908,SED00454,19
201908,SED00455,1
201908,SED00459,1
201908,SED00460,21
201908,SED00463,26
201908,SED00464,1
201908,SED00467,1
201908,SED00468,15
201908,SED00473,6
201908,SED00475,2
201908,SED00476,17
201908,SED00477,10
201908,SED00480,2
201908,SED00481,19
201908,SED00482,6
201908,SED00483,15
201908,SED00485,15
201908,SED00488,19
201908,SED00489,14
201908,SED00490,4
201908,SED00493,1
201908,SED00495,13
201908,SED00497,7
201908,SED00498,19
201908,SED00499,1
201908,SED00500,14
201908,SED00502,1
201908,SED00506,20
201908,SED00511,18
201908,SED00516,24
201908,SED00517,1
201908,SED00519,7
201908,SED00521,16
201908,SED00528,8
201908,SED00531,1
201908,SED00538,1
201908,SED00540,1
201908,SED00541,17
201908,SED00544,17
201908,SED00547,1
201908,SED00554,11
201908,SED00555,20
201908,SED00557,1
201908,SED00560,1
201908,SED00561,16
201908,SED00563,1
201908,SED00565,10
201908,SED00569,14
201908,SED00570,1
201908,SED00571,10
201908,SED00572,26
201908,SED00573,23
201908,SED00576,16
201908,SED00578,20
201908,SED00580,1
201908,SED00581,22
201908,SED00582,6
201908,SED00584,1
201908,SED00586,1
201908,SED00587,20
201908,SED00591,15
201908,SED00593,28
201908,SED00595,4
201908,SED00596,1
201908,SED00597,12
201909,SED00002,1
201909,SED00003,16
201909,SED00005,25
201909,SED00007,1
201909,SED00009,18
201909,SED00010,5
201909,SED00011,19
201909,SED00013,1
201909,SED00015,15
201909,SED00021,18
201909,SED00026,17
201909,SED00029,5
201909,SED00034,1
201909,SED00035,11
201909,SED00038,20
201909,SED00042,1
201909,SED00045,1
201909,SED00051,8
201909,SED00053,1
201909,SED00056,25
201909,SED00058,1
201909,SED00060,23
201909,SED00064,15
201909,SED00065,1
201909,SED00067,21
201909,SED00068,1
201909,SED00071,1
201909,SED00075,25
201909,SED00078,7
201909,SED00079,16
201909,SED00082,14
201909,SED00088,11
201909,SED00093,1
201909,SED00096,2
201909,SED00100,1
201909,SED00103,1
201909,SED00114,10
201909,SED00115,4
201909,SED00116,22
201909,SED00117,6
201909,SED00118,1
201909,SED00119,1
201909,SED00120,1
201909,SED00121,27
201909,SED00123,14
201909,SED00126,11
201909,SED00127,12
201909,SED00128,4
201909,SED00130,10
201909,SED00131,16
201909,SED00133,5
201909,SED00136,1
201909,SED00137,1
201909,SED00139,1
201909,SED00140,17
201909,SED00143,10
201909,SED00144,20
201909,SED00146,6
201909,SED00147,1
201909,SED00148,26
201909,SED00149,1
201909,SED00150,1
201909,SED00152,16
201909,SED00153,19
201909,SED00161,15
201909,SED00162,17
201909,SED00165,8
201909,SED00166,22
201909,SED00167,28
201909,SED00169,17
201909,SED00174,19
201909,SED00176,2
201909,SED00180,1
201909,SED00182,9
201909,SED00185,27
201909,SED00186,1
201909,SED00187,1
201909,SED00190,1
201909,SED00192,18
201909,SED00194,12
201909,SED00197,14
201909,SED00199,24
201909,SED00202,1
201909,SED00204,21
201909,SED00208,2
201909,SED00209,15
201909,SED00210,9
201909,SED00212,16
201909,SED00213,26
201909,SED00216,20
201909,SED00217,2
201909,SED00218,10
201909,SED00219,21
201909,SED00221,29
201909,SED00223,13
201909,SED00225,23
201909,SED00227,7
201909,SED00229,1
201909,SED00231,1
201909,SED00232,20
201909,SED00233,14
201909,SED00238,23
201909,SED00240,7
201909,SED00244,20
201909,SED00247,1
201909,SED00250,1
201909,SED00251,18
201909,SED00252,8
201909,SED00253,1
201909,SED00254,1
201909,SED00255,1
201909,SED00256,1
201909,SED00259,24
201909,SED00261,16
201909,SED00263,11
201909,SED00265,15
201909,SED00269,12
201909,SED00270,8
201909,SED00272,1
201909,SED00273,9
201909,SED00275,8
201909,SED00276,27
201909,SED00278,1
201909,SED00283,1
201909,SED00284,1
201909,SED00285,4
201909,SED00287,14
201909,SED00294,9
201909,SED00295,17
201909,SED00297,14
201909,SED00299,27
201909,SED00300,9
201909,SED00302,16
201909,SED00304,13
201909,SED00305,21
201909,SED00306,14
201909,SED00307,16
201909,SED00308,18
201909,SED00311,23
201909,SED00318,22
201909,SED00323,2
201909,SED00331,28
201909,SED00332,24
201909,SED00337,11
201909,SED00338,22
201909,SED00343,11
201909,SED00346,1
201909,SED00351,1
201909,SED00353,1
201909,SED00355,10
201909,SED00356,19
201909,SED00358,1
201909,SED00361,1
201909,SED00367,1
201909,SED00369,21
201909,SED00370,1
201909,SED00371,1
201909,SED00372,16
201909,SED00377,1
201909,SED00378,1
201909,SED00379,18
201909,SED00382,1
201909,SED00386,1
201909,SED00390,2
201909,SED00394,13
201909,SED00396,1
201909,SED00397,13
201909,SED00398,18
201909,SED00399,1
201909,SED00401,12
201909,SED00404,1
201909,SED00405,1
201909,SED00406,20
201909,SED00408,2
201909,SED00412,20
201909,SED00414,2
201909,SED00415,1
201909,SED00416,8
201909,SED00419,1
201909,SED00420,1
201909,SED00421,22
201909,SED00424,2
201909,SED00425,10
201909,SED00427,1
201909,SED00428,5
201909,SED00430,20
201909,SED00434,20
201909,SED00441,4
201909,SED00443,1
201909,SED00446,14
201909,SED00447,16
201909,SED00448,12
201909,SED00449,29
201909,SED00453,18
201909,SED00454,17
201909,SED00460,22
201909,SED00463,26
201909,SED00464,1
201909,SED00468,15
201909,SED00473,6
201909,SED00476,18
201909,SED00477,10
201909,SED00481,21
201909,SED00482,6
201909,SED00483,15
201909,SED00485,11
201909,SED00488,16
201909,SED00489,16
201909,SED00490,4
201909,SED00491,1
201909,SED00492,1
201909,SED00493,1
201909,SED00495,13
201909,SED00497,7
201909,SED00498,17
201909,SED00500,14
201909,SED00503,1
201909,SED00506,19
201909,SED00509,1
201909,SED00511,19
201909,SED00514,1
201909,SED00516,26
201909,SED00517,1
201909,SED00519,7
201909,SED00521,16
201909,SED00528,8
201909,SED00531,1
201909,SED00536,1
201909,SED00539,1
201909,SED00540,1
201909,SED00541,17
201909,SED00544,17
201909,SED00545,2
201909,SED00548,1
201909,SED00552,1
201909,SED00554,11
201909,SED00555,20
201909,SED00561,15
201909,SED00564,1
201909,SED00565,10
201909,SED00566,1
201909,SED00568,1
201909,SED00569,13
201909,SED00571,9
201909,SED00572,26
201909,SED00573,23
201909,SED00575,1
201909,SED00576,17
201909,SED00578,24
201909,SED00581,18
201909,SED00582,6
201909,SED00587,20
201909,SED00589,1
201909,SED00590,2
201909,SED00591,19
201909,SED00593,28
201909,SED00594,1
201909,SED00595,4
201909,SED00597,12
201909,SED00599,1
201909,SED00600,1
201910,SED00003,17
201910,SED00005,21
201910,SED00009,18
201910,SED00010,5
201910,SED00011,19
201910,SED00015,15
201910,SED00021,17
201910,SED00023,1
201910,SED00026,18
201910,SED00027,1
201910,SED00029,5
201910,SED00033,1
201910,SED00035,11
201910,SED00037,1
201910,SED00038,18
201910,SED00044,1
201910,SED00047,1
201910,SED00051,8
201910,SED00053,1
201910,SED00056,23
201910,SED00057,1
201910,SED00059,1
201910,SED00060,23
201910,SED00064,14
201910,SED00067,24
201910,SED00068,1
201910,SED00070,1
201910,SED00074,1
201910,SED00075,25
201910,SED00076,1
201910,SED00078,7
201910,SED00079,15
201910,SED00082,14
201910,SED00088,12
201910,SED00095,1
201910,SED00111,1
201910,SED00114,9
201910,SED00115,4
201910,SED00116,19
201910,SED00117,6
201910,SED00118,1
201910,SED00120,1
201910,SED00121,26
201910,SED00123,15
201910,SED00126,11
201910,SED00127,12
201910,SED00128,4
201910,SED00130,10
201910,SED00131,16
201910,SED00132,1
201910,SED00133,5
201910,SED00136,1
201910,SED00139,1
201910,SED00140,16
201910,SED00143,10
201910,SED00144,19
201910,SED00146,6
201910,SED00148,26
201910,SED00152,14
201910,SED00153,18
201910,SED00155,1
201910,SED00161,17
201910,SED00162,19
201910,SED00165,8
201910,SED00166,21
201910,SED00167,28
201910,SED00168,1
201910,SED00169,21
201910,SED00172,1
201910,SED00173,1
201910,SED00174,14
201910,SED00177,1
201910,SED00179,1
201910,SED00181,1
201910,SED00182,9
201910,SED00185,27
201910,SED00189,1
201910,SED00191,1
201910,SED00192,22
201910,SED00194,16
201910,SED00195,1
201910,SED00197,16
201910,SED00199,20
201910,SED00201,1
201910,SED00204,23
201910,SED00205,2
201910,SED00209,14
201910,SED00210,9
201910,SED00211,1
201910,SED00212,16
201910,SED00213,26
201910,SED00215,1
201910,SED00216,20
201910,SED00218,10
201910,SED00219,20
201910,SED00221,28
201910,SED00223,13
201910,SED00225,20
201910,SED00227,7
201910,SED00232,19
201910,SED00233,15
201910,SED00235,1
201910,SED00236,1
201910,SED00238,23
201910,SED00239,1
201910,SED00240,7
201910,SED00244,19
201910,SED00251,17
201910,SED00252,8
201910,SED00255,1
201910,SED00257,1
201910,SED00259,21
201910,SED00261,15
201910,SED00263,11
201910,SED00264,1
201910,SED00265,13
201910,SED00266,1
201910,SED00269,14
201910,SED00270,7
201910,SED00273,9
201910,SED00275,8
201910,SED00276,27
201910,SED00281,1
201910,SED00285,4
201910,SED00287,14
201910,SED00294,9
201910,SED00295,17
201910,SED00297,14
201910,SED00299,26
201910,SED00300,9
201910,SED00302,16
201910,SED00304,13
201910,SED00305,21
201910,SED00306,15
201910,SED00307,15
201910,SED00308,19
201910,SED00311,24
201910,SED00318,19
201910,SED00326,1
201910,SED00328,1
201910,SED00331,28
201910,SED00332,17
201910,SED00334,1
201910,SED00336,1
201910,SED00337,11
201910,SED00338,23
201910,SED00339,1
201910,SED00341,1
201910,SED00343,13
201910,SED00344,1
201910,SED00355,10
201910,SED00356,19
201910,SED00357,1
201910,SED00359,1
201910,SED00363,1
201910,SED00364,2
201910,SED00369,20
201910,SED00370,1
201910,SED00372,16
201910,SED00376,2
201910,SED00377,1
201910,SED00379,19
201910,SED00381,1
201910,SED00384,1
201910,SED00387,1
201910,SED00389,1
201910,SED00394,15
201910,SED00397,10
201910,SED00398,16
201910,SED00401,12
201910,SED00406,20
201910,SED00410,2
201910,SED00412,18
201910,SED00413,1
201910,SED00416,8
201910,SED00421,23
201910,SED00425,10
201910,SED00427,1
201910,SED00428,5
201910,SED00430,24
201910,SED00434,22
201910,SED00441,4
201910,SED00442,1
201910,SED00443,1
201910,SED00446,14
201910,SED00447,16
201910,SED00448,12
201910,SED00449,29
201910,SED00451,1
201910,SED00453,18
201910,SED00454,13
201910,SED00456,1
201910,SED00460,22
201910,SED00463,26
201910,SED00465,1
201910,SED00468,15
201910,SED00473,6
201910,SED00476,19
201910,SED00477,10
201910,SED00478,1
201910,SED00481,19
201910,SED00482,6
201910,SED00483,14
201910,SED00485,12
201910,SED00488,19
201910,SED00489,15
201910,SED00490,4
201910,SED00491,1
201910,SED00495,13
201910,SED00497,7
201910,SED00498,18
201910,SED00500,15
201910,SED00504,1
201910,SED00505,1
201910,SED00506,20
201910,SED00511,19
201910,SED00513,1
201910,SED00515,1
201910,SED00516,24
201910,SED00519,7
201910,SED00520,1
201910,SED00521,16
201910,SED00526,2
201910,SED00527,2
201910,SED00528,8
201910,SED00537,2
201910,SED00539,1
201910,SED00541,16
201910,SED00542,2
201910,SED00544,17
201910,SED00547,1
201910,SED00554,11
201910,SED00555,20
201910,SED00557,1
201910,SED00561,18
201910,SED00565,10
201910,SED00569,12
201910,SED00571,10
201910,SED00572,25
201910,SED00573,22
201910,SED00576,17
201910,SED00578,27
201910,SED00581,20
201910,SED00582,6
201910,SED00587,18
201910,SED00591,16
201910,SED00593,28
201910,SED00594,1
201910,SED00595,4
201910,SED00596,1
201910,SED00597,12
201911,SED00003,20
201911,SED00005,25
201911,SED00006,1
201911,SED00007,2
201911,SED00009,18
201911,SED00010,5
201911,SED00011,20
201911,SED00015,15
201911,SED00021,18
201911,SED00022,1
201911,SED00025,1
201911,SED00026,18
201911,SED00029,5
201911,SED00034,1
201911,SED00035,11
201911,SED00036,1
201911,SED00038,21
201911,SED00041,1
201911,SED00042,1
201911,SED00050,1
201911,SED00051,8
201911,SED00054,1
201911,SED00056,27
201911,SED00057,1
201911,SED00058,1
201911,SED00059,1
201911,SED00060,23
201911,SED00062,1
201911,SED00064,15
201911,SED00066,2
201911,SED00067,26
201911,SED00071,1
201911,SED00074,1
201911,SED00075,25
201911,SED00077,1
201911,SED00078,7
201911,SED00079,15
201911,SED00080,1
201911,SED00082,14
201911,SED00085,2
201911,SED00088,13
201911,SED00094,1
201911,SED00101,1
201911,SED00103,1
201911,SED00114,10
201911,SED00115,4
201911,SED00116,16
201911,SED00117,6
201911,SED00118,1
201911,SED00121,25
201911,SED00123,15
201911,SED00125,1
201911,SED00126,11
201911,SED00127,12
201911,SED00128,4
201911,SED00129,1
201911,SED00130,10
201911,SED00131,16
201911,SED00132,1
201911,SED00133,5
201911,SED00140,17
201911,SED00143,10
201911,SED00144,20
201911,SED00146,6
201911,SED00147,1
201911,SED00148,26
201911,SED00150,1
201911,SED00151,1
201911,SED00152,15
201911,SED00153,19
201911,SED00154,1
201911,SED00155,1
201911,SED00159,2
201911,SED00160,1
201911,SED00161,16
201911,SED00162,21
201911,SED00163,1
201911,SED00165,8
201911,SED00166,22
201911,SED00167,28
201911,SED00169,23
201911,SED00172,2
201911,SED00174,19
201911,SED00182,9
201911,SED00185,27
201911,SED00191,1
201911,SED00192,21
201911,SED00194,16
201911,SED00197,13
201911,SED00199,20
201911,SED00200,1
201911,SED00204,21
201911,SED00208,1
201911,SED00209,15
201911,SED00210,9
201911,SED00212,16
201911,SED00213,27
201911,SED00216,20
201911,SED00218,10
201911,SED00219,22
201911,SED00221,29
201911,SED00223,13
201911,SED00225,22
201911,SED00227,7
201911,SED00228,1
201911,SED00230,1
201911,SED00232,21
201911,SED00233,15
201911,SED00238,22
201911,SED00240,7
201911,SED00242,1
201911,SED00244,19
201911,SED00246,1
201911,SED00248,1
201911,SED00251,18
201911,SED00252,8
201911,SED00259,24
201911,SED00261,13
201911,SED00263,11
201911,SED00265,13
201911,SED00267,1
201911,SED00269,14
201911,SED00270,8
201911,SED00273,9
201911,SED00275,8
201911,SED00276,27
201911,SED00277,1
201911,SED00281,2
201911,SED00285,4
201911,SED00286,1
201911,SED00287,14
201911,SED00288,1
201911,SED00289,1
201911,SED00293,1
201911,SED00294,9
201911,SED00295,17
201911,SED00296,1
201911,SED00297,16
201911,SED00299,25
201911,SED00300,9
201911,SED00302,16
201911,SED00304,13
201911,SED00305,22
201911,SED00306,15
201911,SED00307,16
201911,SED00308,18
201911,SED00309,1
201911,SED00311,24
201911,SED00317,1
201911,SED00318,21
201911,SED00319,1
201911,SED00322,1
201911,SED00331,28
201911,SED00332,20
201911,SED00337,11
201911,SED00338,23
201911,SED00343,11
201911,SED00346,1
201911,SED00351,1
201911,SED00355,9
201911,SED00356,18
201911,SED00358,1
201911,SED00369,21
201911,SED00370,1
201911,SED00372,16
201911,SED00377,1
201911,SED00379,19
201911,SED00380,1
201911,SED00381,1
201911,SED00391,1
201911,SED00394,16
201911,SED00397,12
201911,SED00398,14
201911,SED00401,12
201911,SED00402,1
201911,SED00404,1
201911,SED00406,19
201911,SED00408,2
201911,SED00412,20
201911,SED00416,8
201911,SED00421,26
201911,SED00424,1
201911,SED00425,10
201911,SED00428,5
201911,SED00430,20
201911,SED00434,19
201911,SED00437,1
201911,SED00438,1
201911,SED00441,4
201911,SED00446,14
201911,SED00447,16
201911,SED00448,12
201911,SED00449,29
201911,SED00450,1
201911,SED00452,1
201911,SED00453,18
201911,SED00454,18
201911,SED00457,1
201911,SED00459,1
201911,SED00460,21
201911,SED00463,26
201911,SED00468,15
201911,SED00470,1
201911,SED00471,1
201911,SED00472,1
201911,SED00473,6
201911,SED00476,20
201911,SED00477,10
201911,SED00481,18
201911,SED00482,6
201911,SED00483,15
201911,SED00485,15
201911,SED00488,19
201911,SED00489,17
201911,SED00490,4
201911,SED00492,1
201911,SED00493,1
201911,SED00495,13
201911,SED00497,7
201911,SED00498,16
201911,SED00500,14
201911,SED00504,1
201911,SED00506,21
201911,SED00511,18
201911,SED00513,1
201911,SED00515,1
201911,SED00516,25
201911,SED00519,7
201911,SED00521,16
201911,SED00525,1
201911,SED00527,1
201911,SED00528,8
201911,SED00541,16
201911,SED00542,1
201911,SED00544,17
201911,SED00553,1
201911,SED00554,11
201911,SED00555,19
201911,SED00556,2
201911,SED00559,1
201911,SED00561,12
201911,SED00564,1
201911,SED00565,10
201911,SED00569,11
201911,SED00571,10
201911,SED00572,25
201911,SED00573,22
201911,SED00576,15
201911,SED00578,26
201911,SED00580,1
201911,SED00581,19
201911,SED00582,6
201911,SED00584,3
201911,SED00586,1
201911,SED00587,17
201911,SED00591,17
201911,SED00592,1
201911,SED00593,28
201911,SED00594,1
201911,SED00595,4
201911,SED00597,12
201911,SED00599,2
201912,SED00001,1
201912,SED00003,19
201912,SED00005,24
201912,SED00009,18
201912,SED00010,5
201912,SED00011,20
201912,SED00015,15
201912,SED00020,1
201912,SED00021,18
201912,SED00026,18
201912,SED00027,1
201912,SED00029,5
201912,SED00030,2
201912,SED00034,1
201912,SED00035,10
201912,SED00038,15
201912,SED00039,1
201912,SED00040,1
201912,SED00041,1
201912,SED00046,2
201912,SED00049,1
201912,SED00051,8
201912,SED00054,1
201912,SED00056,25
201912,SED00060,22
201912,SED00061,1
201912,SED00064,14
201912,SED00066,2
201912,SED00067,23
201912,SED00073,1
201912,SED00075,24
201912,SED00076,1
201912,SED00078,7
201912,SED00079,16
201912,SED00080,1
201912,SED00082,14
201912,SED00086,1
201912,SED00087,2
201912,SED00088,11
201912,SED00092,1
201912,SED00097,1
201912,SED00098,2
201912,SED00100,1
201912,SED00102,1
201912,SED00106,1
201912,SED00109,1
201912,SED00110,1
201912,SED00112,1
201912,SED00114,10
201912,SED00115,4
201912,SED00116,20
201912,SED00117,6
201912,SED00121,27
201912,SED00123,15
201912,SED00124,1
201912,SED00125,1
201912,SED00126,10
201912,SED00127,12
201912,SED00128,4
201912,SED00129,1
201912,SED00130,9
201912,SED00131,16
201912,SED00133,5
201912,SED00136,1
201912,SED00137,1
201912,SED00140,16
201912,SED00143,10
201912,SED00144,20
201912,SED00146,6
201912,SED00148,26
201912,SED00151,1
201912,SED00152,13
201912,SED00153,19
201912,SED00155,1
201912,SED00158,1
201912,SED00160,1
201912,SED00161,15
201912,SED00162,17
201912,SED00164,1
201912,SED00165,8
201912,SED00166,22
201912,SED00167,28
201912,SED00169,25
201912,SED00171,1
201912,SED00174,22
201912,SED00175,1
201912,SED00176,1
201912,SED00178,1
201912,SED00179,1
201912,SED00180,1
201912,SED00181,1
201912,SED00182,9
201912,SED00185,27
201912,SED00191,1
201912,SED00192,22
201912,SED00194,18
201912,SED00197,14
201912,SED00199,21
201912,SED00200,1
201912,SED00201,1
201912,SED00204,21
201912,SED00209,15
201912,SED00210,9
201912,SED00211,1
201912,SED00212,15
201912,SED00213,27
201912,SED00216,22
201912,SED00218,10
201912,SED00219,22
201912,SED00220,1
201912,SED00221,29
201912,SED00223,13
201912,SED00224,1
201912,SED00225,19
201912,SED00227,7
201912,SED00229,1
201912,SED00231,1
201912,SED00232,20
201912,SED00233,13
201912,SED00238,22
201912,SED00240,7
201912,SED00242,2
201912,SED00244,19
201912,SED00247,1
201912,SED00250,1
201912,SED00251,18
201912,SED00252,8
201912,SED00259,23
201912,SED00261,17
201912,SED00263,11
201912,SED00265,16
201912,SED00267,2
201912,SED00269,14
201912,SED00270,8
201912,SED00271,1
201912,SED00272,2
201912,SED00273,9
201912,SED00274,1
201912,SED00275,8
201912,SED00276,27
201912,SED00282,1
201912,SED00285,4
201912,SED00287,13
201912,SED00294,9
201912,SED00295,16
201912,SED00297,15
201912,SED00299,26
201912,SED00300,9
201912,SED00302,16
201912,SED00304,13
201912,SED00305,22
201912,SED00306,15
201912,SED00307,10
201912,SED00308,18
201912,SED00311,21
201912,SED00312,1
201912,SED00314,1
201912,SED00318,21
201912,SED00326,1
201912,SED00331,27
201912,SED00332,19
201912,SED00333,1
201912,SED00337,10
201912,SED00338,23
201912,SED00342,1
201912,SED00343,13
201912,SED00346,1
201912,SED00347,1
201912,SED00353,1
201912,SED00354,1
201912,SED00355,10
201912,SED00356,19
201912,SED00359,1
201912,SED00360,1
201912,SED00368,2
201912,SED00369,21
201912,SED00372,16
201912,SED00374,1
201912,SED00377,1
201912,SED00378,1
201912,SED00379,19
201912,SED00384,1
201912,SED00394,17
201912,SED00397,10
201912,SED00398,15
201912,SED00401,12
201912,SED00406,20
201912,SED00408,2
201912,SED00412,20
201912,SED00416,8
201912,SED00421,24
201912,SED00425,10
201912,SED00427,1
201912,SED00428,5
201912,SED00430,22
201912,SED00431,2
201912,SED00434,20
201912,SED00436,1
201912,SED00438,1
201912,SED00441,4
201912,SED00446,13
201912,SED00447,16
201912,SED00448,12
201912,SED00449,29
201912,SED00451,1
201912,SED00452,1
201912,SED00453,18
201912,SED00454,18
201912,SED00460,20
201912,SED00463,26
201912,SED00468,15
201912,SED00469,2
201912,SED00473,6
201912,SED00476,18
201912,SED00477,10
201912,SED00481,19
201912,SED00482,6
201912,SED00483,15
201912,SED00484,1
201912,SED00485,17
201912,SED00488,17
201912,SED00489,14
201912,SED00490,4
201912,SED00494,1
201912,SED00495,13
201912,SED00497,7
201912,SED00498,20
201912,SED00499,1
201912,SED00500,13
201912,SED00504,1
201912,SED00506,22
201912,SED00511,22
201912,SED00516,23
201912,SED00519,7
201912,SED00521,16
201912,SED00523,1
201912,SED00524,1
201912,SED00526,1
201912,SED00527,1
201912,SED00528,8
201912,SED00534,2
201912,SED00536,1
201912,SED00541,16
201912,SED00543,1
201912,SED00544,17
201912,SED00554,11
201912,SED00555,21
201912,SED00557,1
201912,SED00561,20
201912,SED00562,1
201912,SED00564,2
201912,SED00565,10
201912,SED00569,12
201912,SED00571,9
201912,SED00572,27
201912,SED00573,22
201912,SED00574,1
201912,SED00575,1
201912,SED00576,16
201912,SED00578,25
201912,SED00581,22
201912,SED00582,6
201912,SED00583,1
201912,SED00587,18
201912,SED00591,16
201912,SED00593,28
201912,SED00595,4
201912,SED00597,12
201912,SED00598,1
201912,SED00600,1
202001,SED00003,18
202001,SED00004,1
202001,SED00005,23
202001,SED00009,18
202001,SED00010,5
202001,SED00011,18
202001,SED00014,1
202001,SED00015,15
202001,SED00017,1
202001,SED00018,1
202001,SED00021,17
202001,SED00026,15
202001,SED00029,5
202001,SED00035,11
202001,SED00038,23
202001,SED00040,1
202001,SED00051,8
202001,SED00052,1
202001,SED00053,1
202001,SED00056,27
202001,SED00060,23
202001,SED00064,15
202001,SED00065,1
202001,SED00067,25
202001,SED00069,1
202001,SED00070,1
202001,SED00074,1
202001,SED00075,25
202001,SED00078,7
202001,SED00079,16
202001,SED00082,14
202001,SED00088,12
202001,SED00089,1
202001,SED00092,1
202001,SED00095,1
202001,SED00096,1
202001,SED00108,1
202001,SED00110,1
202001,SED00114,10
202001,SED00115,4
202001,SED00116,21
202001,SED00117,6
202001,SED00121,25
202001,SED00123,15
202001,SED00126,11
202001,SED00127,12
202001,SED00128,4
202001,SED00130,7
202001,SED00131,16
202001,SED00133,5
202001,SED00140,16
202001,SED00143,10
202001,SED00144,20
202001,SED00146,6
202001,SED00147,1
202001,SED00148,26
202001,SED00152,16
202001,SED00153,19
202001,SED00157,1
202001,SED00161,17
202001,SED00162,21
202001,SED00163,1
202001,SED00165,8
202001,SED00166,23
202001,SED00167,28
202001,SED00169,14
202001,SED00174,16
202001,SED00176,1
202001,SED00182,9
202001,SED00185,27
202001,SED00188,1
202001,SED00190,2
202001,SED00192,21
202001,SED00194,14
202001,SED00197,16
202001,SED00199,15
202001,SED00204,25
202001,SED00209,14
202001,SED00210,9
202001,SED00212,16
202001,SED00213,26
202001,SED00216,17
202001,SED00218,10
202001,SED00219,22
202001,SED00221,29
202001,SED00223,13
202001,SED00225,24
202001,SED00227,7
202001,SED00232,18
202001,SED00233,15
202001,SED00236,1
202001,SED00238,23
202001,SED00240,7
202001,SED00244,22
202001,SED00251,18
202001,SED00252,8
202001,SED00255,1
202001,SED00256,1
202001,SED00257,2
202001,SED00259,24
202001,SED00261,16
202001,SED00262,2
202001,SED00263,11
202001,SED00265,13
202001,SED00269,13
202001,SED00270,8
202001,SED00273,9
202001,SED00275,8
202001,SED00276,28
202001,SED00284,1
202001,SED00285,4
202001,SED00286,1
202001,SED00287,14
202001,SED00288,1
202001,SED00293,1
202001,SED00294,9
202001,SED00295,17
202001,SED00297,12
202001,SED00299,27
202001,SED00300,9
202001,SED00302,16
202001,SED00304,12
202001,SED00305,23
202001,SED00306,15
202001,SED00307,13
202001,SED00308,17
202001,SED00311,20
202001,SED00312,1
202001,SED00315,1
202001,SED00318,23
202001,SED00325,2
202001,SED00329,1
202001,SED00331,28
202001,SED00332,23
202001,SED00334,1
202001,SED00336,1
202001,SED00337,11
202001,SED00338,23
202001,SED00343,15
202001,SED00344,1
202001,SED00354,1
202001,SED00355,10
202001,SED00356,20
202001,SED00359,1
202001,SED00366,1
202001,SED00367,1
202001,SED00368,1
202001,SED00369,21
202001,SED00371,1
202001,SED00372,16
202001,SED00379,18
202001,SED00393,1
202001,SED00394,17
202001,SED00396,1
202001,SED00397,11
202001,SED00398,14
202001,SED00401,12
202001,SED00406,20
202001,SED00407,1
202001,SED00412,19
202001,SED00416,8
202001,SED00421,19
202001,SED00423,1
202001,SED00425,10
202001,SED00428,5
202001,SED00430,20
202001,SED00434,23
202001,SED00441,4
202001,SED00444,1
202001,SED00446,14
202001,SED00447,15
202001,SED00448,12
202001,SED00449,29
202001,SED00453,18
202001,SED00454,18
202001,SED00455,1
202001,SED00457,1
202001,SED00460,21
202001,SED00463,26
202001,SED00465,1
202001,SED00467,1
202001,SED00468,15
202001,SED00471,2
202001,SED00472,1
202001,SED00473,6
202001,SED00476,17
202001,SED00477,10
202001,SED00478,1
202001,SED00481,20
202001,SED00482,6
202001,SED00483,15
202001,SED00484,2
202001,SED00485,13
202001,SED00487,1
202001,SED00488,17
202001,SED00489,14
202001,SED00490,4
202001,SED00492,1
202001,SED00495,13
202001,SED00497,7
202001,SED00498,19
202001,SED00500,14
202001,SED00501,1
202001,SED00503,1
202001,SED00505,1
202001,SED00506,21
202001,SED00507,1
202001,SED00511,17
202001,SED00515,1
202001,SED00516,26
202001,SED00517,1
202001,SED00519,7
202001,SED00521,16
202001,SED00527,1
202001,SED00528,8
202001,SED00529,1
202001,SED00530,1
202001,SED00532,1
202001,SED00534,1
202001,SED00541,17
202001,SED00542,2
202001,SED00544,16
202001,SED00547,1
202001,SED00548,1
202001,SED00554,11
202001,SED00555,19
202001,SED00557,1
202001,SED00561,20
202001,SED00565,10
202001,SED00566,1
202001,SED00567,1
202001,SED00568,2
202001,SED00569,14
202001,SED00571,10
202001,SED00572,24
202001,SED00573,22
202001,SED00574,1
202001,SED00575,1
202001,SED00576,19
202001,SED00578,25
202001,SED00579,1
202001,SED00580,1
202001,SED00581,18
202001,SED00582,6
202001,SED00586,2
202001,SED00587,18
202001,SED00588,1
202001,SED00589,1
202001,SED00591,16
202001,SED00593,28
202001,SED00594,1
202001,SED00595,4
202001,SED00597,12
202001,SED00598,1
202002,SED00003,18
202002,SED00005,21
202002,SED00009,18
202002,SED00010,5
202002,SED00011,20
202002,SED00015,15
202002,SED00021,18
202002,SED00026,16
202002,SED00027,1
202002,SED00029,5
202002,SED00035,11
202002,SED00036,1
202002,SED00037,1
202002,SED00038,19
202002,SED00047,1
202002,SED00051,8
202002,SED00056,27
202002,SED00060,22
202002,SED00064,15
202002,SED00065,1
202002,SED00067,26
202002,SED00068,1
202002,SED00075,22
202002,SED00078,7
202002,SED00079,15
202002,SED00082,13
202002,SED00085,1
202002,SED00088,10
202002,SED00090,1
202002,SED00093,1
202002,SED00098,1
202002,SED00100,1
202002,SED00106,1
202002,SED00108,1
202002,SED00114,10
202002,SED00115,4
202002,SED00116,21
202002,SED00117,6
202002,SED00118,1
202002,SED00121,24
202002,SED00123,15
202002,SED00126,11
202002,SED00127,12
202002,SED00128,4
202002,SED00129,1
202002,SED00130,9
202002,SED00131,16
202002,SED00132,1
202002,SED00133,5
202002,SED00140,17
202002,SED00143,10
202002,SED00144,19
202002,SED00146,6
202002,SED00148,26
202002,SED00149,1
202002,SED00152,10
202002,SED00153,18
202002,SED00157,1
202002,SED00161,15
202002,SED00162,16
202002,SED00165,8
202002,SED00166,23
202002,SED00167,28
202002,SED00169,18
202002,SED00172,1
202002,SED00174,14
202002,SED00176,1
202002,SED00177,1
202002,SED00178,1
202002,SED00179,2
202002,SED00182,9
202002,SED00185,27
202002,SED00187,1
202002,SED00192,23
202002,SED00193,1
202002,SED00194,16
202002,SED00196,1
202002,SED00197,13
202002,SED00199,21
202002,SED00201,1
202002,SED00204,22
202002,SED00209,16
202002,SED00210,9
202002,SED00212,16
202002,SED00213,27
202002,SED00214,1
202002,SED00215,1
202002,SED00216,18
202002,SED00218,10
202002,SED00219,20
202002,SED00221,28
202002,SED00222,1
202002,SED00223,13
202002,SED00225,20
202002,SED00227,7
202002,SED00232,19
202002,SED00233,15
202002,SED00238,21
202002,SED00240,7
202002,SED00241,2
202002,SED00244,19
202002,SED00251,18
202002,SED00252,8
202002,SED00256,1
202002,SED00258,1
202002,SED00259,25
202002,SED00261,16
202002,SED00262,1
202002,SED00263,11
202002,SED00264,1
202002,SED00265,15
202002,SED00269,14
202002,SED00270,8
202002,SED00273,9
202002,SED00274,1
202002,SED00275,8
202002,SED00276,27
202002,SED00279,1
202002,SED00285,4
202002,SED00287,14
202002,SED00291,1
202002,SED00293,1
202002,SED00294,9
202002,SED00295,17
202002,SED00296,1
202002,SED00297,14
202002,SED00299,26
202002,SED00300,9
202002,SED00302,16
202002,SED00304,12
202002,SED00305,23
202002,SED00306,15
202002,SED00307,15
202002,SED00308,18
202002,SED00310,1
202002,SED00311,23
202002,SED00315,1
202002,SED00318,21
202002,SED00320,1
202002,SED00321,1
202002,SED00322,1
202002,SED00325,1
202002,SED00326,2
202002,SED00329,3
202002,SED00331,28
202002,SED00332,21
202002,SED00333,2
202002,SED00336,1
202002,SED00337,11
202002,SED00338,22
202002,SED00340,1
202002,SED00343,15
202002,SED00345,1
202002,SED00346,1
202002,SED00347,1
202002,SED00351,1
202002,SED00352,1
202002,SED00355,10
202002,SED00356,20
202002,SED00359,1
202002,SED00362,1
202002,SED00365,1
202002,SED00369,21
202002,SED00372,16
202002,SED00373,1
202002,SED00374,2
202002,SED00379,19
202002,SED00382,1
202002,SED00383,1
202002,SED00387,1
202002,SED00389,1
202002,SED00392,1
202002,SED00394,16
202002,SED00397,12
202002,SED00398,17
202002,SED00400,1
202002,SED00401,11
202002,SED00403,1
202002,SED00406,20
202002,SED00409,1
202002,SED00412,20
202002,SED00416,8
202002,SED00418,1
202002,SED00421,23
202002,SED00422,1
202002,SED00424,1
202002,SED00425,10
202002,SED00427,1
202002,SED00428,5
202002,SED00429,1
202002,SED00430,16
202002,SED00432,1
202002,SED00433,1
202002,SED00434,21
202002,SED00438,2
202002,SED00440,2
202002,SED00441,4
202002,SED00442,1
202002,SED00446,14
202002,SED00447,16
202002,SED00448,12
202002,SED00449,29
202002,SED00450,1
202002,SED00453,18
202002,SED00454,18
202002,SED00459,1
202002,SED00460,21
202002,SED00462,1
202002,SED00463,26
202002,SED00468,15
202002,SED00472,1
202002,SED00473,6
202002,SED00475,1
202002,SED00476,20
202002,SED00477,10
202002,SED00478,2
202002,SED00481,19
202002,SED00482,6
202002,SED00483,15
202002,SED00485,12
202002,SED00488,17
202002,SED00489,13
202002,SED00490,4
202002,SED00495,12
202002,SED00497,7
202002,SED00498,20
202002,SED00500,14
202002,SED00504,1
202002,SED00506,20
202002,SED00510,1
202002,SED00511,22
202002,SED00516,23
202002,SED00518,1
202002,SED00519,7
202002,SED00521,16
202002,SED00523,1
202002,SED00528,8
202002,SED00530,1
202002,SED00533,1
202002,SED00534,1
202002,SED00541,17
202002,SED00544,16
202002,SED00546,1
202002,SED00549,1
202002,SED00554,11
202002,SED00555,22
202002,SED00561,19
202002,SED00565,10
202002,SED00566,2
202002,SED00569,12
202002,SED00571,10
202002,SED00572,26
202002,SED00573,22
202002,SED00576,15
202002,SED00577,1
202002,SED00578,22
202002,SED00581,17
202002,SED00582,6
202002,SED00583,1
202002,SED00587,20
202002,SED00591,16
202002,SED00593,28
202002,SED00595,4
202002,SED00597,12
202003,SED00002,1
202003,SED00003,17
202003,SED00005,21
202003,SED00008,1
202003,SED00009,18
202003,SED00010,5
202003,SED00011,16
202003,SED00013,1
202003,SED00015,15
202003,SED00020,1
202003,SED00021,18
202003,SED00026,17
202003,SED00029,5
202003,SED00030,1
202003,SED00035,10
202003,SED00038,18
202003,SED00041,1
202003,SED00042,2
202003,SED00051,8
202003,SED00056,25
202003,SED00059,1
202003,SED00060,21
202003,SED00063,1
202003,SED00064,15
202003,SED00067,21
202003,SED00071,1
202003,SED00075,25
202003,SED00078,7
202003,SED00079,14
202003,SED00081,1
202003,SED00082,13
202003,SED00086,2
202003,SED00088,13
202003,SED00092,1
202003,SED00094,1
202003,SED00103,1
202003,SED00114,9
202003,SED00115,4
202003,SED00116,19
202003,SED00117,6
202003,SED00121,27
202003,SED00123,15
202003,SED00125,1
202003,SED00126,11
202003,SED00127,12
202003,SED00128,4
202003,SED00130,10
202003,SED00131,16
202003,SED00132,1
202003,SED00133,5
202003,SED00140,17
202003,SED00143,10
202003,SED00144,20
202003,SED00146,6
202003,SED00148,26
202003,SED00152,13
202003,SED00153,18
202003,SED00155,1
202003,SED00156,1
202003,SED00158,1
202003,SED00161,15
202003,SED00162,18
202003,SED00165,8
202003,SED00166,23
202003,SED00167,28
202003,SED00169,22
202003,SED00170,1
202003,SED00171,2
202003,SED00174,19
202003,SED00175,1
202003,SED00178,1
202003,SED00179,1
202003,SED00182,9
202003,SED00185,27
202003,SED00189,1
202003,SED00190,1
202003,SED00192,19
202003,SED00194,17
202003,SED00196,1
202003,SED00197,14
202003,SED00198,1
202003,SED00199,18
202003,SED00204,21
202003,SED00208,3
202003,SED00209,16
202003,SED00210,9
202003,SED00212,16
202003,SED00213,26
202003,SED00216,17
202003,SED00218,10
202003,SED00219,22
202003,SED00221,29
202003,SED00223,13
202003,SED00225,20
202003,SED00227,7
202003,SED00228,1
202003,SED00230,1
202003,SED00232,18
202003,SED00233,15
202003,SED00238,21
202003,SED00240,7
202003,SED00244,18
202003,SED00248,2
202003,SED00251,18
202003,SED00252,8
202003,SED00257,1
202003,SED00259,23
202003,SED00261,13
202003,SED00263,11
202003,SED00265,13
202003,SED00269,14
202003,SED00270,8
202003,SED00273,9
202003,SED00275,8
202003,SED00276,25
202003,SED00278,1
202003,SED00279,2
202003,SED00282,1
202003,SED00284,1
202003,SED00285,4
202003,SED00287,14
202003,SED00294,9
202003,SED00295,17
202003,SED00296,1
202003,SED00297,11
202003,SED00299,24
202003,SED00300,9
202003,SED00302,15
202003,SED00304,12
202003,SED00305,22
202003,SED00306,15
202003,SED00307,14
202003,SED00308,18
202003,SED00311,25
202003,SED00314,2
202003,SED00318,24
202003,SED00325,1
202003,SED00331,27
202003,SED00332,21
202003,SED00337,11
202003,SED00338,23
202003,SED00343,14
202003,SED00344,1
202003,SED00345,1
202003,SED00350,1
202003,SED00355,10
202003,SED00356,17
202003,SED00358,1
202003,SED00365,1
202003,SED00369,21
202003,SED00372,16
202003,SED00376,1
202003,SED00378,1
202003,SED00379,19
202003,SED00389,1
202003,SED00394,16
202003,SED00397,14
202003,SED00398,15
202003,SED00401,12
202003,SED00406,20
202003,SED00407,1
202003,SED00412,19
202003,SED00416,8
202003,SED00418,2
202003,SED00419,1
202003,SED00421,19
202003,SED00425,10
202003,SED00427,1
202003,SED00428,5
202003,SED00430,19
202003,SED00433,1
202003,SED00434,17
202003,SED00439,1
202003,SED00440,1
202003,SED00441,4
202003,SED00442,2
202003,SED00446,14
202003,SED00447,16
202003,SED00448,12
202003,SED00449,28
202003,SED00450,1
202003,SED00453,18
202003,SED00454,15
202003,SED00455,1
202003,SED00457,3
202003,SED00459,1
202003,SED00460,22
202003,SED00461,1
202003,SED00463,26
202003,SED00465,1
202003,SED00468,15
202003,SED00473,6
202003,SED00474,1
202003,SED00476,20
202003,SED00477,10
202003,SED00481,19
202003,SED00482,6
202003,SED00483,15
202003,SED00484,1
202003,SED00485,14
202003,SED00486,1
202003,SED00488,16
202003,SED00489,15
202003,SED00490,4
202003,SED00495,13
202003,SED00497,7
202003,SED00498,19
202003,SED00500,14
202003,SED00503,1
202003,SED00504,1
202003,SED00505,1
202003,SED00506,20
202003,SED00511,21
202003,SED00512,1
202003,SED00516,23
202003,SED00519,7
202003,SED00521,16
202003,SED00523,1
202003,SED00528,8
202003,SED00539,3
202003,SED00541,17
202003,SED00543,1
202003,SED00544,17
202003,SED00548,1
202003,SED00550,1
202003,SED00551,1
202003,SED00554,11
202003,SED00555,20
202003,SED00557,1
202003,SED00559,1
202003,SED00561,19
202003,SED00563,1
202003,SED00565,10
202003,SED00569,14
202003,SED00571,10
202003,SED00572,26
202003,SED00573,21
202003,SED00576,16
202003,SED00578,24
202003,SED00581,16
202003,SED00582,6
202003,SED00586,1
202003,SED00587,19
202003,SED00591,15
202003,SED00593,28
202003,SED00595,4
202003,SED00597,12
202003,SED00598,1
202003,SED00600,1
202004,SED00002,1
202004,SED00003,18
202004,SED00005,22
202004,SED00009,18
202004,SED00010,5
202004,SED00011,20
202004,SED00015,14
202004,SED00021,18
202004,SED00023,1
202004,SED00026,14
202004,SED00029,5
202004,SED00030,1
202004,SED00035,10
202004,SED00038,19
202004,SED00046,2
202004,SED00048,1
202004,SED00051,8
202004,SED00052,1
202004,SED00056,24
202004,SED00060,22
202004,SED00064,14
202004,SED00067,24
202004,SED00074,1
202004,SED00075,25
202004,SED00076,1
202004,SED00078,7
202004,SED00079,16
202004,SED00082,14
202004,SED00088,11
202004,SED00093,1
202004,SED00096,1
202004,SED00097,1
202004,SED00098,1
202004,SED00100,1
202004,SED00104,1
202004,SED00111,1
202004,SED00112,1
202004,SED00114,10
202004,SED00115,4
202004,SED00116,12
202004,SED00117,6
202004,SED00119,1
202004,SED00121,27
202004,SED00123,15
202004,SED00125,2
202004,SED00126,11
202004,SED00127,12
202004,SED00128,4
202004,SED00130,10
202004,SED00131,16
202004,SED00133,5
202004,SED00140,17
202004,SED00142,1
202004,SED00143,10
202004,SED00144,19
202004,SED00146,6
202004,SED00148,26
202004,SED00152,14
202004,SED00153,19
202004,SED00155,1
202004,SED00161,16
202004,SED00162,18
202004,SED00163,1
202004,SED00165,8
202004,SED00166,23
202004,SED00167,28
202004,SED00169,21
202004,SED00174,14
202004,SED00176,1
202004,SED00182,9
202004,SED00185,26
202004,SED00192,22
202004,SED00194,15
202004,SED00197,14
202004,SED00199,18
202004,SED00204,21
202004,SED00209,16
202004,SED00210,9
202004,SED00212,16
202004,SED00213,28
202004,SED00216,17
202004,SED00218,10
202004,SED00219,21
202004,SED00220,1
202004,SED00221,29
202004,SED00223,13
202004,SED00225,23
202004,SED00227,7
202004,SED00232,17
202004,SED00233,13
202004,SED00234,1
202004,SED00238,22
202004,SED00240,7
202004,SED00241,1
202004,SED00243,2
202004,SED00244,22
202004,SED00246,1
202004,SED00250,1
202004,SED00251,18
202004,SED00252,8
202004,SED00253,2
202004,SED00256,1
202004,SED00258,1
202004,SED00259,21
202004,SED00261,18
202004,SED00263,11
202004,SED00265,16
202004,SED00269,13
202004,SED00270,8
202004,SED00271,1
202004,SED00273,9
202004,SED00275,8
202004,SED00276,27
202004,SED00277,2
202004,SED00285,4
202004,SED00286,1
202004,SED00287,14
202004,SED00288,1
202004,SED00294,9
202004,SED00295,16
202004,SED00297,15
202004,SED00298,1
202004,SED00299,23
202004,SED00300,8
202004,SED00302,16
202004,SED00304,13
202004,SED00305,22
202004,SED00306,15
202004,SED00307,15
202004,SED00308,18
202004,SED00311,25
202004,SED00313,2
202004,SED00314,1
202004,SED00318,22
202004,SED00331,28
202004,SED00332,23
202004,SED00337,11
202004,SED00338,23
202004,SED00343,14
202004,SED00352,1
202004,SED00354,1
202004,SED00355,10
202004,SED00356,16
202004,SED00358,1
202004,SED00360,1
202004,SED00361,2
202004,SED00366,1
202004,SED00369,21
202004,SED00370,1
202004,SED00371,1
202004,SED00372,16
202004,SED00373,1
202004,SED00375,1
202004,SED00379,17
202004,SED00380,1
202004,SED00385,1
202004,SED00391,1
202004,SED00394,15
202004,SED00397,13
202004,SED00398,17
202004,SED00399,1
202004,SED00401,12
202004,SED00403,1
202004,SED00406,20
202004,SED00408,1
202004,SED00409,1
202004,SED00410,1
202004,SED00412,19
202004,SED00416,8
202004,SED00420,1
202004,SED00421,26
202004,SED00423,1
202004,SED00424,1
202004,SED00425,10
202004,SED00428,5
202004,SED00430,24
202004,SED00431,1
202004,SED00434,19
202004,SED00440,1
202004,SED00441,4
202004,SED00446,14
202004,SED00447,16
202004,SED00448,12
202004,SED00449,29
202004,SED00450,1
202004,SED00451,3
202004,SED00452,1
202004,SED00453,17
202004,SED00454,21
202004,SED00458,1
202004,SED00460,22
202004,SED00463,26
202004,SED00464,1
202004,SED00467,2
202004,SED00468,15
202004,SED00473,6
202004,SED00474,1
202004,SED00476,17
202004,SED00477,10
202004,SED00481,19
202004,SED00482,6
202004,SED00483,15
202004,SED00484,1
202004,SED00485,16
202004,SED00488,17
202004,SED00489,16
202004,SED00490,4
202004,SED00492,1
202004,SED00495,13
202004,SED00497,7
202004,SED00498,17
202004,SED00499,1
202004,SED00500,13
202004,SED00506,19
202004,SED00511,22
202004,SED00516,25
202004,SED00519,7
202004,SED00521,16
202004,SED00528,8
202004,SED00529,1
202004,SED00537,1
202004,SED00539,1
202004,SED00540,1
202004,SED00541,16
202004,SED00544,16
202004,SED00548,1
202004,SED00550,1
202004,SED00554,11
202004,SED00555,22
202004,SED00557,1
202004,SED00561,17
202004,SED00565,10
202004,SED00566,1
202004,SED00568,1
202004,SED00569,13
202004,SED00570,1
202004,SED00571,10
202004,SED00572,26
202004,SED00573,22
202004,SED00576,17
202004,SED00577,1
202004,SED00578,27
202004,SED00580,1
202004,SED00581,19
202004,SED00582,6
202004,SED00584,1
202004,SED00587,19
202004,SED00590,1
202004,SED00591,15
202004,SED00592,1
202004,SED00593,28
202004,SED00595,4
202004,SED00597,12
202005,SED00001,1
202005,SED00003,17
202005,SED00005,22
202005,SED00009,18
202005,SED00010,5
202005,SED00011,20
202005,SED00015,15
202005,SED00018,1
202005,SED00021,18
202005,SED00026,17
202005,SED00028,1
202005,SED00029,5
202005,SED00033,1
202005,SED00035,11
202005,SED00038,19
202005,SED00042,2
202005,SED00045,1
202005,SED00051,7
202005,SED00056,26
202005,SED00059,1
202005,SED00060,22
202005,SED00062,1
202005,SED00064,15
202005,SED00065,1
202005,SED00067,26
202005,SED00075,24
202005,SED00078,7
202005,SED00079,16
202005,SED00082,14
202005,SED00086,1
202005,SED00088,13
202005,SED00091,1
202005,SED00093,1
202005,SED00096,1
202005,SED00097,1
202005,SED00101,1
202005,SED00105,1
202005,SED00106,1
202005,SED00108,2
202005,SED00114,10
202005,SED00115,4
202005,SED00116,18
202005,SED00117,6
202005,SED00121,24
202005,SED00123,15
202005,SED00124,1
202005,SED00125,1
202005,SED00126,11
202005,SED00127,12
202005,SED00128,4
202005,SED00129,1
202005,SED00130,10
202005,SED00131,16
202005,SED00133,5
202005,SED00140,17
202005,SED00143,10
202005,SED00144,20
202005,SED00145,1
202005,SED00146,6
202005,SED00148,26
202005,SED00152,16
202005,SED00153,19
202005,SED00161,16
202005,SED00162,14
202005,SED00165,8
202005,SED00166,21
202005,SED00167,28
202005,SED00169,19
202005,SED00174,21
202005,SED00176,1
202005,SED00181,1
202005,SED00182,9
202005,SED00183,1
202005,SED00185,27
202005,SED00188,1
202005,SED00191,1
202005,SED00192,22
202005,SED00194,17
202005,SED00196,1
202005,SED00197,14
202005,SED00198,1
202005,SED00199,18
202005,SED00204,21
202005,SED00207,1
202005,SED00209,15
202005,SED00210,9
202005,SED00211,1
202005,SED00212,16
202005,SED00213,28
202005,SED00216,19
202005,SED00218,10
202005,SED00219,22
202005,SED00221,29
202005,SED00223,13
202005,SED00225,24
202005,SED00227,7
202005,SED00232,22
202005,SED00233,14
202005,SED00234,1
202005,SED00235,1
202005,SED00236,1
202005,SED00237,1
202005,SED00238,22
202005,SED00240,7
202005,SED00244,22
202005,SED00246,1
202005,SED00247,1
202005,SED00251,18
202005,SED00252,8
202005,SED00257,1
202005,SED00259,23
202005,SED00261,18
202005,SED00263,11
202005,SED00265,16
202005,SED00267,2
202005,SED00269,14
202005,SED00270,8
202005,SED00271,1
202005,SED00273,9
202005,SED00275,8
202005,SED00276,28
202005,SED00278,1
202005,SED00285,4
202005,SED00286,1
202005,SED00287,14
202005,SED00291,2
202005,SED00294,9
202005,SED00295,17
202005,SED00297,14
202005,SED00299,23
202005,SED00300,9
202005,SED00302,16
202005,SED00304,13
202005,SED00305,22
202005,SED00306,15
202005,SED00307,17
202005,SED00308,18
202005,SED00311,20
202005,SED00313,1
202005,SED00314,1
202005,SED00318,21
202005,SED00329,1
202005,SED00330,1
202005,SED00331,29
202005,SED00332,21
202005,SED00334,1
202005,SED00337,11
202005,SED00338,23
202005,SED00343,13
202005,SED00344,1
202005,SED00347,1
202005,SED00352,1
202005,SED00354,1
202005,SED00355,9
202005,SED00356,14
202005,SED00362,2
202005,SED00364,1
202005,SED00365,3
202005,SED00369,21
202005,SED00372,16
202005,SED00373,1
202005,SED00379,19
202005,SED00381,1
202005,SED00384,1
202005,SED00387,1
202005,SED00392,1
202005,SED00394,15
202005,SED00397,12
202005,SED00398,16
202005,SED00401,12
202005,SED00406,20
202005,SED00412,20
202005,SED00416,8
202005,SED00419,1
202005,SED00421,23
202005,SED00422,1
202005,SED00425,10
202005,SED00426,1
202005,SED00428,5
202005,SED00430,21
202005,SED00434,19
202005,SED00441,4
202005,SED00445,1
202005,SED00446,14
202005,SED00447,16
202005,SED00448,12
202005,SED00449,29
202005,SED00453,18
202005,SED00454,15
202005,SED00455,1
202005,SED00457,1
202005,SED00458,1
202005,SED00460,22
202005,SED00461,1
202005,SED00463,26
202005,SED00464,2
202005,SED00468,15
202005,SED00469,1
202005,SED00473,6
202005,SED00474,1
202005,SED00475,1
202005,SED00476,18
202005,SED00477,10
202005,SED00481,20
202005,SED00482,6
202005,SED00483,15
202005,SED00485,14
202005,SED00486,1
202005,SED00488,18
202005,SED00489,16
202005,SED00490,4
202005,SED00495,12
202005,SED00497,7
202005,SED00498,20
202005,SED00500,13
202005,SED00506,20
202005,SED00508,1
202005,SED00511,22
202005,SED00514,1
202005,SED00516,24
202005,SED00519,7
202005,SED00521,16
202005,SED00522,1
202005,SED00523,2
202005,SED00528,8
202005,SED00535,1
202005,SED00537,1
202005,SED00541,16
202005,SED00543,1
202005,SED00544,17
202005,SED00550,1
202005,SED00551,1
202005,SED00554,11
202005,SED00555,21
202005,SED00556,1
202005,SED00558,1
202005,SED00559,1
202005,SED00561,13
202005,SED00562,1
202005,SED00563,1
202005,SED00565,10
202005,SED00568,1
202005,SED00569,14
202005,SED00571,7
202005,SED00572,22
202005,SED00573,23
202005,SED00576,17
202005,SED00578,24
202005,SED00579,1
202005,SED00581,19
202005,SED00582,6
202005,SED00587,20
202005,SED00591,18
202005,SED00593,28
202005,SED00595,4
202005,SED00597,12
202005,SED00600,1
202006,SED00003,22
202006,SED00004,1
202006,SED00005,21
202006,SED00009,18
202006,SED00010,5
202006,SED00011,20
202006,SED00013,1
202006,SED00015,15
202006,SED00021,18
202006,SED00025,1
202006,SED00026,17
202006,SED00029,5
202006,SED00032,1
202006,SED00035,11
202006,SED00038,24
202006,SED00043,1
202006,SED00045,2
202006,SED00050,1
202006,SED00051,8
202006,SED00053,1
202006,SED00056,27
202006,SED00059,1
202006,SED00060,24
202006,SED00061,1
202006,SED00064,15
202006,SED00067,25
202006,SED00070,1
202006,SED00071,1
202006,SED00073,1
202006,SED00075,23
202006,SED00078,7
202006,SED00079,16
202006,SED00082,14
202006,SED00083,3
202006,SED00087,1
202006,SED00088,13
202006,SED00089,1
202006,SED00099,1
202006,SED00110,1
202006,SED00114,9
202006,SED00115,4
202006,SED00116,16
202006,SED00117,6
202006,SED00118,1
202006,SED00121,28
202006,SED00123,14
202006,SED00126,11
202006,SED00127,12
202006,SED00128,4
202006,SED00130,10
202006,SED00131,16
202006,SED00133,5
202006,SED00138,1
202006,SED00140,17
202006,SED00141,1
202006,SED00143,10
202006,SED00144,20
202006,SED00145,2
202006,SED00146,6
202006,SED00147,1
202006,SED00148,26
202006,SED00152,15
202006,SED00153,19
202006,SED00155,1
202006,SED00159,1
202006,SED00161,16
202006,SED00162,20
202006,SED00164,1
202006,SED00165,8
202006,SED00166,22
202006,SED00167,28
202006,SED00169,20
202006,SED00174,23
202006,SED00176,1
202006,SED00178,2
202006,SED00182,9
202006,SED00183,1
202006,SED00185,27
202006,SED00190,1
202006,SED00192,18
202006,SED00194,16
202006,SED00195,1
202006,SED00197,15
202006,SED00199,19
202006,SED00200,1
202006,SED00204,22
202006,SED00209,16
202006,SED00210,9
202006,SED00212,16
202006,SED00213,27
202006,SED00216,16
202006,SED00217,1
202006,SED00218,10
202006,SED00219,22
202006,SED00221,29
202006,SED00223,13
202006,SED00225,18
202006,SED00227,7
202006,SED00232,21
202006,SED00233,14
202006,SED00235,1
202006,SED00236,1
202006,SED00238,22
202006,SED00240,7
202006,SED00242,1
202006,SED00244,14
202006,SED00251,18
202006,SED00252,8
202006,SED00254,1
202006,SED00256,1
202006,SED00259,25
202006,SED00261,16
202006,SED00263,11
202006,SED00264,1
202006,SED00265,15
202006,SED00266,1
202006,SED00269,14
202006,SED00270,6
202006,SED00273,9
202006,SED00275,8
202006,SED00276,28
202006,SED00283,1
202006,SED00285,4
202006,SED00287,14
202006,SED00290,1
202006,SED00293,1
202006,SED00294,9
202006,SED00295,17
202006,SED00297,14
202006,SED00299,24
202006,SED00300,9
202006,SED00302,16
202006,SED00304,13
202006,SED00305,21
202006,SED00306,15
202006,SED00307,14
202006,SED00308,18
202006,SED00311,26
202006,SED00316,1
202006,SED00318,20
202006,SED00328,2
202006,SED00331,28
202006,SED00332,23
202006,SED00335,1
202006,SED00336,1
202006,SED00337,11
202006,SED00338,21
202006,SED00343,12
202006,SED00348,2
202006,SED00354,1
202006,SED00355,9
202006,SED00356,22
202006,SED00360,1
202006,SED00364,1
202006,SED00369,21
202006,SED00372,16
202006,SED00374,1
202006,SED00379,18
202006,SED00383,1
202006,SED00394,17
202006,SED00397,13
202006,SED00398,15
202006,SED00401,12
202006,SED00402,1
202006,SED00406,20
202006,SED00412,19
202006,SED00416,8
202006,SED00421,26
202006,SED00425,10
202006,SED00428,5
202006,SED00429,1
202006,SED00430,19
202006,SED00432,1
202006,SED00434,18
202006,SED00437,1
202006,SED00439,2
202006,SED00440,1
202006,SED00441,4
202006,SED00442,1
202006,SED00446,14
202006,SED00447,15
202006,SED00448,12
202006,SED00449,29
202006,SED00453,17
202006,SED00454,17
202006,SED00460,21
202006,SED00461,1
202006,SED00463,25
202006,SED00464,1
202006,SED00468,15
202006,SED00472,1
202006,SED00473,6
202006,SED00476,19
202006,SED00477,10
202006,SED00480,1
202006,SED00481,20
202006,SED00482,6
202006,SED00483,15
202006,SED00485,11
202006,SED00488,18
202006,SED00489,15
202006,SED00490,4
202006,SED00491,1
202006,SED00494,1
202006,SED00495,13
202006,SED00496,1
202006,SED00497,7
202006,SED00498,17
202006,SED00500,15
202006,SED00506,21
202006,SED00507,2
202006,SED00511,19
202006,SED00513,1
202006,SED00515,1
202006,SED00516,22
202006,SED00519,7
202006,SED00521,16
202006,SED00522,1
202006,SED00523,1
202006,SED00526,1
202006,SED00528,8
202006,SED00535,2
202006,SED00541,16
202006,SED00542,1
202006,SED00544,17
202006,SED00545,1
202006,SED00547,1
202006,SED00550,1
202006,SED00554,11
202006,SED00555,22
202006,SED00556,1
202006,SED00561,19
202006,SED00565,10
202006,SED00566,1
202006,SED00567,1
202006,SED00568,1
202006,SED00569,12
202006,SED00571,10
202006,SED00572,26
202006,SED00573,21
202006,SED00574,1
202006,SED00576,14
202006,SED00578,25
202006,SED00580,1
202006,SED00581,18
202006,SED00582,6
202006,SED00583,1
202006,SED00586,1
202006,SED00587,19
202006,SED00590,1
202006,SED00591,15
202006,SED00593,28
202006,SED00595,4
202006,SED00597,12
202007,SED00003,15
202007,SED00005,22
202007,SED00009,18
202007,SED00010,5
202007,SED00011,19
202007,SED00014,1
202007,SED00015,15
202007,SED00017,1
202007,SED00018,1
202007,SED00020,1
202007,SED00021,18
202007,SED00022,1
202007,SED00023,1
202007,SED00024,1
202007,SED00026,17
202007,SED00029,5
202007,SED00030,1
202007,SED00031,1
202007,SED00034,1
202007,SED00035,10
202007,SED00038,20
202007,SED00039,1
202007,SED00051,8
202007,SED00052,1
202007,SED00056,26
202007,SED00060,24
202007,SED00061,1
202007,SED00063,1
202007,SED00064,15
202007,SED00067,25
202007,SED00075,24
202007,SED00076,1
202007,SED00078,7
202007,SED00079,15
202007,SED00080,1
202007,SED00082,14
202007,SED00088,13
202007,SED00089,1
202007,SED00095,2
202007,SED00106,1
202007,SED00111,1
202007,SED00114,10
202007,SED00115,4
202007,SED00116,18
202007,SED00117,6
202007,SED00118,1
202007,SED00121,22
202007,SED00123,15
202007,SED00126,11
202007,SED00127,12
202007,SED00128,4
202007,SED00129,1
202007,SED00130,9
202007,SED00131,16
202007,SED00133,5
202007,SED00140,17
202007,SED00142,2
202007,SED00143,10
202007,SED00144,20
202007,SED00146,6
202007,SED00148,26
202007,SED00152,15
202007,SED00153,19
202007,SED00161,15
202007,SED00162,20
202007,SED00165,8
202007,SED00166,22
202007,SED00167,28
202007,SED00169,21
202007,SED00172,1
202007,SED00173,1
202007,SED00174,17
202007,SED00175,3
202007,SED00181,1
202007,SED00182,9
202007,SED00185,27
202007,SED00188,1
202007,SED00190,1
202007,SED00192,22
202007,SED00193,1
202007,SED00194,13
202007,SED00197,12
202007,SED00199,16
202007,SED00204,22
202007,SED00209,16
202007,SED00210,9
202007,SED00212,16
202007,SED00213,27
202007,SED00216,20
202007,SED00218,10
202007,SED00219,21
202007,SED00221,29
202007,SED00223,13
202007,SED00225,22
202007,SED00227,7
202007,SED00228,1
202007,SED00231,1
202007,SED00232,16
202007,SED00233,13
202007,SED00235,1
202007,SED00238,21
202007,SED00240,7
202007,SED00242,1
202007,SED00244,21
202007,SED00251,18
202007,SED00252,8
202007,SED00258,1
202007,SED00259,24
202007,SED00261,16
202007,SED00263,11
202007,SED00265,12
202007,SED00269,13
202007,SED00270,7
202007,SED00271,1
202007,SED00272,1
202007,SED00273,9
202007,SED00275,8
202007,SED00276,26
202007,SED00278,1
202007,SED00282,1
202007,SED00285,4
202007,SED00286,1
202007,SED00287,14
202007,SED00288,1
202007,SED00289,2
202007,SED00290,1
202007,SED00293,1
202007,SED00294,9
202007,SED00295,16
202007,SED00297,15
202007,SED00298,1
202007,SED00299,23
202007,SED00300,9
202007,SED00302,16
202007,SED00304,13
202007,SED00305,19
202007,SED00306,15
202007,SED00307,12
202007,SED00308,18
202007,SED00310,1
202007,SED00311,19
202007,SED00317,1
202007,SED00318,23
202007,SED00322,2
202007,SED00327,1
202007,SED00329,1
202007,SED00331,28
202007,SED00332,19
202007,SED00334,1
202007,SED00337,11
202007,SED00338,22
202007,SED00343,15
202007,SED00344,1
202007,SED00345,2
202007,SED00355,10
202007,SED00356,18
202007,SED00363,2
202007,SED00365,1
202007,SED00366,2
202007,SED00368,1
202007,SED00369,21
202007,SED00372,16
202007,SED00378,1
202007,SED00379,19
202007,SED00382,2
202007,SED00383,1
202007,SED00384,1
202007,SED00385,1
202007,SED00390,1
202007,SED00393,1
202007,SED00394,17
202007,SED00396,1
202007,SED00397,15
202007,SED00398,14
202007,SED00400,1
202007,SED00401,12
202007,SED00406,20
202007,SED00412,20
202007,SED00416,8
202007,SED00421,25
202007,SED00425,10
202007,SED00428,5
202007,SED00430,23
202007,SED00433,1
202007,SED00434,23
202007,SED00436,1
202007,SED00437,1
202007,SED00441,4
202007,SED00442,1
202007,SED00446,14
202007,SED00447,16
202007,SED00448,12
202007,SED00449,29
202007,SED00453,18
202007,SED00454,17
202007,SED00460,19
202007,SED00462,1
202007,SED00463,26
202007,SED00464,1
202007,SED00465,1
202007,SED00468,15
202007,SED00473,6
202007,SED00476,19
202007,SED00477,10
202007,SED00481,21
202007,SED00482,6
202007,SED00483,15
202007,SED00484,1
202007,SED00485,13
202007,SED00487,1
202007,SED00488,19
202007,SED00489,15
202007,SED00490,4
202007,SED00491,1
202007,SED00495,13
202007,SED00497,7
202007,SED00498,18
202007,SED00500,15
202007,SED00501,1
202007,SED00506,19
202007,SED00507,1
202007,SED00508,1
202007,SED00511,22
202007,SED00514,1
202007,SED00516,24
202007,SED00517,1
202007,SED00519,7
202007,SED00521,16
202007,SED00528,8
202007,SED00541,15
202007,SED00544,16
202007,SED00546,1
202007,SED00551,1
202007,SED00552,1
202007,SED00554,11
202007,SED00555,21
202007,SED00560,1
202007,SED00561,23
202007,SED00565,10
202007,SED00569,12
202007,SED00571,9
202007,SED00572,27
202007,SED00573,19
202007,SED00576,14
202007,SED00578,25
202007,SED00581,18
202007,SED00582,6
202007,SED00587,20
202007,SED00591,18
202007,SED00592,1
202007,SED00593,28
202007,SED00595,4
202007,SED00597,12
202007,SED00599,2
202008,SED00003,20
202008,SED00005,22
202008,SED00007,1
202008,SED00009,18
202008,SED00010,5
202008,SED00011,20
202008,SED00012,1
202008,SED00013,1
202008,SED00015,15
202008,SED00019,1
202008,SED00021,18
202008,SED00022,1
202008,SED00023,1
202008,SED00026,16
202008,SED00028,1
202008,SED00029,5
202008,SED00035,11
202008,SED00038,20
202008,SED00039,1
202008,SED00043,1
202008,SED00051,8
202008,SED00053,1
202008,SED00055,1
202008,SED00056,26
202008,SED00060,24
202008,SED00064,15
202008,SED00067,26
202008,SED00068,1
202008,SED00075,21
202008,SED00078,7
202008,SED00079,14
202008,SED00082,14
202008,SED00084,1
202008,SED00086,1
202008,SED00088,12
202008,SED00093,1
202008,SED00097,1
202008,SED00105,2
202008,SED00107,1
202008,SED00109,1
202008,SED00110,2
202008,SED00114,10
202008,SED00115,4
202008,SED00116,20
202008,SED00117,6
202008,SED00119,1
202008,SED00121,26
202008,SED00123,15
202008,SED00124,1
202008,SED00126,11
202008,SED00127,12
202008,SED00128,4
202008,SED00130,9
202008,SED00131,16
202008,SED00133,5
202008,SED00139,1
202008,SED00140,17
202008,SED00143,10
202008,SED00144,19
202008,SED00146,6
202008,SED00148,26
202008,SED00152,14
202008,SED00153,19
202008,SED00160,1
202008,SED00161,15
202008,SED00162,16
202008,SED00165,8
202008,SED00166,22
202008,SED00167,28
202008,SED00169,17
202008,SED00174,17
202008,SED00175,1
202008,SED00182,9
202008,SED00183,1
202008,SED00185,27
202008,SED00187,1
202008,SED00188,1
202008,SED00190,1
202008,SED00192,21
202008,SED00194,16
202008,SED00196,1
202008,SED00197,15
202008,SED00198,1
202008,SED00199,20
202008,SED00201,1
202008,SED00204,23
202008,SED00207,1
202008,SED00208,2
202008,SED00209,16
202008,SED00210,9
202008,SED00212,16
202008,SED00213,26
202008,SED00214,1
202008,SED00216,18
202008,SED00218,10
202008,SED00219,19
202008,SED00221,29
202008,SED00223,13
202008,SED00225,20
202008,SED00227,7
202008,SED00229,1
202008,SED00230,1
202008,SED00232,20
202008,SED00233,12
202008,SED00238,21
202008,SED00240,7
202008,SED00244,21
202008,SED00247,1
202008,SED00248,1
202008,SED00250,1
202008,SED00251,18
202008,SED00252,8
202008,SED00254,1
202008,SED00259,23
202008,SED00261,16
202008,SED00263,11
202008,SED00265,14
202008,SED00267,1
202008,SED00269,14
202008,SED00270,6
202008,SED00273,9
202008,SED00274,1
202008,SED00275,8
202008,SED00276,28
202008,SED00285,4
202008,SED00286,1
202008,SED00287,14
202008,SED00292,1
202008,SED00294,9
202008,SED00295,17
202008,SED00297,12
202008,SED00299,27
202008,SED00300,9
202008,SED00302,16
202008,SED00304,13
202008,SED00305,23
202008,SED00306,15
202008,SED00307,16
202008,SED00308,18
202008,SED00310,1
202008,SED00311,27
202008,SED00313,1
202008,SED00318,19
202008,SED00319,1
202008,SED00327,1
202008,SED00328,1
202008,SED00330,1
202008,SED00331,27
202008,SED00332,20
202008,SED00333,1
202008,SED00337,11
202008,SED00338,22
202008,SED00341,1
202008,SED00342,1
202008,SED00343,14
202008,SED00345,1
202008,SED00348,1
202008,SED00354,1
202008,SED00355,10
202008,SED00356,19
202008,SED00360,1
202008,SED00363,1
202008,SED00369,21
202008,SED00372,16
202008,SED00379,19
202008,SED00383,2
202008,SED00384,1
202008,SED00386,1
202008,SED00388,1
202008,SED00391,1
202008,SED00394,16
202008,SED00397,12
202008,SED00398,15
202008,SED00401,12
202008,SED00406,20
202008,SED00407,1
202008,SED00410,1
202008,SED00411,1
202008,SED00412,18
202008,SED00413,1
202008,SED00416,8
202008,SED00417,1
202008,SED00421,22
202008,SED00425,10
202008,SED00427,1
202008,SED00428,5
202008,SED00430,21
202008,SED00434,20
202008,SED00436,1
202008,SED00437,1
202008,SED00438,1
202008,SED00441,4
202008,SED00442,1
202008,SED00446,14
202008,SED00447,16
202008,SED00448,12
202008,SED00449,29
202008,SED00452,1
202008,SED00453,17
202008,SED00454,16
202008,SED00460,22
202008,SED00463,26
202008,SED00467,1
202008,SED00468,15
202008,SED00469,1
202008,SED00472,1
202008,SED00473,6
202008,SED00476,19
202008,SED00477,10
202008,SED00479,1
202008,SED00481,21
202008,SED00482,6
202008,SED00483,15
202008,SED00485,13
202008,SED00488,18
202008,SED00489,14
202008,SED00490,4
202008,SED00495,13
202008,SED00497,7
202008,SED00498,19
202008,SED00500,15
202008,SED00503,1
202008,SED00506,18
202008,SED00509,2
202008,SED00511,21
202008,SED00516,25
202008,SED00519,7
202008,SED00521,16
202008,SED00525,2
202008,SED00527,1
202008,SED00528,8
202008,SED00534,1
202008,SED00536,1
202008,SED00541,15
202008,SED00544,17
202008,SED00554,11
202008,SED00555,20
202008,SED00561,19
202008,SED00563,1
202008,SED00565,10
202008,SED00567,2
202008,SED00569,12
202008,SED00570,1
202008,SED00571,10
202008,SED00572,26
202008,SED00573,22
202008,SED00576,14
202008,SED00578,25
202008,SED00581,19
202008,SED00582,6
202008,SED00584,1
202008,SED00585,1
202008,SED00587,19
202008,SED00591,19
202008,SED00593,28
202008,SED00595,4
202008,SED00596,1
202008,SED00597,12
202009,SED00001,1
202009,SED00003,22
202009,SED00005,24
202009,SED00007,1
202009,SED00008,1
202009,SED00009,18
202009,SED00010,5
202009,SED00011,19
202009,SED00015,15
202009,SED00018,1
202009,SED00020,1
202009,SED00021,18
202009,SED00022,1
202009,SED00026,18
202009,SED00027,2
202009,SED00029,5
202009,SED00035,11
202009,SED00037,1
202009,SED00038,20
202009,SED00039,1
202009,SED00040,1
202009,SED00042,1
202009,SED00044,1
202009,SED00045,1
202009,SED00046,1
202009,SED00047,1
202009,SED00048,1
202009,SED00051,8
202009,SED00053,1
202009,SED00054,3
202009,SED00056,26
202009,SED00060,25
202009,SED00061,1
202009,SED00064,15
202009,SED00067,25
202009,SED00074,1
202009,SED00075,24
202009,SED00078,7
202009,SED00079,16
202009,SED00080,1
202009,SED00082,14
202009,SED00086,1
202009,SED00087,1
202009,SED00088,12
202009,SED00089,1
202009,SED00091,1
202009,SED00097,1
202009,SED00100,2
202009,SED00103,1
202009,SED00104,2
202009,SED00109,1
202009,SED00113,1
202009,SED00114,10
202009,SED00115,4
202009,SED00116,18
202009,SED00117,6
202009,SED00119,1
202009,SED00121,26
202009,SED00123,15
202009,SED00126,11
202009,SED00127,12
202009,SED00128,4
202009,SED00130,10
202009,SED00131,16
202009,SED00133,5
202009,SED00134,1
202009,SED00140,17
202009,SED00143,10
202009,SED00144,20
202009,SED00146,5
202009,SED00148,26
202009,SED00151,1
202009,SED00152,15
202009,SED00153,19
202009,SED00155,1
202009,SED00158,1
202009,SED00161,17
202009,SED00162,19
202009,SED00165,8
202009,SED00166,22
202009,SED00167,28
202009,SED00169,22
202009,SED00174,17
202009,SED00182,9
202009,SED00185,27
202009,SED00187,1
202009,SED00192,19
202009,SED00194,18
202009,SED00195,1
202009,SED00197,11
202009,SED00199,12
202009,SED00204,15
202009,SED00209,16
202009,SED00210,9
202009,SED00212,16
202009,SED00213,26
202009,SED00215,1
202009,SED00216,16
202009,SED00218,10
202009,SED00219,21
202009,SED00221,28
202009,SED00223,13
202009,SED00225,22
202009,SED00227,7
202009,SED00228,3
202009,SED00230,1
202009,SED00231,1
202009,SED00232,21
202009,SED00233,14
202009,SED00234,1
202009,SED00238,22
202009,SED00240,7
202009,SED00241,1
202009,SED00242,1
202009,SED00244,19
202009,SED00247,1
202009,SED00250,1
202009,SED00251,18
202009,SED00252,8
202009,SED00258,1
202009,SED00259,23
202009,SED00260,1
202009,SED00261,15
202009,SED00263,11
202009,SED00265,15
202009,SED00269,13
202009,SED00270,8
202009,SED00272,2
202009,SED00273,9
202009,SED00275,8
202009,SED00276,24
202009,SED00282,1
202009,SED00285,4
202009,SED00286,1
202009,SED00287,14
202009,SED00292,1
202009,SED00293,1
202009,SED00294,9
202009,SED00295,16
202009,SED00296,2
202009,SED00297,14
202009,SED00299,26
202009,SED00300,9
202009,SED00301,1
202009,SED00302,16
202009,SED00303,1
202009,SED00304,13
202009,SED00305,20
202009,SED00306,13
202009,SED00307,17
202009,SED00308,19
202009,SED00311,22
202009,SED00314,1
202009,SED00318,20
202009,SED00323,1
202009,SED00325,1
202009,SED00328,1
202009,SED00331,27
202009,SED00332,21
202009,SED00336,1
202009,SED00337,11
202009,SED00338,23
202009,SED00341,1
202009,SED00343,14
202009,SED00345,1
202009,SED00355,10
202009,SED00356,20
202009,SED00364,1
202009,SED00366,1
202009,SED00369,21
202009,SED00371,1
202009,SED00372,16
202009,SED00374,1
202009,SED00378,1
202009,SED00379,19
202009,SED00381,1
202009,SED00394,15
202009,SED00397,11
202009,SED00398,17
202009,SED00401,12
202009,SED00402,1
202009,SED00404,1
202009,SED00405,1
202009,SED00406,20
202009,SED00410,1
202009,SED00412,20
202009,SED00416,8
202009,SED00419,1
202009,SED00421,21
202009,SED00424,1
202009,SED00425,10
202009,SED00427,1
202009,SED00428,5
202009,SED00430,17
202009,SED00431,1
202009,SED00434,22
202009,SED00435,1
202009,SED00441,4
202009,SED00443,1
202009,SED00445,2
202009,SED00446,14
202009,SED00447,15
202009,SED00448,12
202009,SED00449,29
202009,SED00450,1
202009,SED00453,17
202009,SED00454,17
202009,SED00457,2
202009,SED00460,21
202009,SED00463,26
202009,SED00468,15
202009,SED00472,1
202009,SED00473,6
202009,SED00476,19
202009,SED00477,9
202009,SED00481,18
202009,SED00482,6
202009,SED00483,15
202009,SED00485,11
202009,SED00488,17
202009,SED00489,16
202009,SED00490,4
202009,SED00494,1
202009,SED00495,13
202009,SED00497,7
202009,SED00498,19
202009,SED00500,15
202009,SED00502,2
202009,SED00506,21
202009,SED00509,1
202009,SED00511,20
202009,SED00513,1
202009,SED00515,1
202009,SED00516,24
202009,SED00517,1
202009,SED00519,7
202009,SED00521,16
202009,SED00524,2
202009,SED00528,8
202009,SED00532,1
202009,SED00535,1
202009,SED00538,1
202009,SED00540,1
202009,SED00541,14
202009,SED00544,17
202009,SED00545,1
202009,SED00548,1
202009,SED00554,11
202009,SED00555,21
202009,SED00559,1
202009,SED00561,15
202009,SED00562,1
202009,SED00565,10
202009,SED00569,12
202009,SED00571,10
202009,SED00572,25
202009,SED00573,20
202009,SED00575,1
202009,SED00576,18
202009,SED00577,1
202009,SED00578,26
202009,SED00580,1
202009,SED00581,20
202009,SED00582,6
202009,SED00583,1
202009,SED00586,1
202009,SED00587,19
202009,SED00591,18
202009,SED00592,1
202009,SED00593,28
202009,SED00595,4
202009,SED00597,12
202010,SED00002,1
202010,SED00003,20
202010,SED00005,22
202010,SED00007,1
202010,SED00009,18
202010,SED00010,5
202010,SED00011,18
202010,SED00014,1
202010,SED00015,15
202010,SED00017,2
202010,SED00019,1
202010,SED00020,1
202010,SED00021,17
202010,SED00026,18
202010,SED00029,5
202010,SED00035,10
202010,SED00036,1
202010,SED00038,20
202010,SED00040,1
202010,SED00043,1
202010,SED00044,1
202010,SED00049,1
202010,SED00051,8
202010,SED00052,1
202010,SED00055,2
202010,SED00056,27
202010,SED00060,24
202010,SED00063,1
202010,SED00064,15
202010,SED00067,26
202010,SED00069,1
202010,SED00071,1
202010,SED00072,1
202010,SED00075,24
202010,SED00078,7
202010,SED00079,16
202010,SED00080,1
202010,SED00082,14
202010,SED00085,1
202010,SED00088,12
202010,SED00108,1
202010,SED00109,1
202010,SED00111,1
202010,SED00113,1
202010,SED00114,10
202010,SED00115,4
202010,SED00116,17
202010,SED00117,6
202010,SED00118,1
202010,SED00121,27
202010,SED00123,15
202010,SED00126,11
202010,SED00127,11
202010,SED00128,4
202010,SED00130,10
202010,SED00131,16
202010,SED00133,5
202010,SED00138,1
202010,SED00140,17
202010,SED00143,10
202010,SED00144,20
202010,SED00145,2
202010,SED00146,5
202010,SED00148,26
202010,SED00151,1
202010,SED00152,16
202010,SED00153,19
202010,SED00154,2
202010,SED00158,1
202010,SED00161,17
202010,SED00162,23
202010,SED00165,8
202010,SED00166,23
202010,SED00167,28
202010,SED00168,1
202010,SED00169,21
202010,SED00170,1
202010,SED00174,15
202010,SED00179,1
202010,SED00182,9
202010,SED00185,27
202010,SED00189,1
202010,SED00192,21
202010,SED00194,11
202010,SED00197,14
202010,SED00198,1
202010,SED00199,18
202010,SED00201,1
202010,SED00202,1
202010,SED00204,20
202010,SED00209,15
202010,SED00210,9
202010,SED00212,16
202010,SED00213,29
202010,SED00216,17
202010,SED00217,1
202010,SED00218,10
202010,SED00219,18
202010,SED00221,29
202010,SED00223,13
202010,SED00225,19
202010,SED00227,7
202010,SED00232,17
202010,SED00233,15
202010,SED00238,23
202010,SED00240,7
202010,SED00241,1
202010,SED00244,20
202010,SED00245,1
202010,SED00251,17
202010,SED00252,8
202010,SED00259,24
202010,SED00260,1
202010,SED00261,16
202010,SED00263,11
202010,SED00265,15
202010,SED00269,14
202010,SED00270,8
202010,SED00273,9
202010,SED00275,8
202010,SED00276,25
202010,SED00281,1
202010,SED00285,4
202010,SED00287,14
202010,SED00289,1
202010,SED00292,1
202010,SED00294,9
202010,SED00295,17
202010,SED00297,17
202010,SED00299,26
202010,SED00300,9
202010,SED00302,15
202010,SED00303,1
202010,SED00304,13
202010,SED00305,22
202010,SED00306,15
202010,SED00307,13
202010,SED00308,19
202010,SED00311,27
202010,SED00318,22
202010,SED00321,1
202010,SED00322,1
202010,SED00324,1
202010,SED00325,3
202010,SED00331,28
202010,SED00332,22
202010,SED00337,11
202010,SED00338,23
202010,SED00343,14
202010,SED00344,2
202010,SED00350,1
202010,SED00355,10
202010,SED00356,19
202010,SED00357,1
202010,SED00359,1
202010,SED00364,1
202010,SED00369,21
202010,SED00372,16
202010,SED00375,1
202010,SED00376,2
202010,SED00379,19
202010,SED00381,1
202010,SED00386,1
202010,SED00387,2
202010,SED00391,1
202010,SED00394,14
202010,SED00397,11
202010,SED00398,15
202010,SED00401,12
202010,SED00403,1
202010,SED00406,19
202010,SED00407,1
202010,SED00409,1
202010,SED00410,1
202010,SED00412,20
202010,SED00416,8
202010,SED00417,1
202010,SED00421,21
202010,SED00424,1
202010,SED00425,10
202010,SED00426,1
202010,SED00427,1
202010,SED00428,5
202010,SED00430,22
202010,SED00433,1
202010,SED00434,21
202010,SED00439,1
202010,SED00441,4
202010,SED00446,14
202010,SED00447,16
202010,SED00448,12
202010,SED00449,29
202010,SED00453,18
202010,SED00454,17
202010,SED00458,1
202010,SED00460,21
202010,SED00463,26
202010,SED00464,1
202010,SED00468,15
202010,SED00469,1
202010,SED00472,1
202010,SED00473,6
202010,SED00476,20
202010,SED00477,10
202010,SED00478,1
202010,SED00481,22
202010,SED00482,6
202010,SED00483,15
202010,SED00485,13
202010,SED00487,1
202010,SED00488,18
202010,SED00489,17
202010,SED00490,4
202010,SED00494,1
202010,SED00495,13
202010,SED00497,7
202010,SED00498,21
202010,SED00500,15
202010,SED00502,1
202010,SED00505,1
202010,SED00506,20
202010,SED00510,3
202010,SED00511,23
202010,SED00514,1
202010,SED00516,25
202010,SED00519,7
202010,SED00521,16
202010,SED00524,1
202010,SED00526,2
202010,SED00528,8
202010,SED00532,1
202010,SED00538,1
202010,SED00540,1
202010,SED00541,16
202010,SED00544,17
202010,SED00547,1
202010,SED00554,11
202010,SED00555,18
202010,SED00561,16
202010,SED00564,1
202010,SED00565,10
202010,SED00569,14
202010,SED00571,9
202010,SED00572,24
202010,SED00573,21
202010,SED00576,19
202010,SED00578,27
202010,SED00581,20
202010,SED00582,6
202010,SED00587,20
202010,SED00591,17
202010,SED00593,28
202010,SED00595,4
202010,SED00597,12
202011,SED00001,1
202011,SED00003,20
202011,SED00005,22
202011,SED00006,1
202011,SED00009,18
202011,SED00010,5
202011,SED00011,18
202011,SED00012,1
202011,SED00015,15
202011,SED00016,1
202011,SED00019,1
202011,SED00021,18
202011,SED00024,1
202011,SED00026,18
202011,SED00029,5
202011,SED00035,11
202011,SED00036,1
202011,SED00037,1
202011,SED00038,18
202011,SED00041,1
202011,SED00051,8
202011,SED00053,1
202011,SED00056,27
202011,SED00058,1
202011,SED00060,24
202011,SED00064,15
202011,SED00067,24
202011,SED00075,24
202011,SED00078,7
202011,SED00079,16
202011,SED00080,1
202011,SED00082,14
202011,SED00083,1
202011,SED00084,1
202011,SED00086,1
202011,SED00087,1
202011,SED00088,14
202011,SED00092,1
202011,SED00094,1
202011,SED00095,1
202011,SED00100,1
202011,SED00101,2
202011,SED00107,1
202011,SED00109,2
202011,SED00113,2
202011,SED00114,9
202011,SED00115,4
202011,SED00116,15
202011,SED00117,6
202011,SED00118,1
202011,SED00121,26
202011,SED00123,15
202011,SED00126,11
202011,SED00127,12
202011,SED00128,4
202011,SED00130,9
202011,SED00131,16
202011,SED00133,5
202011,SED00138,2
202011,SED00140,16
202011,SED00143,10
202011,SED00144,19
202011,SED00145,1
202011,SED00146,6
202011,SED00148,26
202011,SED00149,3
202011,SED00152,14
202011,SED00153,19
202011,SED00161,17
202011,SED00162,21
202011,SED00165,8
202011,SED00166,21
202011,SED00167,28
202011,SED00168,1
202011,SED00169,19
202011,SED00173,1
202011,SED00174,20
202011,SED00176,1
202011,SED00179,1
202011,SED00181,1
202011,SED00182,9
202011,SED00183,1
202011,SED00184,1
202011,SED00185,27
202011,SED00189,1
202011,SED00192,21
202011,SED00194,16
202011,SED00197,15
202011,SED00199,16
202011,SED00200,1
202011,SED00203,1
202011,SED00204,20
202011,SED00206,1
202011,SED00209,14
202011,SED00210,9
202011,SED00212,16
202011,SED00213,26
202011,SED00216,21
202011,SED00218,10
202011,SED00219,15
202011,SED00221,29
202011,SED00223,13
202011,SED00224,1
202011,SED00225,21
202011,SED00226,1
202011,SED00227,7
202011,SED00228,1
202011,SED00232,15
202011,SED00233,13
202011,SED00238,23
202011,SED00240,7
202011,SED00244,22
202011,SED00248,2
202011,SED00251,17
202011,SED00252,8
202011,SED00258,1
202011,SED00259,23
202011,SED00261,16
202011,SED00263,11
202011,SED00265,13
202011,SED00269,14
202011,SED00270,8
202011,SED00273,9
202011,SED00275,8
202011,SED00276,27
202011,SED00277,2
202011,SED00279,1
202011,SED00285,4
202011,SED00287,14
202011,SED00293,1
202011,SED00294,9
202011,SED00295,17
202011,SED00297,14
202011,SED00299,23
202011,SED00300,9
202011,SED00302,16
202011,SED00304,12
202011,SED00305,21
202011,SED00306,15
202011,SED00307,12
202011,SED00308,18
202011,SED00311,24
202011,SED00312,1
202011,SED00318,24
202011,SED00324,1
202011,SED00331,29
202011,SED00332,18
202011,SED00333,1
202011,SED00336,1
202011,SED00337,11
202011,SED00338,23
202011,SED00339,1
202011,SED00340,1
202011,SED00343,12
202011,SED00355,9
202011,SED00356,18
202011,SED00357,1
202011,SED00361,1
202011,SED00362,1
202011,SED00369,21
202011,SED00371,1
202011,SED00372,16
202011,SED00375,1
202011,SED00377,1
202011,SED00379,18
202011,SED00394,16
202011,SED00396,1
202011,SED00397,11
202011,SED00398,16
202011,SED00399,1
202011,SED00401,12
202011,SED00406,20
202011,SED00412,19
202011,SED00413,1
202011,SED00416,8
202011,SED00421,26
202011,SED00425,10
202011,SED00428,5
202011,SED00430,24
202011,SED00434,23
202011,SED00441,4
202011,SED00444,1
202011,SED00446,14
202011,SED00447,16
202011,SED00448,12
202011,SED00449,29
202011,SED00450,1
202011,SED00453,18
202011,SED00454,15
202011,SED00459,1
202011,SED00460,21
202011,SED00463,26
202011,SED00465,1
202011,SED00468,15
202011,SED00471,1
202011,SED00472,1
202011,SED00473,6
202011,SED00476,16
202011,SED00477,10
202011,SED00481,20
202011,SED00482,6
202011,SED00483,15
202011,SED00485,17
202011,SED00487,1
202011,SED00488,17
202011,SED00489,16
202011,SED00490,4
202011,SED00492,1
202011,SED00495,12
202011,SED00497,7
202011,SED00498,19
202011,SED00500,15
202011,SED00506,17
202011,SED00511,22
202011,SED00514,1
202011,SED00516,26
202011,SED00517,1
202011,SED00519,7
202011,SED00520,1
202011,SED00521,16
202011,SED00528,8
202011,SED00530,1
202011,SED00533,2
202011,SED00541,16
202011,SED00543,1
202011,SED00544,16
202011,SED00547,1
202011,SED00554,11
202011,SED00555,20
202011,SED00561,16
202011,SED00565,10
202011,SED00569,13
202011,SED00571,9
202011,SED00572,26
202011,SED00573,22
202011,SED00576,16
202011,SED00578,27
202011,SED00580,1
202011,SED00581,19
202011,SED00582,6
202011,SED00583,1
202011,SED00587,20
202011,SED00588,1
202011,SED00591,17
202011,SED00593,28
202011,SED00595,4
202011,SED00597,12
202011,SED00598,1
202011,SED00600,1
202012,SED00003,20
202012,SED00005,24
202012,SED00009,18
202012,SED00010,5
202012,SED00011,20
202012,SED00015,15
202012,SED00017,2
202012,SED00021,18
202012,SED00026,17
202012,SED00027,1
202012,SED00029,5
202012,SED00034,2
202012,SED00035,11
202012,SED00038,22
202012,SED00042,1
202012,SED00046,1
202012,SED00047,1
202012,SED00050,1
202012,SED00051,8
202012,SED00056,26
202012,SED00060,25
202012,SED00064,14
202012,SED00067,25
202012,SED00070,1
202012,SED00072,1
202012,SED00075,19
202012,SED00078,7
202012,SED00079,16
202012,SED00082,14
202012,SED00084,2
202012,SED00085,1
202012,SED00088,13
202012,SED00092,1
202012,SED00107,1
202012,SED00111,1
202012,SED00114,10
202012,SED00115,4
202012,SED00116,18
202012,SED00117,6
202012,SED00118,1
202012,SED00121,24
202012,SED00122,1
202012,SED00123,15
202012,SED00126,11
202012,SED00127,12
202012,SED00128,4
202012,SED00130,9
202012,SED00131,16
202012,SED00133,5
202012,SED00134,1
202012,SED00137,1
202012,SED00140,17
202012,SED00143,10
202012,SED00144,18
202012,SED00145,1
202012,SED00146,6
202012,SED00147,1
202012,SED00148,26
202012,SED00151,1
202012,SED00152,16
202012,SED00153,19
202012,SED00154,1
202012,SED00155,1
202012,SED00161,17
202012,SED00162,22
202012,SED00165,8
202012,SED00166,22
202012,SED00167,28
202012,SED00168,1
202012,SED00169,16
202012,SED00174,15
202012,SED00175,1
202012,SED00176,1
202012,SED00177,1
202012,SED00179,1
202012,SED00182,9
202012,SED00185,27
202012,SED00191,1
202012,SED00192,22
202012,SED00194,16
202012,SED00197,11
202012,SED00199,21
202012,SED00201,1
202012,SED00202,1
202012,SED00204,26
202012,SED00209,16
202012,SED00210,9
202012,SED00212,16
202012,SED00213,24
202012,SED00216,14
202012,SED00218,10
202012,SED00219,22
202012,SED00221,29
202012,SED00223,13
202012,SED00225,23
202012,SED00227,7
202012,SED00232,19
202012,SED00233,14
202012,SED00238,22
202012,SED00240,7
202012,SED00244,19
202012,SED00245,1
202012,SED00249,1
202012,SED00251,18
202012,SED00252,8
202012,SED00254,1
202012,SED00257,1
202012,SED00259,25
202012,SED00261,17
202012,SED00262,1
202012,SED00263,11
202012,SED00264,1
202012,SED00265,12
202012,SED00269,14
202012,SED00270,7
202012,SED00273,9
202012,SED00275,8
202012,SED00276,27
202012,SED00277,1
202012,SED00280,1
202012,SED00284,1
202012,SED00285,4
202012,SED00287,14
202012,SED00289,1
202012,SED00294,9
202012,SED00295,16
202012,SED00297,15
202012,SED00298,1
202012,SED00299,23
202012,SED00300,9
202012,SED00301,1
202012,SED00302,16
202012,SED00304,13
202012,SED00305,21
202012,SED00306,15
202012,SED00307,13
202012,SED00308,18
202012,SED00311,24
202012,SED00318,22
202012,SED00323,1
202012,SED00324,1
202012,SED00331,29
202012,SED00332,18
202012,SED00336,1
202012,SED00337,11
202012,SED00338,21
202012,SED00339,1
202012,SED00343,14
202012,SED00351,1
202012,SED00352,1
202012,SED00355,10
202012,SED00356,19
202012,SED00362,2
202012,SED00363,1
202012,SED00365,1
202012,SED00369,21
202012,SED00371,1
202012,SED00372,16
202012,SED00373,1
202012,SED00374,1
202012,SED00379,19
202012,SED00381,1
202012,SED00383,1
202012,SED00394,16
202012,SED00397,11
202012,SED00398,16
202012,SED00400,1
202012,SED00401,12
202012,SED00406,20
202012,SED00409,1
202012,SED00412,20
202012,SED00415,1
202012,SED00416,8
202012,SED00421,27
202012,SED00425,10
202012,SED00428,5
202012,SED00429,1
202012,SED00430,20
202012,SED00432,1
202012,SED00434,15
202012,SED00435,1
202012,SED00439,1
202012,SED00441,4
202012,SED00446,14
202012,SED00447,16
202012,SED00448,11
202012,SED00449,28
202012,SED00452,1
202012,SED00453,17
202012,SED00454,17
202012,SED00460,22
202012,SED00461,1
202012,SED00462,1
202012,SED00463,26
202012,SED00466,2
202012,SED00468,15
202012,SED00472,1
202012,SED00473,6
202012,SED00475,2
202012,SED00476,17
202012,SED00477,10
202012,SED00481,21
202012,SED00482,6
202012,SED00483,14
202012,SED00485,16
202012,SED00486,1
202012,SED00488,16
202012,SED00489,14
202012,SED00490,4
202012,SED00495,13
202012,SED00497,7
202012,SED00498,20
202012,SED00500,15
202012,SED00502,1
202012,SED00506,19
202012,SED00511,22
202012,SED00512,1
202012,SED00516,25
202012,SED00518,1
202012,SED00519,7
202012,SED00521,16
202012,SED00522,1
202012,SED00523,1
202012,SED00528,8
202012,SED00529,1
202012,SED00535,2
202012,SED00537,1
202012,SED00541,17
202012,SED00544,17
202012,SED00548,1
202012,SED00549,1
202012,SED00551,1
202012,SED00552,1
202012,SED00554,11
202012,SED00555,22
202012,SED00561,17
202012,SED00564,1
202012,SED00565,10
202012,SED00569,13
202012,SED00570,1
202012,SED00571,10
202012,SED00572,24
202012,SED00573,23
202012,SED00574,1
202012,SED00576,15
202012,SED00578,26
202012,SED00579,1
202012,SED00580,1
202012,SED00581,19
202012,SED00582,6
202012,SED00587,20
202012,SED00590,1
202012,SED00591,15
202012,SED00593,28
202012,SED00594,1
202012,SED00595,4
202012,SED00597,12
