periodo,set,alimentador,nro_inspecciones,nro_notificaciones,nro_notif_causal4,nro_notif_causal4_val,nro_cuentas_insp,nro_cuentas_notif_causal4,recupero,recupero_causal4,sums_set_alimentador,dist_ult_insp
201901,S0001,A0058,76,27,19,13506683,45,7,11451586,8571820,165,1178
201901,S0002,A0163,90,20,19,20673004,49,8,11999764,15325387,140,1155
201901,S0003,A0023,91,25,13,16941515,47,5,9936001,13947802,162,1158
201901,S0004,A0052,83,17,8,10944567,47,3,4266985,7580345,157,1199
201901,S0005,A0077,122,36,30,31162331,57,13,20939403,22404642,165,1118
201901,S0006,A0075,112,32,16,15651877,59,8,13578471,12290642,168,1182
201901,S0007,A0219,74,25,17,14614827,38,7,12166821,11332502,117,1153
201901,S0008,A0192,68,17,15,20895142,33,7,8728935,14459982,131,1095
201901,S0009,A0220,91,21,15,18239101,50,7,12745450,10156168,156,1181
201901,S0010,A0239,60,15,14,11383443,34,6,11184347,9037600,152,1192
201901,S0011,A0019,100,25,17,13163620,49,6,10694255,10441911,150,1182
201901,S0012,A0035,90,21,12,10410366,48,5,8512718,6641520,153,1182
201901,S0013,A0209,85,23,17,9627045,46,6,9599773,7125124,128,1197
201901,S0014,A0019,102,35,32,32480103,42,13,26545306,20528289,134,1120
201901,S0015,A0040,104,37,27,39916073,50,10,16643581,26126409,148,1198
201901,S0016,A0044,101,40,24,31703341,49,8,10722400,20705080,154,1192
201901,S0017,A0220,112,32,27,33705425,46,12,12694592,21607902,149,1169
201901,S0018,A0087,81,17,10,10716178,41,4,5527167,5294323,143,1140
201901,S0019,A0064,107,30,23,26247959,44,9,13745069,19526937,142,1173
201901,S0020,A0041,88,24,18,28117733,46,8,16946770,17200157,151,1117
201901,S0021,A0111,82,19,13,13062345,42,7,9592716,10061040,152,1123
201901,S0022,A0142,90,27,20,16131725,44,8,11808303,10401522,157,1152
201901,S0023,A0193,60,21,13,12999277,32,5,9355369,7696744,128,1192
201901,S0024,A0149,56,20,12,14451541,30,5,4747355,9907263,127,1191
201901,S0025,A0237,85,26,22,30829892,44,8,15405263,20160512,143,1198
201901,S0026,A0026,93,22,13,12138830,47,6,12108002,8088721,136,1117
201901,S0027,A0118,71,17,10,10111090,35,6,13701448,5429563,111,1194
201901,S0028,A0136,75,24,17,18646070,40,7,9202053,13661024,135,1168
201901,S0029,A0166,73,17,11,14756346,43,5,6796543,12270562,141,1153
201901,S0030,A0002,84,27,20,27360309,44,6,6881329,18831254,146,1122
201901,S0031,A0049,65,14,8,10537299,31,4,3244246,7806138,119,1198
201901,S0032,A0112,103,25,16,18297779,53,7,12728638,11028977,143,1183
201901,S0033,A0016,91,30,24,34630364,44,9,15502055,24020508,129,1198
201901,S0034,A0235,71,24,18,14882240,35,7,9790653,12174145,133,1194
201901,S0035,A0154,76,12,12,12366971,42,6,9237570,7786936,135,1163
201901,S0036,A0192,76,21,14,9933638,36,5,5117865,7084229,127,1196
201901,S0037,A0124,98,35,25,29242315,38,8,15663888,21462127,148,1185
201901,S0038,A0144,74,28,21,22275232,36,7,7249654,15615721,114,1154
201901,S0039,A0083,90,15,11,12222305,47,5,7640905,7546830,129,1120
201901,S0040,A0079,87,18,6,8147247,52,2,4563624,6518773,155,1174
201901,S0041,A0032,86,27,20,15581612,34,8,13040245,9840022,122,1123
201901,S0042,A0050,69,24,16,17180882,36,6,7368132,10289886,130,1159
201901,S0043,A0185,86,21,8,10089194,45,3,2808845,6330131,140,1173
201901,S0044,A0107,93,24,15,10217851,51,8,14944856,7008682,141,1158
201901,S0045,A0199,67,15,9,10415426,40,4,8927931,7153135,141,1197
201901,S0046,A0067,84,22,15,16326686,45,6,12156108,10906947,160,1170
201901,S0047,A0174,55,22,16,17145254,30,6,6210356,10403787,128,1138
201901,S0048,A0210,84,17,5,2733365,46,2,4365473,1873491,120,1075
201901,S0049,A0200,94,34,23,24482734,41,7,9983117,16626703,124,1174
201901,S0050,A0052,79,21,13,12558637,45,4,4263423,8072301,149,1144
201901,S0051,A0089,80,22,17,19352843,37,7,11633930,12622378,151,1176
201901,S0052,A0066,109,39,31,35162882,52,11,16277967,21581774,150,1191
201901,S0053,A0192,73,26,22,22757685,36,8,9980929,14537558,138,1182
201901,S0054,A0194,88,25,18,13688500,48,8,14103733,8519090,154,1199
201901,S0055,A0107,110,23,16,23914130,53,6,12945985,11958453,146,1159
201901,S0056,A0065,78,16,10,13525464,45,4,6863439,9917705,135,1166
201901,S0057,A0016,88,22,18,14037320,47,6,10226750,9913559,148,1187
201901,S0058,A0065,84,24,18,20214424,43,7,10864864,13007312,134,1197
201901,S0059,A0037,69,26,22,25744023,32,8,8670929,15814199,126,1196
201901,S0060,A0018,105,27,14,15696337,45,6,8232246,9269130,142,1143
201901,S0061,A0188,84,24,15,15224475,39,7,11771484,10493592,138,1181
201901,S0062,A0113,94,24,19,22398417,52,8,10822066,16547365,137,1188
201901,S0063,A0233,90,24,17,17063654,41,9,14824481,12743741,128,1188
201901,S0064,A0064,101,28,15,14198091,51,6,11775140,11925326,134,1173
201901,S0065,A0093,96,35,24,23735859,50,10,15758625,16345121,140,1191
201901,S0066,A0214,72,39,27,34829200,42,8,13815154,24184049,135,1153
201901,S0067,A0148,81,20,13,11901469,42,4,7709732,7167329,120,1155
201901,S0068,A0069,85,24,18,24279972,41,7,11987531,17336974,143,1194
201901,S0069,A0090,90,27,21,25499681,43,9,15925545,19631756,141,1183
201901,S0070,A0186,86,23,17,16296899,49,7,12348391,11290281,140,1188
201901,S0071,A0088,82,23,22,22092572,37,10,16823180,15288758,128,1123
201901,S0072,A0117,82,27,19,23245156,37,6,8834350,16071756,142,1147
201901,S0073,A0118,95,19,13,10132517,50,7,7376657,5417196,149,1149
201901,S0074,A0113,93,26,14,10516417,50,4,8064522,5953880,142,1146
201901,S0075,A0117,83,30,22,16602518,45,9,12581033,11280371,130,1197
201901,S0076,A0232,56,8,4,7288580,38,1,2974821,4383200,130,1182
201901,S0077,A0058,95,31,22,20978113,46,8,9125750,13760651,148,1153
201901,S0078,A0216,92,36,23,23902127,48,8,15239620,16250674,148,1167
201901,S0079,A0047,84,30,25,28585488,47,8,13882669,20579905,153,1191
201901,S0080,A0019,63,18,10,13084615,36,5,6771380,9423498,135,1175
201902,S0001,A0058,71,19,13,10799859,36,6,11367668,9016956,130,1195
201902,S0002,A0163,77,15,7,10632538,48,4,9396926,5642469,146,1154
201902,S0003,A0023,81,19,18,16502203,44,8,8625965,10922738,150,1187
201902,S0004,A0052,88,26,19,24744741,39,7,12789904,14140182,135,1126
201902,S0005,A0077,113,45,34,41715472,50,13,21979210,30165732,135,1196
201902,S0006,A0075,97,35,26,25324023,45,9,12852159,18707974,137,1194
201902,S0007,A0219,93,23,12,11321823,49,6,10384263,7329146,128,1169
201902,S0008,A0192,69,24,13,14611566,41,5,6444031,10820913,143,1060
201902,S0009,A0220,123,46,29,33175992,53,9,16182411,23873100,165,1118
201902,S0010,A0239,66,14,11,11448921,37,5,6671421,7745452,144,1195
201902,S0011,A0019,85,22,11,13265221,48,5,3158765,10240842,140,1199
201902,S0012,A0035,76,23,20,24903054,33,8,8029428,18656999,132,1067
201902,S0013,A0209,65,16,8,9972745,43,3,5605831,6421223,163,1194
201902,S0014,A0019,104,34,29,32665503,42,9,15313944,19738494,155,1171
201902,S0015,A0040,106,27,16,14006629,46,6,10642949,8418341,145,1184
201902,S0016,A0044,88,40,27,24353279,48,9,14710699,15059609,154,1152
201902,S0017,A0220,105,45,31,36986320,46,11,17594478,27704719,145,1169
201902,S0018,A0087,98,27,22,27201341,49,7,14152324,18724702,144,1168
201902,S0019,A0064,112,37,28,14624217,48,11,17485939,8970997,148,1142
201902,S0020,A0041,89,35,30,34271480,42,13,20186515,22121527,138,1180
201902,S0021,A0111,84,24,17,19257678,39,8,11910206,12860929,131,1183
201902,S0022,A0142,96,26,20,22758695,52,10,17018614,15000454,125,1162
201902,S0023,A0193,113,34,27,34489311,54,11,17313433,22527513,152,1190
201902,S0024,A0149,99,31,19,14351543,45,7,10454163,9568710,146,1151
201902,S0025,A0237,76,23,8,8767096,47,3,5772093,4373858,132,1166
201902,S0026,A0026,83,27,18,17882216,37,8,10470817,13120166,127,1087
201902,S0027,A0118,89,19,9,6751841,51,4,6564862,3661362,150,1180
201902,S0028,A0136,87,21,13,16398070,39,6,7648730,9550169,138,1191
201902,S0029,A0166,75,17,9,5032116,39,4,9935917,2520833,159,1173
201902,S0030,A0002,98,30,22,22348678,43,9,13914522,15080308,155,1097
201902,S0031,A0049,69,15,11,11211243,42,4,2722630,7081916,131,1166
201902,S0032,A0112,99,36,30,27470365,40,13,15399749,18644402,132,1008
201902,S0033,A0016,66,20,14,14588685,34,5,7756668,7457634,116,1157
201902,S0034,A0235,118,35,27,27790315,54,10,14308570,18782682,173,1173
201902,S0035,A0154,64,11,5,6734297,38,4,4784276,4987478,143,1172
201902,S0036,A0192,91,32,23,28711590,46,8,12668185,15721891,142,1183
201902,S0037,A0124,77,13,4,6571566,41,2,2122786,3112978,151,1089
201902,S0038,A0144,105,28,24,24387073,55,9,17683749,16463888,151,1150
201902,S0039,A0083,89,23,14,12257031,42,8,13327033,8805263,142,1168
201902,S0040,A0079,98,24,14,9860633,46,8,15371811,6703556,142,1189
201902,S0041,A0032,101,26,18,15678693,44,10,19999210,10661102,145,1128
201902,S0042,A0050,103,37,26,22629523,51,10,13629175,14482315,162,1163
201902,S0043,A0185,101,28,13,10357975,54,6,9938048,6068991,150,1161
201902,S0044,A0107,103,34,28,23747336,43,14,25835250,16536709,116,1159
201902,S0045,A0199,69,23,12,12607134,37,4,10444906,8539169,120,1198
201902,S0046,A0067,51,14,4,4904904,32,2,3626469,2702558,132,1175
201902,S0047,A0174,111,26,18,12006151,54,7,15632208,8155453,153,1129
201902,S0048,A0210,109,34,23,23115238,59,10,16770565,15287908,142,1089
201902,S0049,A0200,64,23,6,4317899,37,4,5901049,2853535,128,1171
201902,S0050,A0052,88,19,12,10132062,45,7,12766432,7642439,127,1172
201902,S0051,A0089,100,27,19,15856958,45,8,10716989,9702324,132,1160
201902,S0052,A0066,82,27,18,15207366,46,8,14504706,10018079,138,1175
201902,S0053,A0192,104,22,12,7811060,56,5,5983016,5432630,139,1177
201902,S0054,A0194,108,35,24,29877072,46,8,9884345,23032276,136,1127
201902,S0055,A0107,75,28,24,29937335,44,9,11612474,21741889,147,1196
201902,S0056,A0065,84,22,12,5872064,47,4,7358859,4744658,157,1142
201902,S0057,A0016,88,28,19,20770108,44,9,14368776,12576390,153,1169
201902,S0058,A0065,92,19,9,9061464,49,4,3938857,5529393,154,1186
201902,S0059,A0037,57,21,14,14049058,34,5,8753954,9578769,139,1188
201902,S0060,A0018,117,36,31,35585718,54,10,16912132,24641022,151,1194
201902,S0061,A0188,95,35,24,33651312,49,9,12210112,23013687,143,1163
201902,S0062,A0113,75,17,13,16256731,39,5,7128916,10255883,139,1163
201902,S0063,A0233,88,20,14,12985405,47,6,9359767,8830436,158,1137
201902,S0064,A0064,59,16,10,10066360,29,5,10349172,7394666,118,1149
201902,S0065,A0093,75,24,18,14247146,37,6,11001162,10416742,131,1118
201902,S0066,A0214,78,27,20,25096410,44,6,11200014,18060252,143,1166
201902,S0067,A0148,82,25,21,18830285,44,7,9426813,11173482,145,1195
201902,S0068,A0069,78,31,27,24867699,41,9,12681848,16408023,128,1041
201902,S0069,A0090,93,29,23,19500232,44,10,12123273,13724924,146,1118
201902,S0070,A0186,118,38,30,27617257,54,11,17105491,21031160,153,1193
201902,S0071,A0088,79,27,14,14185311,44,6,12648311,10365588,166,1178
201902,S0072,A0117,76,21,12,16976585,33,6,8553668,13002678,119,1179
201902,S0073,A0118,81,32,25,26672221,37,11,18231696,19478150,144,1137
201902,S0074,A0113,72,18,12,14698783,36,4,8985764,11330946,150,1199
201902,S0075,A0117,87,27,13,9397796,47,5,5566599,4965027,140,1150
201902,S0076,A0232,88,29,15,16309830,53,6,7213921,12889220,169,1192
201902,S0077,A0058,67,12,8,12556504,40,2,3208662,7563077,152,1172
201902,S0078,A0216,114,30,24,17770144,55,9,7732169,11960986,138,1195
201902,S0079,A0047,72,25,16,20236375,44,5,8077976,11367117,127,1186
201902,S0080,A0019,106,43,36,46790141,51,13,20089632,32851546,172,1161
201903,S0001,A0058,83,18,14,13381279,43,6,8514598,9014991,139,1199
201903,S0002,A0163,79,23,19,19351337,38,7,12049794,14597337,147,1195
201903,S0003,A0023,108,41,31,28143604,49,14,22414728,16591790,150,1190
201903,S0004,A0052,108,32,26,23524754,55,10,15423534,18737543,166,1189
201903,S0005,A0077,73,18,9,11213037,34,4,9218543,9379820,154,1110
201903,S0006,A0075,102,37,22,11220883,50,7,13207744,8036705,151,1195
201903,S0007,A0219,92,33,18,15925325,45,9,11213549,10418757,150,1084
201903,S0008,A0192,85,14,1,580157,47,1,1774217,327499,134,1120
201903,S0009,A0220,87,20,17,13803991,46,6,6947540,8775264,143,1162
201903,S0010,A0239,71,16,4,3104891,37,3,3280537,1989306,131,1194
201903,S0011,A0019,60,19,8,8370268,35,4,4733292,6602169,145,1118
201903,S0012,A0035,69,18,13,14804451,33,8,17317523,9230320,140,1176
201903,S0013,A0209,107,31,22,25939061,52,7,9793044,16601182,145,1156
201903,S0014,A0019,76,38,35,40674473,36,12,16200579,26548018,133,1167
201903,S0015,A0040,84,22,11,13137952,50,4,5900872,9768344,153,1148
201903,S0016,A0044,104,25,15,12340966,54,7,10476150,8755650,160,1190
201903,S0017,A0220,108,32,21,24502309,52,8,12251907,19895357,147,1196
201903,S0018,A0087,99,43,29,26117386,50,9,10280684,17189930,139,1180
201903,S0019,A0064,68,24,11,12619780,35,5,5750172,7769457,124,1154
201903,S0020,A0041,81,22,18,15725599,44,7,10210640,9503636,135,1141
201903,S0021,A0111,99,29,18,17700501,43,8,10222495,11709953,158,1171
201903,S0022,A0142,76,27,26,20114562,39,12,20955826,14422431,138,1189
201903,S0023,A0193,81,22,6,6667190,46,2,2771765,4805133,151,1193
201903,S0024,A0149,62,21,7,6604868,35,3,6189233,3153714,136,1176
201903,S0025,A0237,86,28,17,8735324,41,6,10116108,6783571,146,1190
201903,S0026,A0026,90,33,19,31936065,47,8,15076805,20404740,134,1156
201903,S0027,A0118,68,25,16,13978511,36,6,9572763,9584884,137,1167
201903,S0028,A0136,73,21,15,18137332,37,8,13673907,13180886,136,1195
201903,S0029,A0166,63,7,2,2185638,35,1,917999,1501466,127,1173
201903,S0030,A0002,90,22,17,14468733,51,6,9255885,8862442,149,1175
201903,S0031,A0049,83,18,10,9513941,42,6,10827480,6877982,139,1187
201903,S0032,A0112,105,34,25,22628381,46,9,15359776,18320801,149,1124
201903,S0033,A0016,92,19,15,17133599,52,9,17456765,11933495,138,1159
201903,S0034,A0235,80,20,11,14889567,37,5,7411746,10589077,148,1134
201903,S0035,A0154,114,32,19,19027115,57,8,10664770,13776816,147,1188
201903,S0036,A0192,75,16,11,13207058,40,3,5416646,10636987,130,1063
201903,S0037,A0124,102,34,32,39038755,43,12,15620339,28499866,157,1175
201903,S0038,A0144,78,31,23,24988838,44,6,9079335,20326895,152,1182
201903,S0039,A0083,100,43,31,31060425,42,12,23899150,21966196,132,1192
201903,S0040,A0079,76,27,17,21754203,42,7,11767968,14422993,144,1114
201903,S0041,A0032,119,42,29,37065950,51,12,18446682,28598983,143,1199
201903,S0042,A0050,92,29,21,19434462,44,11,16646512,13499393,136,1176
201903,S0043,A0185,93,23,10,10122863,46,6,8208861,7090981,159,1183
201903,S0044,A0107,73,21,16,17348120,39,7,6910269,13468148,148,1150
201903,S0045,A0199,85,29,13,14822083,50,6,8176836,7659808,141,1179
201903,S0046,A0067,117,31,17,17678523,53,10,14851592,13196329,149,1164
201903,S0047,A0174,91,29,18,16232731,41,7,7583549,10208971,160,1196
201903,S0048,A0210,68,24,19,10862521,31,6,6943373,7566331,138,1085
201903,S0049,A0200,91,24,11,15300356,47,5,9150887,8852220,149,1191
201903,S0050,A0052,79,26,16,8939997,44,7,8455963,6161275,117,1090
201903,S0051,A0089,116,32,23,18953842,52,10,18736445,13960302,147,1184
201903,S0052,A0066,94,22,15,12365976,47,8,11516700,8248951,137,1136
201903,S0053,A0192,83,20,13,11490596,45,5,7582352,7715106,135,1128
201903,S0054,A0194,94,29,21,24833460,51,6,10090909,18187721,142,1193
201903,S0055,A0107,79,26,18,16633821,36,6,8662407,10119641,134,1153
201903,S0056,A0065,88,27,19,16195830,43,7,6740147,11026606,135,1092
201903,S0057,A0016,80,30,24,21963846,35,9,11790977,12942568,138,1153
201903,S0058,A0065,77,25,21,15402672,40,7,12456243,11926819,146,1196
201903,S0059,A0037,51,10,5,1933743,32,2,2431565,1008148,135,1190
201903,S0060,A0018,111,34,24,27228598,45,10,21574769,20172227,138,1147
201903,S0061,A0188,85,27,16,17481797,40,7,12821148,11557838,143,1151
201903,S0062,A0113,84,28,14,8156714,44,5,11016676,4461757,143,1160
201903,S0063,A0233,94,37,22,23832627,50,7,11752010,15447262,153,1199
201903,S0064,A0064,88,22,16,22330867,43,7,10990477,16818999,145,1177
201903,S0065,A0093,104,49,31,38208080,47,10,13292578,26234397,126,1188
201903,S0066,A0214,97,35,24,27933254,41,10,16246927,15048936,135,1163
201903,S0067,A0148,73,16,11,9186282,38,4,4948695,6512095,156,1064
201903,S0068,A0069,101,24,14,15651615,53,7,8648515,11533196,159,1111
201903,S0069,A0090,59,21,11,11221010,33,4,4598587,7041251,122,1183
201903,S0070,A0186,99,24,5,5583970,57,2,2667100,4962234,173,1192
201903,S0071,A0088,102,46,32,39770803,46,12,23376451,23130320,139,1113
201903,S0072,A0117,62,12,4,6214812,32,2,2372078,4191132,139,1135
201903,S0073,A0118,59,14,7,6114328,31,4,4747321,4110307,128,1176
201903,S0074,A0113,113,34,23,29620148,52,10,14367112,21149277,153,1168
201903,S0075,A0117,127,41,34,41094087,59,13,20475524,28744124,143,1186
201903,S0076,A0232,100,33,10,11982215,58,4,9113394,8033413,158,1154
201903,S0077,A0058,82,23,19,21314209,39,7,13135931,14919850,129,1192
201903,S0078,A0216,71,15,9,2703619,43,3,7550744,1821197,145,1142
201903,S0079,A0047,68,23,12,12032057,36,6,7047048,7305575,132,1131
201903,S0080,A0019,114,29,15,12901595,59,6,10275968,9566850,157,1193
201904,S0001,A0058,94,25,20,15796850,48,8,10500287,11356567,160,1181
201904,S0002,A0163,129,46,26,30258224,62,9,12237744,22802762,165,1171
201904,S0003,A0023,82,27,15,10431603,37,6,12498541,6118751,136,1137
201904,S0004,A0052,90,19,2,1178061,45,2,2716773,822858,162,1148
201904,S0005,A0077,99,19,13,13563641,49,6,6735489,10600310,144,1193
201904,S0006,A0075,76,21,12,11566715,44,4,7439145,8800313,134,1164
201904,S0007,A0219,76,25,20,14423547,37,7,10723230,10346608,121,1199
201904,S0008,A0192,93,36,25,25999840,44,9,14266586,18432282,134,1150
201904,S0009,A0220,104,25,18,21899575,55,7,11371213,13077006,158,1194
201904,S0010,A0239,100,31,11,12527004,47,5,10213856,8733820,144,1186
201904,S0011,A0019,94,34,29,34859242,41,10,15877983,22187603,137,1120
201904,S0012,A0035,75,25,15,12055523,37,7,11689640,7360267,108,1149
201904,S0013,A0209,91,35,31,31697003,38,10,12832059,19175107,148,1179
201904,S0014,A0019,91,24,10,10316244,47,5,5848887,8789032,156,1186
201904,S0015,A0040,65,21,14,16158777,34,5,8783357,11793739,127,1181
201904,S0016,A0044,63,17,10,14890782,39,4,4244995,11792499,142,1171
201904,S0017,A0220,88,33,27,21275192,48,9,12948366,13527090,143,1180
201904,S0018,A0087,80,22,13,9935104,44,5,6686744,8098462,150,1193
201904,S0019,A0064,74,18,15,6915375,42,5,5642609,4337079,142,1189
201904,S0020,A0041,78,21,14,17479043,42,5,7068734,12866467,152,1187
201904,S0021,A0111,85,20,15,13401881,45,6,9056518,9441960,136,1140
201904,S0022,A0142,82,26,19,21124800,38,8,10571452,16189938,131,1192
201904,S0023,A0193,70,18,12,14119161,34,5,7087305,8812681,130,1196
201904,S0024,A0149,52,18,13,20065531,33,4,7080238,11415225,131,1190
201904,S0025,A0237,79,35,26,19091155,39,8,9483732,14804598,123,1181
201904,S0026,A0026,79,35,19,17582714,42,7,10890654,10716206,140,1193
201904,S0027,A0118,77,38,29,30668749,40,10,20571378,20606578,130,1134
201904,S0028,A0136,72,11,9,7022551,36,4,6273119,4459428,137,1180
201904,S0029,A0166,100,25,16,17515050,50,7,10830315,8933114,151,1160
201904,S0030,A0002,88,26,12,11996499,47,6,9250395,9457847,134,1186
201904,S0031,A0049,81,24,16,14173470,40,8,12618361,9808224,129,1167
201904,S0032,A0112,96,30,15,13073872,55,6,9779546,9945770,151,1064
201904,S0033,A0016,105,25,18,13512293,52,8,11403118,9089855,151,1162
201904,S0034,A0235,67,18,10,15803652,38,4,7395254,10390387,138,1191
201904,S0035,A0154,78,25,20,24409449,31,7,10077692,18796205,137,1109
201904,S0036,A0192,81,19,16,8901372,41,6,8517318,6755069,142,1145
201904,S0037,A0124,81,25,13,15332703,45,6,8716879,10917674,123,1196
201904,S0038,A0144,87,25,14,15598891,45,5,8624982,12161400,152,1135
201904,S0039,A0083,88,33,29,32217045,40,11,20163741,23736012,126,1123
201904,S0040,A0079,90,24,14,16857907,40,7,8403259,11018360,147,1188
201904,S0041,A0032,78,27,25,16080809,42,9,16890758,11878786,157,1135
201904,S0042,A0050,71,13,9,13394990,37,4,7271055,8866077,128,1185
201904,S0043,A0185,88,21,18,24035131,46,7,10264396,15146769,154,1187
201904,S0044,A0107,105,24,19,16173217,52,8,12978380,9622190,148,1198
201904,S0045,A0199,100,27,16,17654528,42,8,11007611,14290751,129,1132
201904,S0046,A0067,101,37,25,23204266,44,10,12713895,16161359,149,1188
201904,S0047,A0174,96,32,19,23765714,46,9,14763968,17892776,143,1147
201904,S0048,A0210,77,20,10,12802225,38,4,5008800,8284757,120,1181
201904,S0049,A0200,73,11,5,4995708,40,4,4683413,2880874,155,1183
201904,S0050,A0052,78,20,14,8121717,39,6,7447156,4939782,140,1188
201904,S0051,A0089,70,16,2,2312130,39,2,1803724,1972048,137,1153
201904,S0052,A0066,104,34,29,28679808,49,14,22539631,19212361,141,1118
201904,S0053,A0192,111,28,19,20318143,55,8,10347583,15519172,144,1133
201904,S0054,A0194,86,27,15,17635743,47,9,13149601,13383751,146,1196
201904,S0055,A0107,53,8,7,3176871,32,4,4886035,1549428,122,1167
201904,S0056,A0065,86,27,23,30106091,43,8,16627275,17598021,129,1184
201904,S0057,A0016,91,33,24,21721977,37,9,12115306,14022838,137,1122
201904,S0058,A0065,90,22,15,18558596,42,6,9575484,12072240,147,1179
201904,S0059,A0037,93,29,20,23189155,42,7,10490331,14671006,127,1191
201904,S0060,A0018,148,51,36,46679031,63,15,30897777,28838118,154,1198
201904,S0061,A0188,59,15,11,8835558,30,5,9405651,6618381,143,1135
201904,S0062,A0113,85,28,23,22398238,40,9,15961778,16808598,144,1189
201904,S0063,A0233,88,36,32,29633691,45,11,17574967,19964670,132,1129
201904,S0064,A0064,88,17,7,7373855,47,4,8708342,4024859,140,1129
201904,S0065,A0093,93,26,19,18990174,47,6,9350544,15592843,154,1199
201904,S0066,A0214,88,22,10,5525670,45,4,6723050,3194532,132,1119
201904,S0067,A0148,87,36,29,34966407,43,8,11589851,25599160,141,1179
201904,S0068,A0069,96,26,22,22270005,42,11,12398927,16929180,141,1194
201904,S0069,A0090,100,32,24,19252487,49,11,19971506,12810802,150,1150
201904,S0070,A0186,80,17,6,8781357,40,3,1710699,6637670,157,1170
201904,S0071,A0088,95,29,19,23978187,45,7,12248028,16116678,125,1126
201904,S0072,A0117,91,19,10,12373578,48,3,5699795,9105033,138,1057
201904,S0073,A0118,98,29,20,24135022,46,10,14762899,15890664,145,1157
201904,S0074,A0113,49,11,2,2102896,33,1,681812,1243971,148,1198
201904,S0075,A0117,85,23,11,9036289,45,5,8053762,6382721,125,1153
201904,S0076,A0232,53,16,11,10295578,26,4,7552364,7687513,126,1157
201904,S0077,A0058,79,22,16,18067838,46,6,7708615,11824929,151,1180
201904,S0078,A0216,113,55,48,52507762,49,19,38469588,36243857,160,1192
201904,S0079,A0047,68,25,19,19655634,35,7,13070983,12197140,140,1159
201904,S0080,A0019,95,30,18,10124887,43,8,14526874,6109117,152,1191
201905,S0001,A0058,100,31,21,20238362,50,8,13946006,14768675,124,1152
201905,S0002,A0163,69,18,11,7059077,34,4,8771793,4338088,138,1173
201905,S0003,A0023,80,24,14,16188800,44,5,8254158,10950491,142,1174
201905,S0004,A0052,59,15,8,7482263,32,4,6433368,5433958,117,1128
201905,S0005,A0077,90,29,17,17402804,44,5,10075876,11864086,132,1199
201905,S0006,A0075,79,20,13,17699099,38,5,6712573,10178105,140,1178
201905,S0007,A0219,89,25,19,16422107,40,8,7969579,9463794,137,1143
201905,S0008,A0192,115,36,21,12494265,57,9,11407417,7145947,141,1176
201905,S0009,A0220,63,18,11,10562409,35,5,9293119,5790030,127,1173
201905,S0010,A0239,78,21,17,25343603,37,7,9033634,19681748,141,1164
201905,S0011,A0019,82,22,18,18338226,41,5,8294334,11278739,139,1140
201905,S0012,A0035,111,34,18,23421170,54,8,12691471,16638096,183,1171
201905,S0013,A0209,87,31,21,20749322,38,9,16990908,14373247,130,1132
201905,S0014,A0019,71,18,11,11313090,33,6,9471083,7330695,112,1136
201905,S0015,A0040,103,29,13,21397378,51,7,9018891,14943411,139,1056
201905,S0016,A0044,58,10,5,4095382,34,4,5406458,2755711,114,1191
201905,S0017,A0220,110,22,19,11555815,46,8,16142486,6017141,140,1144
201905,S0018,A0087,97,35,20,23210711,48,7,14653775,13962784,148,1193
201905,S0019,A0064,82,26,15,14120834,44,6,6010425,10445198,141,1192
201905,S0020,A0041,93,33,26,35634770,43,9,13040736,26561636,163,1195
201905,S0021,A0111,110,46,31,33756270,54,12,19850866,25089411,155,1098
201905,S0022,A0142,79,25,16,19784457,43,6,8230864,13550631,136,1181
201905,S0023,A0193,75,25,16,12930196,38,6,10202108,7972006,137,1137
201905,S0024,A0149,111,43,35,20956837,45,14,21838147,14731460,118,1144
201905,S0025,A0237,87,27,13,13312659,44,7,8689919,9872906,155,1172
201905,S0026,A0026,92,26,11,17778858,48,6,11871893,12037498,137,1198
201905,S0027,A0118,89,29,14,17099571,48,5,9419034,11550156,152,1051
201905,S0028,A0136,86,23,16,26270957,45,5,11369815,18533332,142,1185
201905,S0029,A0166,112,29,17,23686300,56,6,8675322,18166020,136,1193
201905,S0030,A0002,91,21,10,13613666,49,4,4850734,7578747,154,1199
201905,S0031,A0049,98,29,22,24273396,50,9,15132959,16220593,146,1190
201905,S0032,A0112,82,17,8,5573208,40,3,4622509,3257024,149,1144
201905,S0033,A0016,65,11,4,3338062,36,3,4050288,2414803,146,1192
201905,S0034,A0235,95,26,19,21775209,45,8,11550708,13062246,139,1149
201905,S0035,A0154,93,35,25,14531144,44,11,18213748,8410381,143,1110
201905,S0036,A0192,64,17,15,16168230,29,7,7350529,11716594,112,1065
201905,S0037,A0124,99,31,29,15939723,48,11,17978654,11420788,148,1184
201905,S0038,A0144,69,23,8,5274886,36,4,6559129,3025545,115,1180
201905,S0039,A0083,87,37,18,24930193,52,5,7779652,18544819,135,1113
201905,S0040,A0079,102,19,15,15056364,41,8,14925395,10940279,122,1191
201905,S0041,A0032,104,29,22,26778410,51,9,17742302,16780248,152,1159
201905,S0042,A0050,94,22,16,14602729,48,5,8841188,9112534,138,1152
201905,S0043,A0185,110,40,30,31884594,52,11,23176162,19300405,159,1194
201905,S0044,A0107,91,24,14,17753297,45,6,13837008,11495972,156,1190
201905,S0045,A0199,71,17,15,15160490,35,5,6105216,8750177,132,1197
201905,S0046,A0067,60,29,17,20540253,33,5,7131328,15277133,119,1188
201905,S0047,A0174,105,21,14,14332433,54,5,9100245,8369273,149,1199
201905,S0048,A0210,67,13,8,7329714,31,4,8833347,4275132,140,1112
201905,S0049,A0200,60,12,9,11686065,36,3,2899682,9333181,142,1196
201905,S0050,A0052,101,30,23,24055086,48,9,17418932,16471766,146,1186
201905,S0051,A0089,66,24,14,16828945,37,5,8813690,11014302,138,1159
201905,S0052,A0066,87,17,10,9224502,45,5,9968976,5456193,153,1195
201905,S0053,A0192,88,25,11,10683154,41,5,6374049,6039549,140,1159
201905,S0054,A0194,86,27,16,12722801,43,6,8693357,8413142,126,1194
201905,S0055,A0107,65,26,16,15748546,36,5,5281238,9167179,119,1168
201905,S0056,A0065,86,31,23,26561355,39,9,17413235,16958445,147,1120
201905,S0057,A0016,99,33,24,16422074,55,8,10079544,11292117,150,1174
201905,S0058,A0065,101,32,23,23936309,58,8,13243077,16714580,147,1189
201905,S0059,A0037,45,8,2,491980,29,1,2866832,442554,143,1016
201905,S0060,A0018,67,16,6,5801637,39,2,2862989,3886821,133,1162
201905,S0061,A0188,84,36,28,22309846,39,9,16472172,15566570,125,895
201905,S0062,A0113,78,20,15,12476896,38,7,7595259,7464728,150,1150
201905,S0063,A0233,91,23,16,16016336,40,7,13530297,12157613,126,1151
201905,S0064,A0064,75,29,20,15837055,42,7,12228435,11156033,131,1196
201905,S0065,A0093,107,28,20,23817115,52,11,12666282,16101190,150,1192
201905,S0066,A0214,103,26,17,11199681,52,8,11529502,7694576,156,1186
201905,S0067,A0148,74,18,9,8687923,46,3,5051415,7365367,131,1169
201905,S0068,A0069,75,17,13,9704940,39,6,12142710,6569165,147,1194
201905,S0069,A0090,52,17,8,6553474,27,3,4477488,5585293,117,1168
201905,S0070,A0186,79,21,16,20702643,38,9,12398551,13306458,133,1190
201905,S0071,A0088,83,24,14,15732320,40,7,9299407,8737516,141,1188
201905,S0072,A0117,93,20,17,22436194,48,7,11025504,15490582,165,1171
201905,S0073,A0118,83,24,11,7172078,44,5,7988057,5121175,135,1110
201905,S0074,A0113,86,28,17,11772564,41,7,13722942,8693774,144,1161
201905,S0075,A0117,82,31,21,32207107,45,7,7838215,17933832,138,1157
201905,S0076,A0232,146,55,42,57791124,54,16,22680732,37835039,159,1185
201905,S0077,A0058,72,12,4,5532213,42,2,2800873,3422633,133,1187
201905,S0078,A0216,85,27,18,19074657,44,7,12399372,10909384,145,1016
201905,S0079,A0047,101,37,31,26049868,42,12,19507228,18132086,135,1022
201905,S0080,A0019,74,21,9,13082387,40,4,6473795,7958886,131,1076
201906,S0001,A0058,93,38,33,30335670,44,11,17724561,21687088,151,1139
201906,S0002,A0163,54,14,8,8688873,31,3,3372338,5954643,134,1197
201906,S0003,A0023,87,25,19,16864505,41,6,10558040,10381213,128,1145
201906,S0004,A0052,76,20,13,9928741,40,4,8351447,7519156,145,1199
201906,S0005,A0077,84,26,18,18948569,47,7,10906659,14359967,155,1170
201906,S0006,A0075,71,22,8,9928639,42,4,7219582,7244943,119,1183
201906,S0007,A0219,77,27,21,29991913,40,9,15198198,20356888,133,1160
201906,S0008,A0192,95,23,17,22793270,47,8,13384056,15342671,151,1185
201906,S0009,A0220,102,36,27,23298481,48,11,17425314,14906306,154,1177
201906,S0010,A0239,65,22,14,20371750,34,5,9628038,15724224,119,1124
201906,S0011,A0019,83,16,10,9957916,40,5,10431278,6206649,138,1189
201906,S0012,A0035,99,26,20,30061641,51,7,13609640,19515910,139,1140
201906,S0013,A0209,89,19,18,16456290,46,7,9627959,9645758,132,1199
201906,S0014,A0019,73,22,17,13875180,43,7,12256937,9633608,125,1192
201906,S0015,A0040,84,20,9,8201346,48,5,10274725,5257039,143,1178
201906,S0016,A0044,112,29,20,20225921,56,6,10873304,11322757,153,1163
201906,S0017,A0220,88,27,24,26278771,46,10,15124150,19010744,145,1161
201906,S0018,A0087,62,25,17,16332727,30,5,7241477,10468129,126,1173
201906,S0019,A0064,64,12,5,5393126,36,3,6218817,3676282,135,1189
201906,S0020,A0041,97,29,18,14817487,46,7,9654505,9432442,149,1129
201906,S0021,A0111,87,25,18,20028233,38,8,14997004,14103081,132,1099
201906,S0022,A0142,87,30,15,12966198,45,6,8264001,7145830,134,1138
201906,S0023,A0193,83,25,20,19539235,41,7,10280574,12753147,131,1191
201906,S0024,A0149,59,13,5,3662638,35,2,866790,1866186,158,1169
201906,S0025,A0237,96,46,35,45571303,42,11,18378754,28610853,142,1175
201906,S0026,A0026,105,31,15,22051742,53,5,5012186,16171977,150,1150
201906,S0027,A0118,110,29,20,18431336,44,8,10890092,10374421,141,1194
201906,S0028,A0136,92,20,9,7534263,48,3,3988352,4803346,147,1197
201906,S0029,A0166,60,17,8,12800862,36,3,4443246,9298680,143,1125
201906,S0030,A0002,86,28,18,18130416,44,7,11040745,10246820,132,1191
201906,S0031,A0049,102,38,22,18546080,51,9,12277667,9934789,144,1191
201906,S0032,A0112,76,24,13,9361316,46,5,8123256,6864193,154,1161
201906,S0033,A0016,47,13,8,6290916,25,2,4458042,3109593,119,1139
201906,S0034,A0235,72,20,18,19710543,31,5,6785791,13101866,130,1161
201906,S0035,A0154,99,20,18,20674125,41,7,14831390,13132952,143,1138
201906,S0036,A0192,88,34,25,32993454,43,9,13391767,23011330,149,1184
201906,S0037,A0124,61,17,9,12506660,39,5,10087889,9622101,130,1184
201906,S0038,A0144,81,34,14,17735280,41,5,9471134,14523668,135,1063
201906,S0039,A0083,78,22,14,9185532,43,6,4747935,5094964,144,1121
201906,S0040,A0079,75,24,13,17624463,41,4,9436882,15851790,148,1136
201906,S0041,A0032,91,37,24,25703755,41,9,10029450,19842536,131,1094
201906,S0042,A0050,135,29,18,20545103,66,8,12897064,12909939,157,1199
201906,S0043,A0185,117,33,29,37286426,56,13,15288161,26200625,149,1180
201906,S0044,A0107,71,20,11,14985323,39,4,6845731,7503825,127,1187
201906,S0045,A0199,101,26,16,17143718,44,7,11059628,10737201,142,1164
201906,S0046,A0067,92,22,17,23231419,48,7,14333587,15464985,150,1188
201906,S0047,A0174,117,38,28,27418804,57,12,25141115,16395958,164,1186
201906,S0048,A0210,62,18,9,10404016,39,3,3581580,6321584,141,1189
201906,S0049,A0200,87,21,15,21453751,41,6,9414600,13372895,141,1193
201906,S0050,A0052,94,24,12,8610558,50,5,8338284,5726213,140,1196
201906,S0051,A0089,85,17,14,11945494,41,6,9906031,8481395,148,1160
201906,S0052,A0066,78,39,25,18415690,42,10,14324113,14062899,141,1179
201906,S0053,A0192,121,33,30,25864300,46,11,13736835,21205323,143,1193
201906,S0054,A0194,115,38,28,26059839,50,11,16806416,15451165,154,1103
201906,S0055,A0107,75,15,11,13905827,47,5,7495887,8954786,144,1160
201906,S0056,A0065,96,30,20,19434392,43,9,16531281,12229892,153,1184
201906,S0057,A0016,51,15,6,7027371,31,2,3091557,5445007,145,1078
201906,S0058,A0065,101,34,22,24700364,42,9,12764277,18902561,147,1198
201906,S0059,A0037,113,31,21,22822110,47,9,10480736,18820005,156,1188
201906,S0060,A0018,94,37,30,28020122,46,11,20223298,22168685,142,1072
201906,S0061,A0188,84,24,19,23274584,40,8,13029089,16797155,133,1159
201906,S0062,A0113,66,13,10,12274362,31,4,4665883,8738847,124,1174
201906,S0063,A0233,121,46,35,47261692,51,13,23143007,32950771,149,1192
201906,S0064,A0064,99,28,22,28929564,46,10,18022448,19423405,139,1109
201906,S0065,A0093,63,15,10,6805380,35,4,5413214,3773083,147,1157
201906,S0066,A0214,74,22,14,18365647,37,5,5653071,11193571,118,1169
201906,S0067,A0148,74,16,7,3432884,41,2,4759236,2666312,114,1169
201906,S0068,A0069,76,21,15,17186729,43,7,10443993,12361486,131,1181
201906,S0069,A0090,81,17,6,5842022,43,3,6480546,4227099,144,1163
201906,S0070,A0186,69,23,19,19430223,41,7,8558001,16349876,141,1188
201906,S0071,A0088,82,32,26,31068308,38,8,15129429,22339836,133,1192
201906,S0072,A0117,74,24,15,17109936,37,5,9780632,10677701,129,1166
201906,S0073,A0118,77,25,14,5846354,46,4,6693001,4128537,132,1164
201906,S0074,A0113,85,19,12,15821997,47,5,9057948,9344606,129,1117
201906,S0075,A0117,83,18,11,19141888,48,4,5944959,12407899,139,1152
201906,S0076,A0232,90,26,21,20149290,47,7,14060017,14780885,139,1121
201906,S0077,A0058,65,25,8,9847336,32,2,5136514,7642031,118,1191
201906,S0078,A0216,91,23,13,19259988,47,5,8036128,11568818,143,1197
201906,S0079,A0047,95,25,20,16526508,38,8,7077681,13029475,136,1062
201906,S0080,A0019,98,38,25,23879737,55,9,14514529,14821097,161,1153
201907,S0001,A0058,81,30,18,19487895,40,6,13227215,15963506,116,1132
201907,S0002,A0163,81,24,14,15240016,38,5,6787659,11374726,135,1161
201907,S0003,A0023,86,21,12,11028233,41,6,9219106,8800380,137,1199
201907,S0004,A0052,94,20,13,18187769,46,6,8051663,10124311,136,1176
201907,S0005,A0077,82,34,19,21633599,42,6,9739831,13761412,154,1152
201907,S0006,A0075,83,31,23,16282262,41,8,12499084,11153679,129,1180
201907,S0007,A0219,109,23,13,13436809,51,7,11082592,8915847,159,1160
201907,S0008,A0192,89,20,16,21678457,50,6,4374762,15414296,152,1165
201907,S0009,A0220,90,17,12,15000980,46,4,7988473,10974546,142,1170
201907,S0010,A0239,105,46,25,27545946,50,9,15217586,18769388,138,1142
201907,S0011,A0019,72,17,8,9694543,38,4,6237147,5084493,135,1140
201907,S0012,A0035,93,28,22,22507613,39,9,12303683,16338464,137,1193
201907,S0013,A0209,75,15,9,5939059,37,4,4684128,3810930,130,1154
201907,S0014,A0019,112,36,18,14473845,51,7,12696403,9057128,158,1181
201907,S0015,A0040,84,23,14,14402523,41,6,7626709,8095223,128,1186
201907,S0016,A0044,103,34,27,27092092,51,10,13316951,19571620,143,1177
201907,S0017,A0220,86,31,24,20317733,38,8,10342973,11570906,126,1195
201907,S0018,A0087,72,23,17,23114417,38,8,15738547,12963368,120,1172
201907,S0019,A0064,74,19,17,17065305,39,8,9303681,9085038,149,1182
201907,S0020,A0041,80,20,16,18946604,44,5,7661841,14013390,138,1164
201907,S0021,A0111,86,33,19,23499795,48,7,13909269,13066819,139,1165
201907,S0022,A0142,96,24,18,18653444,45,10,9133727,14057465,135,1070
201907,S0023,A0193,95,30,22,22147153,44,11,15089873,16158779,130,1036
201907,S0024,A0149,101,23,12,9410955,52,6,9707953,5827524,156,1195
201907,S0025,A0237,96,32,26,27966852,48,8,10122901,17900762,158,1121
201907,S0026,A0026,92,25,20,23379768,48,8,14222090,17726580,140,1197
201907,S0027,A0118,62,14,11,8570670,33,6,8920226,6109067,148,1181
201907,S0028,A0136,101,23,9,9291185,56,6,8537747,6609353,154,1162
201907,S0029,A0166,64,20,13,14139200,36,5,10472465,10845827,126,1188
201907,S0030,A0002,85,21,13,17603700,42,7,10840813,10602952,143,1125
201907,S0031,A0049,84,25,13,16609937,46,4,8584862,11351176,146,1170
201907,S0032,A0112,76,25,13,17795089,38,5,4729213,11803758,124,898
201907,S0033,A0016,96,23,19,14341909,47,7,14404157,9786792,160,1080
201907,S0034,A0235,91,24,9,7128772,46,4,7569567,5549547,129,1146
201907,S0035,A0154,112,26,17,9652845,49,7,11731734,6106970,145,1188
201907,S0036,A0192,69,12,11,15626159,36,5,7625199,9321405,149,1194
201907,S0037,A0124,103,29,19,22243199,53,9,13024723,13174289,157,1190
201907,S0038,A0144,133,50,24,18458199,64,9,14144390,14413139,158,1173
201907,S0039,A0083,85,31,18,16463599,39,8,12175928,11086224,137,1198
201907,S0040,A0079,116,39,32,38710777,54,12,23666720,27634114,144,1198
201907,S0041,A0032,85,23,20,17452135,41,9,11991878,10609473,138,1178
201907,S0042,A0050,47,18,9,8644572,25,4,7220348,5539096,128,1190
201907,S0043,A0185,76,16,12,7850414,39,5,8361906,4698353,131,1011
201907,S0044,A0107,66,32,20,23731569,35,7,13922858,17975817,114,1150
201907,S0045,A0199,97,26,19,16073842,49,8,13819246,12325939,137,1193
201907,S0046,A0067,113,29,21,27158418,53,8,9715656,16787910,143,1178
201907,S0047,A0174,68,20,16,17203686,37,7,9980590,8485355,135,1185
201907,S0048,A0210,117,34,22,29352137,48,11,18185949,19729420,141,1192
201907,S0049,A0200,96,36,18,14669240,49,7,10215932,10911401,150,1161
201907,S0050,A0052,81,23,13,13019003,41,5,11110636,6835118,127,1195
201907,S0051,A0089,79,19,14,13366007,37,6,5989960,10627250,149,1191
201907,S0052,A0066,71,18,13,10614387,39,5,6956048,6433345,123,1177
201907,S0053,A0192,61,4,3,1647659,37,2,4421391,1217805,135,1071
201907,S0054,A0194,82,30,17,13285833,42,7,9677707,8343431,149,1131
201907,S0055,A0107,72,16,9,6865395,37,5,7410659,4786033,117,1138
201907,S0056,A0065,91,47,35,40118460,52,13,14634698,30539792,146,1186
201907,S0057,A0016,87,24,20,9804918,40,9,15610489,6006660,143,1181
201907,S0058,A0065,133,43,33,30959234,57,14,17938357,21431815,155,1148
201907,S0059,A0037,90,31,19,16744479,43,7,11464762,12530401,144,1126
201907,S0060,A0018,69,11,2,1369682,39,1,2183254,727816,143,1171
201907,S0061,A0188,71,17,6,5394170,43,2,4136043,2985242,146,1169
201907,S0062,A0113,75,27,17,25064388,43,5,7497509,16864658,141,1180
201907,S0063,A0233,98,23,8,10216759,41,6,8818550,6643430,140,1155
201907,S0064,A0064,64,24,10,12507795,37,3,4626877,10382025,135,1103
201907,S0065,A0093,102,17,12,13816840,52,6,9656485,9890452,141,1136
201907,S0066,A0214,96,26,20,31169849,50,6,9844555,20557789,138,1175
201907,S0067,A0148,114,34,28,29689181,51,12,20078007,23306933,130,1108
201907,S0068,A0069,116,36,26,25167814,56,11,15567067,16611890,131,1198
201907,S0069,A0090,60,16,11,6487392,34,5,9719853,3904049,140,1106
201907,S0070,A0186,109,32,24,27733056,46,11,17980466,20610575,134,1138
201907,S0071,A0088,77,33,21,22465927,41,7,7304694,16650295,134,1159
201907,S0072,A0117,95,21,12,12846749,46,4,6017351,7252845,153,1184
201907,S0073,A0118,55,15,7,6840636,36,4,5224302,4973707,136,1192
201907,S0074,A0113,99,32,17,15218155,51,6,6174779,10280360,159,1184
201907,S0075,A0117,111,35,24,19380311,49,9,16398392,12622061,157,1187
201907,S0076,A0232,97,25,17,18339576,48,8,12761586,12796318,147,1175
201907,S0077,A0058,94,37,27,28197896,49,11,15068598,19760147,141,1195
201907,S0078,A0216,72,16,11,12676816,43,4,2543782,9361968,149,1195
201907,S0079,A0047,112,40,26,38974189,55,10,9005620,27645502,164,1062
201907,S0080,A0019,104,27,18,14033248,56,7,5143149,9164569,146,1163
201908,S0001,A0058,111,23,18,14534287,53,6,4545769,12019402,137,1199
201908,S0002,A0163,65,19,8,7271998,40,3,5492848,5563245,134,1140
201908,S0003,A0023,78,20,10,9928667,40,6,7427487,6232401,154,1182
201908,S0004,A0052,94,26,22,16538969,44,9,13013990,11749239,154,1191
201908,S0005,A0077,103,38,29,30989627,52,9,14178094,23700507,146,1181
201908,S0006,A0075,109,45,27,26435297,52,11,20688503,16937894,149,1143
201908,S0007,A0219,69,23,13,9144739,40,5,11971364,5650302,145,1198
201908,S0008,A0192,88,19,15,16849932,46,6,7009324,12678123,155,1140
201908,S0009,A0220,89,20,10,10547317,47,5,9249874,7094123,124,1141
201908,S0010,A0239,90,27,17,20266351,46,9,15940214,12084940,147,1168
201908,S0011,A0019,100,28,20,14685921,50,8,10004295,10446760,127,1091
201908,S0012,A0035,113,41,28,30775713,53,10,14091629,20166315,159,1144
201908,S0013,A0209,91,25,17,21293448,45,6,13427388,16110918,129,1156
201908,S0014,A0019,70,17,9,10733163,44,4,8309457,5793179,164,1196
201908,S0015,A0040,69,13,10,6233116,40,4,4327400,3063327,133,1187
201908,S0016,A0044,73,20,16,19366906,37,6,11177821,14687156,123,1159
201908,S0017,A0220,107,40,26,24111610,49,10,12998399,19371154,144,1101
201908,S0018,A0087,93,30,25,24213460,41,9,8320281,17147720,141,1163
201908,S0019,A0064,54,17,13,18342898,34,6,11489420,10092388,128,1165
201908,S0020,A0041,121,46,36,26447471,56,14,18636962,15468361,165,1094
201908,S0021,A0111,96,31,20,23463284,45,9,12998907,15996200,152,1111
201908,S0022,A0142,107,35,25,23702326,51,10,11926879,15486640,138,1165
201908,S0023,A0193,93,33,13,11553195,48,6,7897864,7636917,136,1187
201908,S0024,A0149,96,28,17,15394697,45,7,13181794,8889319,122,1179
201908,S0025,A0237,99,29,23,15629432,47,10,16492082,9051113,139,1186
201908,S0026,A0026,83,29,22,23228603,42,8,10359925,15649426,148,1185
201908,S0027,A0118,66,16,13,14355117,32,6,8967054,10887267,133,1127
201908,S0028,A0136,93,31,17,14222866,47,6,9686481,9898272,143,1155
201908,S0029,A0166,93,33,25,20341077,49,9,9209838,13688200,150,1183
201908,S0030,A0002,117,39,30,32297425,61,10,17539167,19421620,159,1197
201908,S0031,A0049,83,29,17,22369293,39,6,7479885,16314846,125,1196
201908,S0032,A0112,63,21,19,18992634,31,8,12367471,11624942,135,1171
201908,S0033,A0016,81,21,9,10706727,46,3,3872860,7906165,163,1199
201908,S0034,A0235,129,35,27,22839805,65,11,15694455,18349517,182,1199
201908,S0035,A0154,93,26,17,21051838,46,7,9478602,16167885,129,1166
201908,S0036,A0192,59,13,12,7368357,34,4,4101755,4995399,117,1144
201908,S0037,A0124,93,39,28,31991572,47,11,17383935,21915410,129,1125
201908,S0038,A0144,94,26,23,18016390,47,10,16351289,12853656,131,1163
201908,S0039,A0083,59,21,16,22343404,28,5,8641109,10608319,129,1183
201908,S0040,A0079,77,26,20,20282188,40,7,10011102,17005239,149,1191
201908,S0041,A0032,82,23,15,23943585,40,7,14155245,19338277,135,1133
201908,S0042,A0050,101,34,26,29200925,50,13,19990794,20275593,142,1195
201908,S0043,A0185,96,35,20,13056904,44,6,7480498,9441704,153,1176
201908,S0044,A0107,103,39,31,32985746,45,13,21091743,22793307,128,1177
201908,S0045,A0199,72,14,10,12478623,40,4,6714675,7506081,127,1188
201908,S0046,A0067,70,11,4,3784442,39,2,3803280,3241206,147,1193
201908,S0047,A0174,82,31,13,6429719,43,6,7260939,5386818,125,1138
201908,S0048,A0210,74,29,21,11557141,40,7,10781860,6989958,129,1181
201908,S0049,A0200,87,30,23,30803978,44,9,15090195,20840254,132,1172
201908,S0050,A0052,97,24,17,16750427,54,7,5504425,9491105,154,1145
201908,S0051,A0089,92,23,17,12915279,45,7,12083125,8585105,133,1151
201908,S0052,A0066,73,23,15,22760492,39,6,9007857,16178410,141,1188
201908,S0053,A0192,87,36,21,22430800,41,7,13336441,14664997,136,1111
201908,S0054,A0194,79,15,10,12511974,42,6,13729247,10031243,151,1146
201908,S0055,A0107,63,5,4,2577354,39,2,4219896,1503143,127,1139
201908,S0056,A0065,78,24,11,14164498,41,4,7144588,8434326,144,1119
201908,S0057,A0016,96,26,20,15116113,46,8,9858706,11638679,150,1069
201908,S0058,A0065,83,25,12,4927608,39,4,3216271,3532508,130,1170
201908,S0059,A0037,78,24,11,8684130,44,4,2215643,5986044,152,1198
201908,S0060,A0018,69,25,16,18578124,38,6,10375738,11468570,141,1075
201908,S0061,A0188,122,37,29,22252374,51,11,18980266,14146922,135,1193
201908,S0062,A0113,105,36,28,22862689,48,10,9673422,16380239,151,1194
201908,S0063,A0233,91,33,22,16757257,39,8,11096998,10499676,161,1194
201908,S0064,A0064,73,17,10,13794868,42,3,2986328,8132854,153,1181
201908,S0065,A0093,81,23,15,13655763,42,7,11551041,10675060,134,1076
201908,S0066,A0214,75,20,12,16727280,41,4,5167794,12038497,148,1161
201908,S0067,A0148,71,20,9,10248717,39,5,7314070,6965782,129,1171
201908,S0068,A0069,109,25,15,13835634,47,8,10550750,9652314,153,1170
201908,S0069,A0090,84,26,18,11192772,42,8,13278706,7129399,152,1186
201908,S0070,A0186,103,27,19,25105948,49,9,15103123,15123692,147,1188
201908,S0071,A0088,95,35,31,38856579,48,13,23714260,25811004,145,1191
201908,S0072,A0117,81,33,23,29113444,49,7,12378326,20141027,131,1195
201908,S0073,A0118,75,25,13,11100906,41,6,6040839,7422485,139,1170
201908,S0074,A0113,93,27,21,19017093,44,8,9779738,12383874,139,1023
201908,S0075,A0117,75,15,5,4759839,39,2,3773823,3176129,128,1172
201908,S0076,A0232,85,24,18,18832607,48,6,8900755,11017716,149,1090
201908,S0077,A0058,99,29,20,22439187,48,8,13067910,15678874,156,1185
201908,S0078,A0216,64,14,12,17426444,34,4,7214970,13890223,130,1183
201908,S0079,A0047,65,17,13,10864291,34,5,7627794,7083753,141,1086
201908,S0080,A0019,56,17,10,9209942,24,6,11033021,6813530,112,1056
201909,S0001,A0058,74,18,14,17317715,36,6,15561877,12267208,131,1199
201909,S0002,A0163,88,37,28,39679060,43,9,11950713,23243690,142,1162
201909,S0003,A0023,88,39,31,26526811,40,11,14991676,18981390,154,1174
201909,S0004,A0052,95,26,18,21107610,45,7,9992940,15659442,149,937
201909,S0005,A0077,76,22,13,7750096,38,7,7794152,6197912,129,1129
201909,S0006,A0075,101,29,25,26515078,43,9,11106987,19442772,150,1192
201909,S0007,A0219,78,36,29,22138373,39,10,14165911,13306168,152,1153
201909,S0008,A0192,81,42,33,42645121,41,11,18858310,32803484,132,1113
201909,S0009,A0220,88,29,18,15105652,43,8,10574756,10697959,140,1162
201909,S0010,A0239,93,26,13,9996820,47,6,10056413,7231092,131,1183
201909,S0011,A0019,95,27,17,15007331,47,5,8387376,7939190,143,1141
201909,S0012,A0035,90,35,7,7987582,52,3,4417790,5834835,182,1097
201909,S0013,A0209,92,31,17,19444507,46,6,7722947,12478522,165,1128
201909,S0014,A0019,104,44,25,21916560,52,10,13571739,14333875,166,1118
201909,S0015,A0040,66,17,12,11409209,27,5,10842614,7808816,129,1150
201909,S0016,A0044,77,27,20,22951108,38,8,14207414,13821482,145,1188
201909,S0017,A0220,69,21,13,7313551,41,4,4083401,5411077,129,1160
201909,S0018,A0087,90,35,22,25040822,46,9,14820878,14883893,150,1197
201909,S0019,A0064,93,28,19,21534267,46,6,8351147,12708202,134,1182
201909,S0020,A0041,65,26,21,26901047,37,7,12866188,17212225,134,1185
201909,S0021,A0111,96,21,18,18796714,46,8,10054454,14367514,142,1197
201909,S0022,A0142,71,17,12,12428935,34,6,6287864,10282297,137,1190
201909,S0023,A0193,52,12,8,6198758,27,3,5494467,3436948,128,1183
201909,S0024,A0149,74,17,11,7491382,42,4,6840038,4924847,144,1193
201909,S0025,A0237,69,9,4,4191974,35,3,3835392,2094343,128,1189
201909,S0026,A0026,99,34,25,23044475,40,10,16550207,14213697,134,1153
201909,S0027,A0118,87,31,20,24095007,45,9,12877588,18140674,141,1110
201909,S0028,A0136,82,28,20,16967821,41,7,4552335,12383632,121,1149
201909,S0029,A0166,92,26,14,15287680,54,8,11965265,10045717,168,1195
201909,S0030,A0002,126,34,22,25717958,57,10,17590284,16308761,149,1190
201909,S0031,A0049,107,54,44,60700409,47,14,21293039,44694379,133,1178
201909,S0032,A0112,78,18,14,15180110,44,6,9368278,12102475,129,1130
201909,S0033,A0016,75,27,13,14356382,42,5,8956946,9646307,123,1178
201909,S0034,A0235,110,31,20,24449873,55,8,13721594,16835773,149,1187
201909,S0035,A0154,85,23,16,19038796,39,7,12892925,14991665,129,1057
201909,S0036,A0192,105,25,19,18220748,48,8,16788978,12441937,134,1184
201909,S0037,A0124,79,24,21,28752566,41,7,7808149,15236121,170,1154
201909,S0038,A0144,109,35,26,24382628,55,11,13399903,18280689,141,1119
201909,S0039,A0083,100,35,19,19493376,45,8,11226704,11630823,160,1157
201909,S0040,A0079,65,16,10,6504912,39,7,10513797,4273393,137,1161
201909,S0041,A0032,70,19,12,13054919,34,5,11956651,9754843,153,1173
201909,S0042,A0050,68,26,13,5514309,31,5,6177143,3914234,148,1142
201909,S0043,A0185,97,34,22,32992912,49,9,11151958,22329083,135,1196
201909,S0044,A0107,99,26,17,13515370,45,8,11541978,9817473,142,1197
201909,S0045,A0199,57,15,9,9229197,36,3,3364789,5440560,139,1115
201909,S0046,A0067,67,22,15,12723009,42,5,7208851,10031784,152,1125
201909,S0047,A0174,72,27,16,20774906,34,7,11419857,14780013,143,1175
201909,S0048,A0210,114,37,31,30924422,51,12,15217917,21385402,149,1144
201909,S0049,A0200,72,30,17,13356715,35,6,9261942,9182256,155,1142
201909,S0050,A0052,79,33,18,14157105,44,5,7735793,9282045,160,1199
201909,S0051,A0089,77,18,6,4104016,38,3,3188656,2048818,126,1153
201909,S0052,A0066,96,31,21,14760945,47,9,15563124,10735976,152,1152
201909,S0053,A0192,104,22,17,11990306,47,8,13861723,8320541,134,1197
201909,S0054,A0194,92,34,24,24887478,43,9,14898529,19220100,136,1166
201909,S0055,A0107,78,19,12,10121163,39,5,5536099,6543162,131,1188
201909,S0056,A0065,66,24,13,12810307,33,5,7432067,8277527,134,1181
201909,S0057,A0016,93,34,20,18793402,43,7,8768620,14798375,128,1135
201909,S0058,A0065,82,31,22,19386827,35,9,14611067,12987797,118,1137
201909,S0059,A0037,75,20,7,7760127,43,3,4143997,4626131,161,1197
201909,S0060,A0018,84,34,25,29574360,40,8,9125517,15807113,133,1196
201909,S0061,A0188,99,32,18,24710572,45,7,8814295,16649394,150,1186
201909,S0062,A0113,79,23,10,11128397,40,3,4579450,8798033,139,1139
201909,S0063,A0233,94,26,17,22622507,42,6,8373260,18180292,138,1147
201909,S0064,A0064,106,29,14,21626783,48,7,7180415,16231481,135,1182
201909,S0065,A0093,82,30,24,27209358,49,12,17576420,21857217,139,1097
201909,S0066,A0214,77,27,22,24469992,41,7,14151101,16667304,140,1145
201909,S0067,A0148,74,8,5,4055139,43,2,3677471,3505576,137,1155
201909,S0068,A0069,81,26,24,23946614,39,7,9269436,17999790,119,1186
201909,S0069,A0090,96,21,16,16831260,48,7,12167828,11845238,148,1144
201909,S0070,A0186,82,24,12,13084452,42,5,7330706,8643877,155,1193
201909,S0071,A0088,89,15,12,14696545,46,5,7165276,12405951,145,1160
201909,S0072,A0117,75,24,14,12803178,38,6,9709592,6927203,132,1154
201909,S0073,A0118,77,16,12,9908824,42,6,9971527,6887338,140,1158
201909,S0074,A0113,89,24,19,17475536,45,7,13880437,12524373,141,1166
201909,S0075,A0117,102,36,20,20240842,48,7,7251403,15113746,129,1184
201909,S0076,A0232,113,40,25,30141307,49,12,17539596,23092275,133,1187
201909,S0077,A0058,94,25,12,18182339,49,6,6615017,12615489,135,1124
201909,S0078,A0216,91,32,15,15782277,44,6,11363396,10708390,135,1190
201909,S0079,A0047,88,38,25,31568367,42,10,8897191,21547607,131,1148
201909,S0080,A0019,103,34,23,27174613,46,9,7496183,20388905,154,1195
201910,S0001,A0058,100,22,12,7732870,52,5,9669835,5948111,134,1158
201910,S0002,A0163,95,37,24,28421084,40,10,21786564,15248402,129,1198
201910,S0003,A0023,71,15,10,10783294,39,7,13489373,8561386,126,1171
201910,S0004,A0052,77,28,21,24039875,37,8,10419199,16792261,153,1194
201910,S0005,A0077,95,29,23,29448489,44,10,17381121,21719448,152,1192
201910,S0006,A0075,76,19,9,7259642,43,4,5801439,4268533,133,1195
201910,S0007,A0219,59,21,16,21370069,32,6,11373727,14933222,127,1146
201910,S0008,A0192,87,20,17,19117696,41,7,10729005,15624831,123,1178
201910,S0009,A0220,109,39,25,28204810,47,10,15081043,15744639,134,1188
201910,S0010,A0239,81,31,14,12794294,41,7,13656462,7913005,160,1198
201910,S0011,A0019,111,32,19,25710039,56,8,15031514,19885217,161,1197
201910,S0012,A0035,88,26,12,11292117,43,5,10083724,7800444,125,1160
201910,S0013,A0209,58,23,16,23123226,35,6,9005543,16471476,118,1199
201910,S0014,A0019,86,21,16,18454798,43,7,10469950,13096273,129,1186
201910,S0015,A0040,69,8,4,4067850,38,3,5121617,2650759,136,1196
201910,S0016,A0044,81,18,10,8248781,42,5,8644775,6715974,134,1159
201910,S0017,A0220,74,18,14,15335452,36,5,8100634,10031532,144,1188
201910,S0018,A0087,70,17,7,6834338,35,4,9233787,3881513,147,1159
201910,S0019,A0064,84,21,16,19544427,44,6,10504201,11033010,145,1167
201910,S0020,A0041,90,16,13,14977459,44,6,11708563,9557263,172,1132
201910,S0021,A0111,93,31,14,11377592,45,6,10070115,7585543,145,1164
201910,S0022,A0142,118,41,33,43626461,57,12,14074675,32140296,161,1179
201910,S0023,A0193,71,16,8,12451652,41,2,694550,9433660,145,1193
201910,S0024,A0149,80,21,14,19947684,41,4,5765275,13228249,139,1180
201910,S0025,A0237,55,17,11,13360656,26,4,5732240,8180128,131,1128
201910,S0026,A0026,104,42,32,32646179,47,10,12250600,19085327,139,1144
201910,S0027,A0118,105,28,21,24261414,53,7,6022694,16941206,167,1199
201910,S0028,A0136,85,21,12,12279429,43,6,10085826,8385778,147,1178
201910,S0029,A0166,88,25,11,4623057,48,5,8720888,2790347,151,1143
201910,S0030,A0002,103,29,21,23213280,46,8,9840313,17179974,132,1145
201910,S0031,A0049,49,13,6,5918798,27,2,4588816,4978261,125,972
201910,S0032,A0112,111,36,27,39371472,45,10,17570874,23524596,146,1083
201910,S0033,A0016,78,20,16,16420282,38,5,6222772,10531826,140,1048
201910,S0034,A0235,92,22,18,18338461,46,6,9745038,12554461,140,1143
201910,S0035,A0154,68,16,9,12385756,38,4,8431497,7586952,128,1189
201910,S0036,A0192,120,48,36,37674964,56,12,17649005,24574511,154,1162
201910,S0037,A0124,57,17,13,17049132,33,4,6217569,14487628,127,1181
201910,S0038,A0144,75,27,23,17024971,42,7,10488370,11692371,126,1192
201910,S0039,A0083,93,25,17,19341672,44,7,10855118,15347994,140,1178
201910,S0040,A0079,81,27,24,31284115,35,9,15555310,22126159,128,1120
201910,S0041,A0032,80,14,9,12061767,47,4,9628619,9414637,134,1173
201910,S0042,A0050,68,32,27,27794312,33,7,10272340,21234715,115,1190
201910,S0043,A0185,75,16,13,17557160,39,7,7848336,11822073,136,1182
201910,S0044,A0107,76,20,16,22084142,41,6,8329829,14889249,152,1196
201910,S0045,A0199,92,34,26,25783634,46,8,12842244,20621371,141,1193
201910,S0046,A0067,77,18,8,10552610,45,3,6208592,7337331,134,1193
201910,S0047,A0174,75,21,16,14564401,38,8,13136948,8726044,148,1169
201910,S0048,A0210,106,23,17,21376977,51,8,8193040,16867000,141,1186
201910,S0049,A0200,105,49,34,41236349,52,12,17202730,30654676,140,1183
201910,S0050,A0052,72,8,6,5619294,46,3,4738158,3794987,140,1195
201910,S0051,A0089,92,27,23,22774308,41,13,21766240,13671396,138,1169
201910,S0052,A0066,77,24,13,8780439,43,5,8179153,8060277,145,1182
201910,S0053,A0192,69,16,12,17387686,34,6,13415598,10874126,125,1142
201910,S0054,A0194,92,35,18,16746080,45,7,12613583,9647868,143,1164
201910,S0055,A0107,49,12,3,3916850,27,2,3078262,3017366,115,1114
201910,S0056,A0065,82,21,12,11751164,41,4,6100130,7856405,136,1128
201910,S0057,A0016,94,25,20,20661917,49,8,11660385,14603696,157,1174
201910,S0058,A0065,87,28,15,16325070,45,6,8943803,11625236,135,1134
201910,S0059,A0037,102,22,17,14443175,50,9,10965284,10278153,142,1174
201910,S0060,A0018,98,26,20,23052661,43,8,12551717,16666926,133,1163
201910,S0061,A0188,93,44,31,47850096,43,11,16358784,34744069,139,1172
201910,S0062,A0113,80,27,11,10661923,46,4,3558266,8291523,133,1111
201910,S0063,A0233,108,31,25,27354381,50,10,15707002,19741682,144,1195
201910,S0064,A0064,85,26,16,21210657,42,7,12055209,16877801,145,1198
201910,S0065,A0093,58,14,5,8497298,35,2,1581229,5832905,141,1153
201910,S0066,A0214,74,27,18,14145938,44,6,5758443,9655354,138,1190
201910,S0067,A0148,95,32,24,23602669,43,9,8733330,16246960,130,1110
201910,S0068,A0069,71,15,9,7495269,39,4,5043028,5688143,150,1132
201910,S0069,A0090,92,21,10,7427715,46,6,9833718,4325362,136,1187
201910,S0070,A0186,83,30,24,27550033,40,8,12775988,20477951,124,1177
201910,S0071,A0088,75,21,11,7504844,39,6,7279053,6128714,133,1149
201910,S0072,A0117,88,19,14,13315902,42,6,10001424,9280914,137,1171
201910,S0073,A0118,50,20,8,13755260,31,3,6157113,7957973,136,1041
201910,S0074,A0113,76,24,16,13919642,41,6,7571615,9379497,147,1199
201910,S0075,A0117,121,33,27,30601883,58,11,14140757,18644781,139,1185
201910,S0076,A0232,98,30,18,15876845,47,6,11429157,8652883,144,1166
201910,S0077,A0058,86,36,30,43709730,38,10,13780463,30906387,142,1125
201910,S0078,A0216,40,5,0,0,28,0,0,0,117,1193
201910,S0079,A0047,110,33,28,30187438,53,13,23790818,21035978,136,1177
201910,S0080,A0019,90,28,18,19353252,44,9,13473504,12770632,124,1175
201911,S0001,A0058,98,25,21,28055211,43,9,12450842,20179574,126,1191
201911,S0002,A0163,72,14,7,7100457,38,3,4493892,5569493,126,1158
201911,S0003,A0023,84,31,18,17379075,40,8,10952289,12173023,123,1158
201911,S0004,A0052,107,30,21,22422013,52,10,14059041,14116257,155,1152
201911,S0005,A0077,117,46,37,32365875,47,13,23020886,22628595,132,1180
201911,S0006,A0075,81,22,13,12758697,41,5,8951981,9621230,139,1089
201911,S0007,A0219,69,12,10,10059501,32,4,8536206,7027390,120,1028
201911,S0008,A0192,82,22,16,10526510,42,7,14325308,8458744,150,1077
201911,S0009,A0220,86,32,23,26730703,42,11,20460546,20676706,147,1156
201911,S0010,A0239,81,23,17,21190203,46,9,14493440,14119135,141,1197
201911,S0011,A0019,94,24,17,22151512,50,6,11517860,17484439,137,1167
201911,S0012,A0035,77,25,19,16547618,41,9,17474593,12347487,146,1078
201911,S0013,A0209,87,24,13,16841214,48,5,6659843,12322051,135,1142
201911,S0014,A0019,100,36,30,34354270,49,10,15043136,23803097,146,1166
201911,S0015,A0040,88,32,28,26265019,45,12,21456658,17198430,145,1185
201911,S0016,A0044,82,30,15,21015514,41,6,7094596,11846726,147,1115
201911,S0017,A0220,76,22,15,17008702,47,6,10043558,12242216,154,1178
201911,S0018,A0087,115,37,31,31072412,61,11,19905059,20479206,155,1171
201911,S0019,A0064,110,33,23,24250250,51,9,17524193,15530265,154,1171
201911,S0020,A0041,92,27,19,20218131,41,8,11372862,13847294,128,1133
201911,S0021,A0111,107,31,25,26468107,54,9,15072274,19549820,160,1182
201911,S0022,A0142,105,26,19,17350126,49,10,12656086,11755357,142,1187
201911,S0023,A0193,93,26,18,26213560,43,5,9493772,14927553,148,1179
201911,S0024,A0149,72,21,10,10041845,43,5,9170670,6603600,132,1114
201911,S0025,A0237,69,27,16,15833433,40,6,6782467,9694625,151,1197
201911,S0026,A0026,73,17,16,11290696,40,8,8068178,7964215,137,1190
201911,S0027,A0118,65,17,16,20938859,35,7,10042891,13319003,136,1162
201911,S0028,A0136,100,36,25,27767773,43,9,10686071,19441456,143,1181
201911,S0029,A0166,97,26,23,19894005,48,8,13754535,13881562,152,1168
201911,S0030,A0002,77,14,9,8556050,48,3,4527657,4923015,137,1135
201911,S0031,A0049,66,11,3,3979035,37,1,1277021,3023835,118,1144
201911,S0032,A0112,96,33,22,21019532,47,9,13399448,15520368,159,1195
201911,S0033,A0016,65,18,13,12424346,31,6,9066217,7599568,149,1195
201911,S0034,A0235,84,14,8,10023022,43,5,9328249,7694753,137,1067
201911,S0035,A0154,76,20,14,10994597,35,6,8819760,8484450,135,1110
201911,S0036,A0192,64,12,7,10078480,34,2,3319369,7114546,121,1165
201911,S0037,A0124,95,35,25,29593734,37,9,13851168,19373332,134,1195
201911,S0038,A0144,90,37,27,27103963,41,10,17311824,21065161,142,1193
201911,S0039,A0083,90,28,21,15456373,47,8,11792640,10192900,146,1167
201911,S0040,A0079,94,31,19,9713985,47,7,6110781,5892317,141,1195
201911,S0041,A0032,107,26,15,20515012,54,7,11965280,14047646,147,1194
201911,S0042,A0050,118,30,23,32049254,51,8,12306218,19762142,144,1191
201911,S0043,A0185,125,36,28,27318193,50,11,17706147,18660557,154,1190
201911,S0044,A0107,78,24,18,17054105,40,7,10143159,10726253,132,1086
201911,S0045,A0199,84,28,13,12514841,45,5,8479350,6171244,145,1145
201911,S0046,A0067,99,30,22,21503866,50,7,8188409,12811083,140,1175
201911,S0047,A0174,85,26,19,10824126,42,7,11705725,7109904,146,1192
201911,S0048,A0210,101,38,29,35664906,42,10,17870036,27859396,136,1180
201911,S0049,A0200,115,39,24,26026099,50,10,12956453,18749606,167,1174
201911,S0050,A0052,65,26,14,15467535,37,5,11250214,9892317,132,1107
201911,S0051,A0089,105,38,25,25530643,47,11,11257756,16420067,141,1184
201911,S0052,A0066,116,32,24,25319218,57,9,7091272,15939990,167,1146
201911,S0053,A0192,90,27,20,18700749,48,7,13519072,12844535,141,1134
201911,S0054,A0194,69,16,11,11683494,37,5,8643913,7300053,113,1169
201911,S0055,A0107,84,28,18,12943542,38,8,16677377,9471416,143,1056
201911,S0056,A0065,59,18,9,11238926,29,5,8353243,8017635,125,1074
201911,S0057,A0016,77,19,15,18225167,43,6,9552812,12754276,143,1186
201911,S0058,A0065,100,38,28,33990608,54,12,22395098,26605305,158,1158
201911,S0059,A0037,64,17,12,16282384,36,5,8342090,13384885,134,1175
201911,S0060,A0018,130,35,25,23018517,60,11,17461993,15396320,146,1160
201911,S0061,A0188,133,41,32,27479811,56,13,19320013,19148778,155,1176
201911,S0062,A0113,53,10,7,6741423,33,4,7489346,4437414,136,1163
201911,S0063,A0233,102,34,23,19359375,52,8,12918467,12646282,153,1185
201911,S0064,A0064,67,23,12,5417144,35,4,4475625,3578602,125,1101
201911,S0065,A0093,81,38,33,46999996,38,13,21004239,36592038,148,1152
201911,S0066,A0214,98,34,21,17045565,53,9,16054584,11665350,148,1182
201911,S0067,A0148,90,33,28,31602541,44,11,15103826,17707270,143,1191
201911,S0068,A0069,73,22,15,14690029,42,6,6305407,10528776,121,1104
201911,S0069,A0090,84,39,24,22626700,46,8,15035504,16587429,134,1146
201911,S0070,A0186,67,20,8,11151383,37,5,7911644,6855695,149,1165
201911,S0071,A0088,81,20,7,5066437,41,3,6674259,2965013,157,1134
201911,S0072,A0117,111,42,33,34098451,54,14,24954698,26855417,144,1185
201911,S0073,A0118,92,28,20,16197489,50,9,8364854,11051429,151,1189
201911,S0074,A0113,85,24,16,21795211,40,7,14824277,12530382,131,1189
201911,S0075,A0117,75,23,14,4549074,43,5,8574107,3022123,145,1147
201911,S0076,A0232,82,16,9,15967866,42,3,5006993,12973683,143,1152
201911,S0077,A0058,106,30,24,26861980,54,10,14556090,20096659,144,1192
201911,S0078,A0216,69,29,25,22520574,29,9,12751141,17048123,123,1190
201911,S0079,A0047,66,19,14,10230649,43,6,6007887,7346623,144,1116
201911,S0080,A0019,115,40,31,31728996,56,13,19870916,21773168,156,1180
201912,S0001,A0058,76,27,23,18659209,37,7,12953919,14252028,128,1166
201912,S0002,A0163,129,23,14,15799784,55,8,11658162,10427413,164,1150
201912,S0003,A0023,100,26,10,7641389,52,5,8637714,6376207,150,1198
201912,S0004,A0052,95,31,17,22638335,52,7,10702080,16225677,139,1196
201912,S0005,A0077,90,23,17,13002135,43,8,12668594,8169116,146,1185
201912,S0006,A0075,79,29,22,26322064,40,7,10515594,20982867,160,1191
201912,S0007,A0219,84,17,11,12457011,49,5,4493910,7965049,142,1157
201912,S0008,A0192,107,39,23,25522034,53,9,15263725,17304706,165,1198
201912,S0009,A0220,83,23,19,17298343,39,8,9157489,12498166,149,1173
201912,S0010,A0239,40,8,3,2827835,23,2,1276790,1852973,105,1146
201912,S0011,A0019,101,23,18,20778609,44,6,11745387,14890897,137,1143
201912,S0012,A0035,72,18,14,15658377,40,7,12890449,9738345,127,1177
201912,S0013,A0209,100,40,32,38983483,42,11,22013447,27230493,134,1192
201912,S0014,A0019,88,30,22,16318144,40,10,18236925,11809203,135,1196
201912,S0015,A0040,105,39,28,30869225,53,9,13603785,19903470,150,1167
201912,S0016,A0044,88,27,19,16606509,44,8,10758610,9178864,154,1186
201912,S0017,A0220,108,44,27,22769163,51,10,11262048,16199049,132,1159
201912,S0018,A0087,82,22,14,13077740,41,7,10106268,8741404,141,1198
201912,S0019,A0064,81,17,4,6240937,43,2,1325549,3246305,140,1166
201912,S0020,A0041,93,24,17,19749205,43,6,9760004,12492371,147,1199
201912,S0021,A0111,89,33,21,22650878,43,7,11255890,18346972,146,1195
201912,S0022,A0142,65,20,14,11094635,34,4,4448439,9687420,136,1174
201912,S0023,A0193,98,28,15,14318059,46,7,10994958,10019851,151,1023
201912,S0024,A0149,124,39,27,27872766,53,10,12605299,17152412,156,1152
201912,S0025,A0237,87,24,15,17218682,47,6,6572075,9425075,131,1157
201912,S0026,A0026,65,23,11,11424535,38,4,7407117,5559214,126,1192
201912,S0027,A0118,80,19,15,16727968,42,5,7906981,11603332,150,1195
201912,S0028,A0136,103,31,24,21573908,46,12,21914168,13340825,153,1191
201912,S0029,A0166,79,12,6,8282097,40,3,4726458,4063604,150,1158
201912,S0030,A0002,111,42,24,25024163,55,8,12735620,15811610,132,1095
201912,S0031,A0049,54,13,7,7488304,31,3,5865752,4548095,124,1166
201912,S0032,A0112,95,38,25,32363027,53,11,12011428,23016201,153,1197
201912,S0033,A0016,68,26,17,20906351,37,5,9300141,16393694,143,1192
201912,S0034,A0235,89,25,13,14064236,51,7,10243016,9439884,154,1183
201912,S0035,A0154,94,29,20,12146883,42,8,13513715,7133081,132,1006
201912,S0036,A0192,68,19,16,10571368,28,5,5918153,6897745,122,1177
201912,S0037,A0124,82,24,19,15358301,46,7,15517161,11479274,146,1158
201912,S0038,A0144,81,10,4,5673663,44,4,8014343,2820209,129,1187
201912,S0039,A0083,119,40,30,36593463,52,10,12869981,26187441,144,1185
201912,S0040,A0079,101,30,25,28449134,50,10,14347325,18785928,147,1178
201912,S0041,A0032,97,22,17,16804568,43,10,14946503,11936695,159,1195
201912,S0042,A0050,103,37,27,27583930,51,11,16113129,19919821,147,1185
201912,S0043,A0185,99,17,12,12772012,46,7,12198177,9257658,143,1148
201912,S0044,A0107,98,26,15,10418444,54,6,10676469,6997143,156,1187
201912,S0045,A0199,102,39,32,33505230,44,11,13616077,21621298,156,1187
201912,S0046,A0067,63,19,10,13749253,34,4,6659578,7910473,144,1193
201912,S0047,A0174,89,24,18,13646638,41,7,11853848,7973476,126,1129
201912,S0048,A0210,73,16,11,13648121,41,5,6299423,9100545,146,1189
201912,S0049,A0200,83,20,12,12243549,43,7,12850772,8243531,145,1105
201912,S0050,A0052,102,27,14,13452714,56,7,11588407,10469172,152,1092
201912,S0051,A0089,75,18,17,8920326,35,7,9530432,6112957,134,1135
201912,S0052,A0066,74,19,12,19376863,40,5,7098384,14319790,138,1184
201912,S0053,A0192,91,37,23,24651852,51,10,15195069,13953931,141,1174
201912,S0054,A0194,73,22,16,11586716,36,7,10077009,7748569,119,1090
201912,S0055,A0107,90,15,12,21352540,49,6,7325531,13324528,137,1190
201912,S0056,A0065,77,22,16,17203610,40,5,6418554,11587427,140,1090
201912,S0057,A0016,98,37,25,32793188,42,8,12927923,19717791,148,1100
201912,S0058,A0065,107,26,16,7430688,49,9,12580288,5453427,148,1161
201912,S0059,A0037,90,36,29,32593629,48,8,10804574,25408660,147,1109
201912,S0060,A0018,75,24,9,11509456,38,4,7119995,6808655,133,1170
201912,S0061,A0188,105,29,20,24133975,52,8,8937176,18126545,149,1178
201912,S0062,A0113,75,23,18,19437274,32,7,12536254,12320714,135,1141
201912,S0063,A0233,70,19,15,19349131,34,7,8359445,13363392,128,1040
201912,S0064,A0064,95,24,21,20417843,47,7,7608445,15594251,157,1041
201912,S0065,A0093,68,31,22,18323018,39,7,9146503,13232146,135,1186
201912,S0066,A0214,64,23,2,3179792,43,1,2411174,2258377,148,1182
201912,S0067,A0148,83,26,16,12801882,38,6,7760456,8345078,134,1147
201912,S0068,A0069,116,31,20,21508002,51,9,14833700,12513122,155,1154
201912,S0069,A0090,71,16,10,10252541,38,5,7582322,6026853,138,1198
201912,S0070,A0186,82,15,13,14493077,37,7,13073147,9386922,133,1183
201912,S0071,A0088,70,25,22,24818786,37,8,15443360,17878403,121,1134
201912,S0072,A0117,102,30,21,26195206,55,9,16088676,15492752,161,1195
201912,S0073,A0118,92,23,12,10714291,51,6,8863738,7922317,148,1174
201912,S0074,A0113,87,35,21,12369706,50,6,11502325,8433220,139,1187
201912,S0075,A0117,79,13,11,8931666,43,6,8970969,5504710,148,1157
201912,S0076,A0232,82,23,18,16903442,39,8,9394495,11522115,130,1172
201912,S0077,A0058,96,33,31,39258841,43,11,14425600,27570361,154,1176
201912,S0078,A0216,88,30,23,22843536,42,9,12657847,15735716,136,1177
201912,S0079,A0047,98,19,16,20521954,48,7,10211665,16888801,139,1137
201912,S0080,A0019,94,49,32,31393292,48,9,13282822,24218722,144,1197
202001,S0001,A0058,78,16,13,12863185,41,6,6551387,9820442,124,1115
202001,S0002,A0163,80,13,7,4949722,38,3,2465059,2726810,128,1166
202001,S0003,A0023,96,25,11,12408675,47,6,10711209,10365852,141,1193
202001,S0004,A0052,98,24,20,20514360,43,8,13729958,14767389,137,1167
202001,S0005,A0077,120,41,28,25918041,54,10,13643402,18136084,156,1142
202001,S0006,A0075,102,33,12,18843027,48,5,6128032,11686713,130,1176
202001,S0007,A0219,89,31,25,24235417,38,11,18129081,15421676,134,1100
202001,S0008,A0192,121,45,35,44059899,52,13,19082217,28741386,158,1174
202001,S0009,A0220,64,26,11,5459485,37,4,5881097,4013668,140,1178
202001,S0010,A0239,89,22,14,12491573,45,7,13887282,7496657,137,1113
202001,S0011,A0019,96,33,18,17944763,49,8,14005813,10583159,136,1185
202001,S0012,A0035,127,37,24,25221503,55,12,18582179,17652640,160,1147
202001,S0013,A0209,79,21,13,14520102,39,5,6886628,10020990,143,1191
202001,S0014,A0019,102,31,17,5772100,54,6,9944525,3839190,152,1138
202001,S0015,A0040,92,24,16,13313062,45,7,12116831,9402742,141,1134
202001,S0016,A0044,66,24,18,19125400,33,7,12274114,14134761,117,1131
202001,S0017,A0220,93,27,18,15502364,44,8,13358044,10048838,130,1192
202001,S0018,A0087,81,23,18,25060997,42,7,8637633,14728701,149,1131
202001,S0019,A0064,92,26,17,17710673,44,7,11658464,13121096,141,1041
202001,S0020,A0041,90,17,10,5896994,47,5,8956498,4327745,149,1097
202001,S0021,A0111,95,39,35,26135781,39,11,15973864,19408974,128,1197
202001,S0022,A0142,81,25,15,15842784,45,6,7290069,12038018,138,1195
202001,S0023,A0193,122,30,14,16191882,63,7,10528373,11155237,161,1183
202001,S0024,A0149,92,23,22,20951020,39,8,16417812,14578577,121,1179
202001,S0025,A0237,82,30,22,28252077,42,8,12251527,20567061,128,1125
202001,S0026,A0026,96,21,11,10015153,50,6,9066312,6453341,158,1196
202001,S0027,A0118,60,23,14,19614092,32,5,6416062,15184669,140,1021
202001,S0028,A0136,68,21,17,13309484,35,6,5008692,7084197,137,1193
202001,S0029,A0166,80,21,16,19536896,46,5,8796959,12143019,152,1178
202001,S0030,A0002,82,25,21,21638214,44,8,13388194,14241366,134,1197
202001,S0031,A0049,69,21,16,17455295,40,7,12117765,11868712,135,1129
202001,S0032,A0112,81,21,15,19733548,45,5,6669452,16285102,138,1140
202001,S0033,A0016,94,22,6,6136672,48,3,4523312,3968422,145,1126
202001,S0034,A0235,70,16,14,11339066,32,6,6415647,7184773,103,1018
202001,S0035,A0154,87,27,22,24091186,42,9,14904858,15692357,143,1178
202001,S0036,A0192,90,37,22,20380151,50,9,10266632,12083453,143,1195
202001,S0037,A0124,89,20,12,8462664,46,6,12426026,7108640,158,1186
202001,S0038,A0144,116,34,21,24300861,57,12,21268976,16600991,161,1093
202001,S0039,A0083,89,19,11,14062545,38,4,6692597,8747439,138,1194
202001,S0040,A0079,80,26,17,17766810,33,8,8777904,11122928,129,1190
202001,S0041,A0032,91,21,19,17387779,45,8,13720730,12666268,141,1179
202001,S0042,A0050,81,33,19,18453306,42,7,9154076,13171314,135,1188
202001,S0043,A0185,68,32,17,12600534,38,6,10655568,8100203,122,1105
202001,S0044,A0107,70,16,10,15737377,36,5,8820897,8936182,126,1198
202001,S0045,A0199,91,24,21,21006887,45,8,8122918,14256883,120,1152
202001,S0046,A0067,92,29,24,26751125,44,10,13695171,14355013,141,1189
202001,S0047,A0174,59,15,11,13116539,29,5,8198259,8026188,134,1160
202001,S0048,A0210,97,36,30,31338097,39,12,19922750,21155258,150,1193
202001,S0049,A0200,66,19,10,10335787,34,5,8328486,7574829,140,1168
202001,S0050,A0052,70,26,17,14363060,40,6,12054129,9361040,129,1151
202001,S0051,A0089,108,31,25,28401727,47,9,16909464,20654909,141,1194
202001,S0052,A0066,131,32,25,32192833,49,13,22658421,21303889,133,1168
202001,S0053,A0192,94,38,25,25136487,48,10,18680945,17951380,139,1171
202001,S0054,A0194,98,26,17,20702610,41,9,12463184,13454762,139,1179
202001,S0055,A0107,78,24,18,22584169,39,6,8803617,17779470,125,1124
202001,S0056,A0065,90,25,15,7637611,46,6,6927676,4407535,146,1132
202001,S0057,A0016,71,26,18,20920499,42,7,7768197,12867797,138,1188
202001,S0058,A0065,76,19,11,10660659,46,4,5169803,5928596,138,1193
202001,S0059,A0037,83,32,27,29845202,42,12,19795443,21317453,143,1149
202001,S0060,A0018,87,32,23,29852390,42,8,10937919,22136802,135,1180
202001,S0061,A0188,69,21,13,17034784,42,5,8683070,10082867,126,1174
202001,S0062,A0113,117,45,31,30824409,53,13,19492560,21678691,169,1140
202001,S0063,A0233,124,32,21,25468472,63,9,14624016,17144560,182,1189
202001,S0064,A0064,124,40,30,43008158,53,12,22215127,28683516,166,1165
202001,S0065,A0093,99,26,16,19535171,43,8,10695946,10970293,138,1030
202001,S0066,A0214,85,20,12,12963412,40,4,8430475,9091463,143,1171
202001,S0067,A0148,83,26,16,13349375,45,6,13161549,9195853,139,1101
202001,S0068,A0069,57,29,25,19198010,28,8,12343427,13870663,107,1192
202001,S0069,A0090,68,32,24,20655733,38,7,10631554,15906504,116,1092
202001,S0070,A0186,90,32,22,16155467,53,9,12233643,12635642,152,1118
202001,S0071,A0088,88,22,12,15817613,41,5,7281026,9215172,142,1160
202001,S0072,A0117,85,36,27,23713897,39,10,15763859,16008198,129,1128
202001,S0073,A0118,99,23,16,19810943,48,5,8213167,12825422,158,1147
202001,S0074,A0113,74,17,13,10375630,41,6,7444325,5998035,145,1167
202001,S0075,A0117,78,16,9,10759426,38,5,6478259,6201249,123,1155
202001,S0076,A0232,139,44,33,29940772,64,13,21177036,20416332,164,1192
202001,S0077,A0058,63,17,16,19838275,31,6,8449898,13169414,135,999
202001,S0078,A0216,76,13,2,2349057,44,2,5054677,1320164,137,1194
202001,S0079,A0047,85,36,27,26083642,45,10,15443998,18955308,175,1189
202001,S0080,A0019,96,37,25,20813891,47,10,17697226,13849928,120,1189
202002,S0001,A0058,95,35,24,23927219,38,9,15755194,16829844,133,1134
202002,S0002,A0163,104,29,15,15389868,47,9,11657686,10507040,148,1126
202002,S0003,A0023,91,23,12,14903630,52,5,8627245,8425293,153,1085
202002,S0004,A0052,101,32,16,20409338,49,6,11573099,14013421,141,1054
202002,S0005,A0077,107,45,37,35549720,47,16,21519315,23756502,143,1152
202002,S0006,A0075,80,18,15,23841918,39,6,10735319,13771392,135,1156
202002,S0007,A0219,72,25,19,18248982,38,8,17019847,13354970,132,1180
202002,S0008,A0192,63,25,13,14270446,36,4,3985351,11584693,143,1176
202002,S0009,A0220,110,29,22,20635879,53,9,10212978,13991729,143,1105
202002,S0010,A0239,95,31,21,22729982,48,8,11787995,13012213,126,1196
202002,S0011,A0019,83,28,13,11980731,43,4,5072808,9093756,155,1172
202002,S0012,A0035,89,29,20,19675394,40,9,16480639,11519792,140,1142
202002,S0013,A0209,89,29,24,24648114,37,8,10989036,17730639,132,1183
202002,S0014,A0019,97,33,22,19534773,45,8,11564433,13889213,142,1151
202002,S0015,A0040,88,25,17,26343608,47,5,6904247,22057734,150,1195
202002,S0016,A0044,104,30,24,25954259,49,8,12744320,15991046,144,1151
202002,S0017,A0220,131,52,42,32066540,57,14,20555773,23159970,144,1155
202002,S0018,A0087,84,22,10,9418796,43,4,8875561,5572023,124,1139
202002,S0019,A0064,69,22,17,13369577,38,5,8835569,8911071,132,1173
202002,S0020,A0041,61,24,13,8357156,38,5,9863907,6236645,153,1160
202002,S0021,A0111,86,20,9,11175196,44,4,8388967,5527875,135,1176
202002,S0022,A0142,101,36,24,25541561,45,12,21736752,17718117,143,1124
202002,S0023,A0193,81,21,16,18196916,44,7,13177585,13432120,160,1146
202002,S0024,A0149,71,19,10,7228145,37,4,4569890,4894985,131,1185
202002,S0025,A0237,90,26,16,19100735,48,9,14411154,11639833,149,1194
202002,S0026,A0026,86,22,13,12636048,48,5,8352363,8328256,157,1170
202002,S0027,A0118,104,26,16,11081814,64,7,9160534,6652927,147,1115
202002,S0028,A0136,98,27,20,18531026,48,10,10041069,12234360,135,1154
202002,S0029,A0166,98,37,29,37061707,41,11,17115836,25530557,129,1173
202002,S0030,A0002,109,48,30,33774589,56,12,16445500,26940329,161,1081
202002,S0031,A0049,114,46,36,36453353,53,14,18468949,25491136,164,1191
202002,S0032,A0112,107,35,26,28599881,54,9,16487594,21519947,154,1195
202002,S0033,A0016,76,25,11,15089638,39,4,4649441,9927553,136,1183
202002,S0034,A0235,67,32,25,25102733,36,8,14512990,14424424,137,1178
202002,S0035,A0154,60,11,6,7533040,34,3,4378973,5274272,130,1164
202002,S0036,A0192,95,24,18,18365937,42,7,10205080,14906261,126,1154
202002,S0037,A0124,104,25,19,18732791,51,9,15086202,10669980,141,1196
202002,S0038,A0144,100,29,21,23993230,47,8,11519122,18063966,150,1192
202002,S0039,A0083,65,14,6,8554299,36,2,2762589,4312489,133,1173
202002,S0040,A0079,73,18,7,9960668,47,2,3458330,6657234,137,1190
202002,S0041,A0032,97,32,28,35463276,44,11,17585356,19160617,154,1173
202002,S0042,A0050,112,29,13,13252039,57,7,11053877,8803078,157,1156
202002,S0043,A0185,104,31,23,27027312,53,8,9897023,21101226,150,1190
202002,S0044,A0107,82,16,6,10803579,43,3,4225625,6590781,154,1159
202002,S0045,A0199,125,40,32,35636621,54,13,21688559,22454533,151,1178
202002,S0046,A0067,98,35,25,31799461,50,8,10987568,19899086,135,1170
202002,S0047,A0174,67,11,8,7365403,36,4,8611982,4487329,126,1178
202002,S0048,A0210,76,19,7,6648485,41,3,5352819,5352438,143,1165
202002,S0049,A0200,91,23,14,14013518,49,6,12162178,8347738,135,1108
202002,S0050,A0052,100,35,24,26741994,49,8,11462112,17890350,150,1167
202002,S0051,A0089,90,26,18,18713506,46,6,9057179,15811594,139,1069
202002,S0052,A0066,101,44,40,54542243,49,15,20818830,40092628,151,1156
202002,S0053,A0192,86,28,17,19906156,45,6,11330252,13486856,159,1143
202002,S0054,A0194,104,30,17,15659053,52,6,9063156,12132223,154,1074
202002,S0055,A0107,107,34,21,21482857,49,8,10666898,14152766,139,1194
202002,S0056,A0065,125,31,24,22795684,56,12,16555615,14586189,145,1185
202002,S0057,A0016,132,37,23,23313278,58,11,16828927,13517928,155,1187
202002,S0058,A0065,88,17,12,11394655,45,5,7151785,6824577,131,1188
202002,S0059,A0037,68,22,17,14624364,37,6,8786512,12212045,130,1186
202002,S0060,A0018,88,23,13,5964242,46,5,7580585,3571067,140,1174
202002,S0061,A0188,92,21,14,16033837,47,5,9332108,9971157,144,1164
202002,S0062,A0113,73,23,15,15139884,31,6,9251735,10218759,135,1185
202002,S0063,A0233,109,29,19,23264550,56,6,8540371,16253922,157,1181
202002,S0064,A0064,89,31,19,22089365,46,8,7060316,13729282,151,1191
202002,S0065,A0093,76,25,14,16757966,42,5,5959320,11899878,147,1137
202002,S0066,A0214,104,44,19,18827462,49,9,16474204,12749221,136,1128
202002,S0067,A0148,87,26,16,18062594,41,6,8141260,11793854,113,1198
202002,S0068,A0069,107,42,31,45982426,47,11,15642000,30502495,158,1180
202002,S0069,A0090,76,14,9,10833025,43,4,8734472,7204122,137,1160
202002,S0070,A0186,67,15,11,5032672,35,5,8274611,3859964,113,1155
202002,S0071,A0088,93,23,13,14799444,49,5,9958032,8740972,176,1187
202002,S0072,A0117,94,27,25,27190025,51,11,19449068,16656805,155,1177
202002,S0073,A0118,104,20,15,20345959,55,7,11994002,11192681,148,1165
202002,S0074,A0113,76,22,15,20297932,39,6,10500724,14005323,137,1192
202002,S0075,A0117,79,23,20,19779005,40,7,7057272,11290880,141,1154
202002,S0076,A0232,75,21,9,9096491,44,4,5064749,6884581,150,1180
202002,S0077,A0058,120,44,33,34190875,50,12,21287610,26183208,146,1189
202002,S0078,A0216,99,25,17,13133306,47,6,9664134,8339189,147,1192
202002,S0079,A0047,86,32,21,19291531,36,9,14377391,13644353,137,1197
202002,S0080,A0019,126,40,27,35565310,58,10,14920603,26097914,145,1199
202003,S0001,A0058,64,11,2,1871793,33,2,3153062,1571361,126,1130
202003,S0002,A0163,65,28,19,24277702,32,8,11852168,15950335,143,1147
202003,S0003,A0023,78,35,27,33525404,45,11,17350720,22408976,136,1106
202003,S0004,A0052,79,5,3,4251427,41,3,4366684,2758250,144,1148
202003,S0005,A0077,86,25,17,21007766,46,6,7066608,14590394,149,1177
202003,S0006,A0075,98,38,27,22533437,46,9,16300586,12693165,136,1167
202003,S0007,A0219,102,32,26,25584595,50,13,22689281,14043709,151,1128
202003,S0008,A0192,84,28,24,27639231,40,9,7718153,20875530,126,1082
202003,S0009,A0220,100,33,9,8387673,51,5,6743626,6507943,135,1079
202003,S0010,A0239,95,36,28,31602875,49,10,17214091,22903136,134,1193
202003,S0011,A0019,83,23,12,14729615,38,4,5330815,8241095,134,1158
202003,S0012,A0035,84,28,20,16793721,41,7,10460302,12713301,149,1185
202003,S0013,A0209,87,32,17,18649687,46,6,10539817,10223183,135,1144
202003,S0014,A0019,86,25,20,18690190,41,8,13248972,13435414,128,1195
202003,S0015,A0040,85,23,13,12585522,36,7,11565787,8197872,134,1169
202003,S0016,A0044,80,30,22,26298617,41,8,9079700,17279633,133,1149
202003,S0017,A0220,95,25,16,23140546,50,7,9239581,17174362,150,1172
202003,S0018,A0087,103,37,26,36925270,51,10,18603683,24905595,150,1165
202003,S0019,A0064,106,30,23,20745054,55,8,12016958,13355167,155,1125
202003,S0020,A0041,105,37,28,24434374,43,10,17699654,18844190,125,1114
202003,S0021,A0111,97,22,15,20862747,51,7,10081058,16337708,135,1114
202003,S0022,A0142,86,22,14,14471718,46,7,10853953,9765541,158,1158
202003,S0023,A0193,69,18,9,13003243,37,4,5768231,8436952,134,1191
202003,S0024,A0149,71,20,15,18381402,37,6,13435248,13643918,148,1182
202003,S0025,A0237,137,37,26,25163207,64,11,12298631,16192163,175,1177
202003,S0026,A0026,53,17,10,7997426,29,3,2346592,5435295,139,1188
202003,S0027,A0118,71,30,21,25956536,33,8,13341540,18298471,129,1033
202003,S0028,A0136,112,34,18,19347269,56,8,7844010,15415516,162,1145
202003,S0029,A0166,105,39,31,39863076,52,14,19948932,25351074,142,1178
202003,S0030,A0002,95,29,24,21035606,45,8,12169981,13276172,132,1171
202003,S0031,A0049,72,32,25,17637313,36,9,12937883,10602572,135,1132
202003,S0032,A0112,85,32,20,22724654,44,8,12898736,18102742,153,1132
202003,S0033,A0016,63,16,7,8257905,35,2,1904054,5441834,123,1148
202003,S0034,A0235,69,14,9,7653509,37,5,7220369,4905486,150,1194
202003,S0035,A0154,78,18,14,19952520,41,6,8098179,10948778,124,1173
202003,S0036,A0192,76,15,10,12517088,39,4,7415219,9957736,143,1181
202003,S0037,A0124,88,37,32,33054939,43,12,17094017,21722732,132,1151
202003,S0038,A0144,83,17,12,11257414,43,7,9056263,9252797,144,1168
202003,S0039,A0083,87,21,17,11403050,44,7,15757674,7691785,146,1151
202003,S0040,A0079,64,15,15,15175691,33,5,7396926,11468722,136,1160
202003,S0041,A0032,81,18,8,6659068,44,4,7461481,3586308,124,1110
202003,S0042,A0050,82,22,14,13490397,42,8,10833716,10722334,127,1187
202003,S0043,A0185,105,34,26,33827836,51,10,10414946,21286554,149,1191
202003,S0044,A0107,84,23,17,16683775,42,6,9940982,13292320,132,1170
202003,S0045,A0199,68,20,15,17156374,36,6,9813501,10810880,135,1149
202003,S0046,A0067,83,26,13,10175593,44,8,9175446,7619165,149,1097
202003,S0047,A0174,80,19,14,12931806,38,6,9495140,7558443,137,1166
202003,S0048,A0210,102,21,10,8879650,55,4,2020082,6720632,157,1185
202003,S0049,A0200,63,13,10,14164881,33,3,5031303,11239854,125,1149
202003,S0050,A0052,79,26,23,24140205,43,9,17680314,17107530,164,1194
202003,S0051,A0089,101,31,17,17805366,48,7,8715567,12119761,137,1158
202003,S0052,A0066,87,26,18,7932001,45,7,10670040,5469188,148,1168
202003,S0053,A0192,92,25,14,15722246,51,6,8967372,13190178,131,1140
202003,S0054,A0194,52,8,1,1401687,28,1,1041431,600989,128,1115
202003,S0055,A0107,85,31,19,26281592,46,6,12956782,19974578,147,1151
202003,S0056,A0065,71,28,18,24102202,40,6,11885031,16733349,136,1145
202003,S0057,A0016,92,19,15,12549910,43,8,9555834,7241942,137,1158
202003,S0058,A0065,86,22,11,5209980,46,6,10911673,4048320,149,1185
202003,S0059,A0037,80,20,12,12403930,44,6,5989102,7955650,133,1181
202003,S0060,A0018,67,19,13,11429654,34,5,6716571,7448385,126,1165
202003,S0061,A0188,85,30,21,16083105,42,8,11849618,11602591,129,1169
202003,S0062,A0113,84,25,15,9783920,46,6,8603578,6664381,136,1159
202003,S0063,A0233,106,28,17,19932597,53,6,12754510,14037564,136,1166
202003,S0064,A0064,82,24,16,12713011,37,7,9294084,9085751,132,1173
202003,S0065,A0093,71,19,4,4742441,39,3,5344746,3048738,141,949
202003,S0066,A0214,59,12,12,11898780,38,4,7020889,7708797,124,1142
202003,S0067,A0148,69,12,7,8537084,36,3,5832842,6449881,131,1166
202003,S0068,A0069,75,19,16,16442742,33,7,12116852,13000059,118,1079
202003,S0069,A0090,85,22,17,18857291,42,6,9198530,14251450,132,1199
202003,S0070,A0186,101,27,15,7760140,52,6,8066458,4773090,166,1177
202003,S0071,A0088,79,21,17,12259928,47,7,13528934,8624776,137,1187
202003,S0072,A0117,73,23,13,13253441,43,6,10232535,10441388,129,1172
202003,S0073,A0118,70,15,10,9348789,35,4,5754471,7070557,121,1170
202003,S0074,A0113,105,28,21,18635239,56,8,12329061,11697462,151,1195
202003,S0075,A0117,74,29,16,16658620,42,6,6164235,11167853,144,1082
202003,S0076,A0232,74,19,16,14741991,42,6,8159431,10050283,138,1153
202003,S0077,A0058,91,19,12,17760080,44,5,6061286,11045055,127,1099
202003,S0078,A0216,90,39,28,19621985,40,10,14564875,13498443,138,1193
202003,S0079,A0047,88,39,25,33061956,40,10,15608127,21787110,137,1199
202003,S0080,A0019,87,32,22,28216808,47,9,13042992,20485115,140,1175
202004,S0001,A0058,113,21,17,14000158,48,8,12486099,10885341,142,1146
202004,S0002,A0163,93,19,9,9306716,50,4,7691052,7185356,147,1178
202004,S0003,A0023,87,26,19,14285311,44,7,15312890,10272992,143,1173
202004,S0004,A0052,96,25,17,19727638,49,7,8770260,13907300,140,1099
202004,S0005,A0077,77,19,13,14153607,37,7,12985450,9620861,142,1151
202004,S0006,A0075,96,32,21,25647473,38,8,14455691,15726157,126,1171
202004,S0007,A0219,97,35,21,16825720,46,7,11106963,12131044,139,1191
202004,S0008,A0192,102,30,18,13295777,48,7,8164623,9429638,152,1186
202004,S0009,A0220,74,17,11,7064555,41,4,5525992,4677539,138,1180
202004,S0010,A0239,116,26,10,7093826,59,6,9824253,4669536,164,1199
202004,S0011,A0019,87,27,18,25037965,49,7,14865637,17010509,130,1184
202004,S0012,A0035,107,32,24,29516179,43,10,21271736,18448813,156,1178
202004,S0013,A0209,90,22,10,10782617,46,5,9185717,7752111,137,1185
202004,S0014,A0019,92,28,22,21290764,43,10,14912318,16281775,147,1137
202004,S0015,A0040,91,27,18,28155257,47,6,13139617,18963657,156,1195
202004,S0016,A0044,77,24,15,11901074,40,5,6622182,8887056,140,1113
202004,S0017,A0220,82,25,20,19029241,42,7,5250457,15219239,137,1144
202004,S0018,A0087,90,24,17,19737134,45,7,10284948,11713173,138,1187
202004,S0019,A0064,73,26,19,23923361,38,6,9593648,14715312,140,1174
202004,S0020,A0041,68,24,14,13643621,35,5,10740476,8455537,148,1176
202004,S0021,A0111,81,19,17,14570655,43,7,12128718,9227929,134,1195
202004,S0022,A0142,91,14,8,7474378,43,4,9736041,5587424,151,1182
202004,S0023,A0193,80,25,19,23633611,45,9,13320887,15701887,162,1151
202004,S0024,A0149,75,11,0,0,46,0,0,0,156,1174
202004,S0025,A0237,84,13,7,6365164,41,3,7137572,3687243,145,1159
202004,S0026,A0026,103,29,17,25686184,53,9,14793880,20994617,144,1192
202004,S0027,A0118,84,35,27,28536056,41,11,16088278,20954387,156,1020
202004,S0028,A0136,67,27,20,19388027,35,7,12319162,13898323,115,1155
202004,S0029,A0166,98,21,14,13673472,49,7,5147252,9430828,144,1106
202004,S0030,A0002,69,17,10,7062805,37,5,5403838,4052539,124,1181
202004,S0031,A0049,89,34,28,30046923,45,9,14761598,21905503,127,1193
202004,S0032,A0112,38,9,9,10340572,26,4,7895407,6435185,125,969
202004,S0033,A0016,89,33,22,18862626,48,7,11746882,11761127,143,1180
202004,S0034,A0235,106,28,25,24674506,49,11,16498320,16431335,146,1199
202004,S0035,A0154,71,24,22,21548521,37,8,11063533,15464981,134,1198
202004,S0036,A0192,97,31,29,27423383,36,12,17981770,16952351,127,1147
202004,S0037,A0124,77,20,17,15338453,34,7,10308720,12196242,121,1171
202004,S0038,A0144,91,20,15,17124137,47,6,12353044,10923796,135,1183
202004,S0039,A0083,90,20,15,15025364,45,6,10660259,9392681,128,1177
202004,S0040,A0079,82,19,8,11283905,48,5,6368928,7143920,141,1199
202004,S0041,A0032,105,36,25,21601616,47,12,24542624,17239516,134,1179
202004,S0042,A0050,73,27,20,26368416,37,8,8847551,16647658,139,1145
202004,S0043,A0185,87,14,1,633233,46,1,2121289,430063,142,1164
202004,S0044,A0107,84,20,11,17206482,44,5,6293234,10356887,130,1160
202004,S0045,A0199,138,34,25,30986019,65,11,17339086,21368110,175,1164
202004,S0046,A0067,101,26,13,13475215,49,5,8371726,8109072,148,1178
202004,S0047,A0174,111,40,30,24351784,51,11,17147540,16185639,159,1023
202004,S0048,A0210,69,13,9,10122100,39,4,5681524,6998319,136,1167
202004,S0049,A0200,68,21,15,19668496,39,6,7237651,13063363,135,1093
202004,S0050,A0052,91,39,28,39364289,46,10,13438368,28071589,139,1198
202004,S0051,A0089,81,16,9,6183483,44,4,7280724,3570927,133,1195
202004,S0052,A0066,71,14,11,12584556,39,7,9309767,8483318,150,1190
202004,S0053,A0192,118,49,39,36012785,53,13,15654053,24825563,156,1166
202004,S0054,A0194,76,18,8,10292602,45,4,7514376,7324183,130,1187
202004,S0055,A0107,85,25,16,17231602,45,6,10657188,10555261,130,1178
202004,S0056,A0065,80,28,21,24521388,36,9,11945442,17052327,152,1163
202004,S0057,A0016,85,22,16,14125019,43,7,11372066,9233573,147,1153
202004,S0058,A0065,87,23,15,11384144,38,6,6591966,7223291,131,1168
202004,S0059,A0037,77,17,12,18366713,36,6,5126293,12309512,152,1108
202004,S0060,A0018,75,19,8,4599369,38,4,3833821,3179114,127,1179
202004,S0061,A0188,75,21,12,7308304,41,4,5115142,6389009,141,1195
202004,S0062,A0113,96,33,19,21503554,43,8,15831943,17625922,150,1185
202004,S0063,A0233,71,12,6,8780872,40,2,2804012,4700431,140,1162
202004,S0064,A0064,100,34,20,18826998,46,8,7383438,12377331,128,1183
202004,S0065,A0093,111,22,13,13871327,53,7,14933359,7891880,141,1141
202004,S0066,A0214,78,29,15,13363655,44,6,8283333,10175719,132,1179
202004,S0067,A0148,104,32,27,34999004,54,10,13828262,22156645,140,1172
202004,S0068,A0069,64,22,18,22464834,32,7,12202097,16201746,128,1092
202004,S0069,A0090,82,22,16,20022324,41,7,7912035,12132887,124,1189
202004,S0070,A0186,91,20,13,10124896,37,5,6964026,6857273,121,1185
202004,S0071,A0088,109,31,20,22505763,53,8,14618688,16162997,139,1191
202004,S0072,A0117,106,31,21,30543575,53,8,12581785,19465163,148,1171
202004,S0073,A0118,108,38,28,33982120,53,10,10231116,20963288,150,1198
202004,S0074,A0113,100,37,26,29081443,50,9,9859179,20367908,144,1187
202004,S0075,A0117,76,29,21,22831237,39,7,9375012,15770065,130,1196
202004,S0076,A0232,88,18,10,11101986,44,5,8338790,9761093,141,1196
202004,S0077,A0058,71,21,9,4547948,36,4,9056173,2367722,159,1177
202004,S0078,A0216,107,27,21,22535426,47,7,9185814,16979180,140,1192
202004,S0079,A0047,100,26,17,16987782,55,6,12353127,9003061,158,1170
202004,S0080,A0019,70,24,19,15014612,37,7,13220931,11178505,118,1172
202005,S0001,A0058,93,29,12,15626371,52,5,6142689,10971188,132,1156
202005,S0002,A0163,103,26,13,8968577,50,8,9151345,7493812,146,1172
202005,S0003,A0023,77,35,23,27871468,36,8,13540524,21766072,140,1165
202005,S0004,A0052,91,27,21,29495660,46,9,16587667,21112009,128,1192
202005,S0005,A0077,86,38,26,21818648,43,9,13959434,15640079,143,1150
202005,S0006,A0075,71,22,13,9717331,40,6,11961406,6390260,151,1168
202005,S0007,A0219,82,26,15,17692089,50,7,12427173,11984436,144,1054
202005,S0008,A0192,88,29,25,26571124,40,10,15364070,18616881,153,1193
202005,S0009,A0220,77,26,16,9179188,39,6,11207815,6788706,126,1199
202005,S0010,A0239,61,16,9,11544508,33,3,5178618,7902102,139,1160
202005,S0011,A0019,91,39,28,36087276,43,10,10534189,25531180,129,1076
202005,S0012,A0035,93,25,17,9709459,44,9,9539943,7071418,141,1089
202005,S0013,A0209,77,23,14,4996974,45,5,7290293,4201385,128,1192
202005,S0014,A0019,72,20,13,14127520,41,6,8760543,12476240,145,1170
202005,S0015,A0040,123,38,33,42955591,51,13,16191930,31401024,148,1181
202005,S0016,A0044,80,21,12,11753720,44,5,7165039,7339217,131,1181
202005,S0017,A0220,93,16,13,16086761,47,6,6163239,10937486,139,1177
202005,S0018,A0087,100,37,33,43035926,49,13,14827756,28772229,146,1195
202005,S0019,A0064,79,25,14,10926367,39,5,6308567,8553848,123,1105
202005,S0020,A0041,107,33,26,36959814,53,11,17135322,28708204,157,1189
202005,S0021,A0111,135,48,33,35138940,54,12,24034731,29128403,145,1160
202005,S0022,A0142,96,21,10,15109762,57,6,8494524,9612793,142,1190
202005,S0023,A0193,90,19,11,15302499,44,6,8646727,11299476,152,1198
202005,S0024,A0149,100,31,18,18497306,43,7,10814363,12719470,146,1162
202005,S0025,A0237,110,30,19,27185006,54,7,12807544,19617186,139,1182
202005,S0026,A0026,76,30,23,26108874,32,8,13485241,18972567,128,908
202005,S0027,A0118,93,33,21,20700113,48,9,16602917,14748921,146,1181
202005,S0028,A0136,101,34,22,23266488,47,9,11356248,17508808,157,1175
202005,S0029,A0166,74,26,15,22703279,37,7,9865174,16296515,125,1152
202005,S0030,A0002,88,21,19,21177423,45,8,9970503,12829372,149,1162
202005,S0031,A0049,81,17,9,6958012,41,6,8521391,4882208,140,1091
202005,S0032,A0112,87,27,21,21073599,44,10,12187529,14617485,142,1199
202005,S0033,A0016,60,21,13,13740587,34,4,2846212,7748797,136,1182
202005,S0034,A0235,95,26,16,19035725,51,8,11516743,13156460,173,1196
202005,S0035,A0154,74,28,16,16789158,36,8,14926555,11297461,139,1104
202005,S0036,A0192,94,32,25,24191460,39,12,18476093,17487713,133,1175
202005,S0037,A0124,90,35,24,25738103,43,10,17657329,17142243,155,1168
202005,S0038,A0144,91,20,16,15821610,40,8,12376381,11770078,143,1159
202005,S0039,A0083,107,30,27,29686756,52,11,12283481,17072224,144,1187
202005,S0040,A0079,82,32,26,29193124,43,9,11631660,20969290,139,1169
202005,S0041,A0032,80,45,29,32132464,45,10,17386661,19188421,132,1180
202005,S0042,A0050,86,34,22,14827265,46,8,12634489,10325771,140,1128
202005,S0043,A0185,114,47,39,35839652,53,14,19024528,22653791,153,1174
202005,S0044,A0107,92,24,14,18694346,46,5,7669193,11306306,135,1173
202005,S0045,A0199,91,23,14,15045570,43,6,8779667,10919652,130,1197
202005,S0046,A0067,64,14,12,10190997,28,6,6874673,7709778,117,1184
202005,S0047,A0174,90,14,11,11469151,52,3,3407549,6230788,137,1196
202005,S0048,A0210,102,37,32,44173647,45,13,21048559,31109481,144,1157
202005,S0049,A0200,107,33,27,30356356,49,9,18728347,17615496,158,1117
202005,S0050,A0052,65,19,15,13178307,32,7,12352364,7580187,114,1189
202005,S0051,A0089,88,12,5,7755479,45,2,3017342,5109097,139,1181
202005,S0052,A0066,103,40,28,26998198,49,9,13804570,16799628,164,1196
202005,S0053,A0192,87,21,13,12159535,44,7,14993242,8629274,139,1110
202005,S0054,A0194,94,28,19,20895008,46,8,17184882,12763445,136,1124
202005,S0055,A0107,83,27,21,24766473,44,8,11897974,16704351,119,1196
202005,S0056,A0065,91,17,13,17462522,49,6,11056363,13180094,144,1176
202005,S0057,A0016,107,28,17,17212736,63,7,7485048,11142809,160,1164
202005,S0058,A0065,73,29,24,27526837,42,9,16996320,17244664,150,1168
202005,S0059,A0037,88,32,19,22094321,39,8,9436587,15967514,161,1166
202005,S0060,A0018,97,29,18,15690049,48,7,12832774,10730309,144,1121
202005,S0061,A0188,73,18,10,11776050,43,4,4368236,8469996,142,1184
202005,S0062,A0113,97,31,18,16826683,43,6,12243558,9913479,163,1072
202005,S0063,A0233,88,33,17,20809141,42,6,8302647,13619435,123,1161
202005,S0064,A0064,129,39,30,35685681,52,14,17710854,25012425,156,1143
202005,S0065,A0093,114,41,30,34906248,54,13,21904016,25930323,143,1187
202005,S0066,A0214,84,23,16,16288141,39,8,10372255,9918540,135,1194
202005,S0067,A0148,70,26,26,29613407,30,9,11996225,19854083,111,1085
202005,S0068,A0069,103,38,28,37075061,52,9,13747157,24289880,164,1169
202005,S0069,A0090,68,26,15,23645407,36,5,6303563,16692199,132,1143
202005,S0070,A0186,93,36,29,32753660,45,9,16125247,18555904,125,1102
202005,S0071,A0088,89,25,17,14130941,39,7,10760671,11081501,117,1147
202005,S0072,A0117,94,25,14,19236016,48,6,13893775,12556064,141,1172
202005,S0073,A0118,89,43,23,22501706,51,8,13019660,13294566,121,1171
202005,S0074,A0113,72,23,10,6212074,39,4,7118254,4587458,141,1165
202005,S0075,A0117,104,37,31,19418836,42,12,16873722,14612067,134,1174
202005,S0076,A0232,90,30,22,18762578,44,10,14251000,12060194,143,1185
202005,S0077,A0058,78,23,12,8646084,40,6,6465905,5500686,149,1126
202005,S0078,A0216,112,48,36,29007276,51,14,21232898,17441626,142,1199
202005,S0079,A0047,106,39,31,26951595,47,11,17248367,20776279,165,1078
202005,S0080,A0019,78,21,16,15340675,37,6,7628407,11349082,141,1198
202006,S0001,A0058,64,11,5,3448590,36,3,3082444,2268244,124,1174
202006,S0002,A0163,63,17,10,7953270,35,3,5993154,5792274,152,1138
202006,S0003,A0023,93,23,13,8111175,48,5,10370673,6356026,154,1168
202006,S0004,A0052,99,33,27,26863053,50,8,13761215,19263702,142,1190
202006,S0005,A0077,75,15,13,17696201,38,6,10007930,15085515,140,1185
202006,S0006,A0075,96,31,24,25144120,45,8,13961959,19020436,152,1124
202006,S0007,A0219,64,15,8,4157576,34,2,2109445,2814337,119,1196
202006,S0008,A0192,101,34,20,22660544,49,8,14314961,15715528,138,1155
202006,S0009,A0220,91,25,21,21216153,41,9,10991622,16097149,136,1191
202006,S0010,A0239,93,31,17,22170952,50,6,8628781,15868520,144,1179
202006,S0011,A0019,68,35,21,27141842,34,7,11385212,17006103,122,1181
202006,S0012,A0035,95,21,17,14232012,50,7,13053981,9803289,140,1170
202006,S0013,A0209,87,29,21,23651663,43,7,8987081,17740984,151,1141
202006,S0014,A0019,88,18,12,7307893,41,8,16465544,5242280,129,1178
202006,S0015,A0040,65,15,11,13950039,36,5,7684249,9687875,129,1154
202006,S0016,A0044,114,32,22,23458422,53,10,23102696,14698839,140,1143
202006,S0017,A0220,79,29,24,21752168,45,7,11299863,15097329,145,1131
202006,S0018,A0087,73,18,11,17926648,42,5,5412962,9518744,138,1189
202006,S0019,A0064,100,38,27,21685083,45,10,14697696,15997753,152,1189
202006,S0020,A0041,79,25,20,21567773,35,7,10021417,14862601,131,1194
202006,S0021,A0111,84,20,14,12173385,38,6,7067062,8497366,138,1180
202006,S0022,A0142,85,31,25,31121620,39,10,11284327,22447496,143,1160
202006,S0023,A0193,110,31,25,37279485,53,8,15772570,25140631,143,1197
202006,S0024,A0149,97,22,15,14838250,48,6,9676980,11921848,141,1160
202006,S0025,A0237,70,25,15,17186536,40,6,7186620,11422560,132,1177
202006,S0026,A0026,82,27,19,25306018,40,7,7162435,14677219,142,1193
202006,S0027,A0118,58,21,12,14652665,30,4,4345019,8949304,126,1186
202006,S0028,A0136,61,24,10,13518090,36,4,6157863,9779914,137,1178
202006,S0029,A0166,105,29,13,11823742,51,5,4847533,7133232,136,1195
202006,S0030,A0002,76,25,19,17628257,34,9,8884944,12857909,138,1155
202006,S0031,A0049,86,30,14,16423994,44,6,9476662,10088445,143,1195
202006,S0032,A0112,98,37,18,17381872,44,9,13611119,13813544,161,1141
202006,S0033,A0016,126,27,23,20842637,61,8,12612726,15164236,165,1197
202006,S0034,A0235,77,41,26,29170471,46,8,7661367,19644108,142,1154
202006,S0035,A0154,78,17,9,6575319,45,4,6542028,3658687,157,1197
202006,S0036,A0192,79,27,20,23651963,41,8,11177104,15981147,133,1199
202006,S0037,A0124,89,24,19,20903118,40,9,14590321,15432727,155,1101
202006,S0038,A0144,67,28,22,30165122,32,7,10737041,17167529,124,1167
202006,S0039,A0083,75,22,16,17943457,38,8,10467058,12641678,115,1138
202006,S0040,A0079,85,21,19,26150553,47,6,7927590,18470370,148,1183
202006,S0041,A0032,90,22,16,11291412,49,5,9057437,8890247,156,1111
202006,S0042,A0050,95,29,20,24726310,48,7,14995958,15979300,158,1124
202006,S0043,A0185,69,21,13,11640073,39,4,8560912,8750565,135,1121
202006,S0044,A0107,96,22,17,19003054,49,7,12834420,12771981,148,1184
202006,S0045,A0199,97,26,17,20772000,48,7,11439480,15127215,140,1069
202006,S0046,A0067,89,33,28,26461661,43,11,17360874,16645951,143,1129
202006,S0047,A0174,89,23,18,17871902,39,7,10366686,11823682,130,1193
202006,S0048,A0210,89,37,27,23484421,42,8,13308127,16891858,139,1126
202006,S0049,A0200,83,21,13,14604266,45,5,8955599,8850010,131,1164
202006,S0050,A0052,87,25,13,11268115,40,6,10561677,9151378,142,1184
202006,S0051,A0089,66,13,7,10285702,33,3,5938814,7123200,126,1178
202006,S0052,A0066,80,25,17,15301761,39,9,13490381,10952633,151,1071
202006,S0053,A0192,74,38,28,30457090,39,9,17745119,24012706,135,1150
202006,S0054,A0194,76,16,12,11998738,35,7,10210280,7678849,149,1176
202006,S0055,A0107,114,37,26,26312361,45,11,20675734,16498956,126,1182
202006,S0056,A0065,82,25,9,8518657,48,3,3598149,5584591,147,1179
202006,S0057,A0016,108,39,29,26844915,54,10,18411219,16833976,155,1199
202006,S0058,A0065,102,26,19,11324846,50,10,19138773,7970523,157,1165
202006,S0059,A0037,90,33,25,26583279,42,11,18792371,19319015,131,1183
202006,S0060,A0018,81,16,6,9485634,43,3,6482880,7284233,146,1125
202006,S0061,A0188,94,31,28,34110649,44,11,18448822,23467429,115,1154
202006,S0062,A0113,99,29,18,17915679,47,7,9259624,10214738,129,1172
202006,S0063,A0233,84,28,21,26949222,46,7,9912248,18827914,132,1196
202006,S0064,A0064,90,26,18,21244277,48,7,11208900,14754124,153,1161
202006,S0065,A0093,95,26,18,16744410,45,9,13496526,10552913,138,1182
202006,S0066,A0214,93,37,21,17678236,46,7,8826100,11014763,143,1164
202006,S0067,A0148,108,42,41,39497469,40,15,23662285,23667025,142,1195
202006,S0068,A0069,101,27,20,18003629,49,7,14391328,13579649,143,1118
202006,S0069,A0090,97,34,31,32598947,42,10,12691515,24336781,150,1131
202006,S0070,A0186,88,22,14,11242637,40,7,10092903,6793933,137,1190
202006,S0071,A0088,84,21,9,10050652,44,6,8950045,6468060,128,1185
202006,S0072,A0117,98,33,23,27097008,42,9,12724794,16852421,151,1164
202006,S0073,A0118,67,12,10,11819643,38,4,3561369,8208237,129,1159
202006,S0074,A0113,96,30,27,29275798,44,11,12870788,22549185,139,1172
202006,S0075,A0117,74,23,17,12602650,39,5,4373026,7944778,135,1168
202006,S0076,A0232,82,39,27,23136645,41,9,15834170,17104205,126,1185
202006,S0077,A0058,58,15,10,12985527,33,4,7047620,9491050,135,1143
202006,S0078,A0216,61,14,9,10033175,33,4,5120289,7236873,125,1188
202006,S0079,A0047,88,20,11,15161025,49,6,12435453,11041437,150,1199
202006,S0080,A0019,95,24,17,13550278,43,9,14847940,8424752,125,1194
202007,S0001,A0058,88,25,23,28573053,37,11,19706423,20396544,134,1169
202007,S0002,A0163,89,27,16,15323432,47,7,8359609,7154304,144,1194
202007,S0003,A0023,126,32,20,22830468,53,9,12011742,16420109,155,1171
202007,S0004,A0052,78,28,20,15820183,36,6,9346111,10218963,132,1146
202007,S0005,A0077,79,20,17,18228354,44,6,7884970,12648725,155,1161
202007,S0006,A0075,94,29,17,17552654,48,6,7729103,10818004,147,1175
202007,S0007,A0219,65,28,19,18272644,33,7,9067411,12995378,129,1067
202007,S0008,A0192,60,22,17,15110986,36,5,7218987,8642438,106,1169
202007,S0009,A0220,60,17,9,10895734,34,3,5876188,7615521,134,1198
202007,S0010,A0239,101,33,23,32953464,51,9,13548917,23653852,151,1172
202007,S0011,A0019,69,27,17,13811876,35,7,9433985,9931325,133,1169
202007,S0012,A0035,109,34,19,27125872,50,8,12668359,19785418,146,1114
202007,S0013,A0209,73,31,20,20688113,40,8,11411287,15038645,141,1153
202007,S0014,A0019,75,18,14,11604648,40,6,11822400,5849706,125,1176
202007,S0015,A0040,105,26,20,22754215,45,9,15561361,13935906,144,1128
202007,S0016,A0044,92,36,27,26158667,46,12,20478462,19344094,137,1188
202007,S0017,A0220,78,15,8,5456889,37,4,5806384,3716292,129,1096
202007,S0018,A0087,61,11,7,7370422,31,4,5969385,4653798,128,1133
202007,S0019,A0064,82,23,17,15622260,46,6,11322179,11590493,145,1160
202007,S0020,A0041,71,24,11,11547115,39,4,6032195,8435083,143,1197
202007,S0021,A0111,96,29,18,18324631,52,10,14528275,12286091,137,1175
202007,S0022,A0142,75,36,25,26744550,33,8,10269039,18860737,134,1154
202007,S0023,A0193,70,16,9,10179714,42,3,4540479,5901435,136,1171
202007,S0024,A0149,113,35,27,23004479,47,10,19508056,16840022,134,1192
202007,S0025,A0237,113,30,23,26801979,52,12,20181691,18780617,142,1174
202007,S0026,A0026,80,17,11,9684646,40,5,8075011,6722716,124,1188
202007,S0027,A0118,81,28,13,14257736,47,4,6635744,10209057,138,1198
202007,S0028,A0136,88,29,14,16339510,49,6,9389266,9111552,147,1182
202007,S0029,A0166,67,14,13,14272291,33,5,9095592,9602017,131,1135
202007,S0030,A0002,90,26,21,19888675,48,7,8589797,15407956,165,1184
202007,S0031,A0049,93,23,23,25668077,43,11,16700572,18568967,140,1190
202007,S0032,A0112,95,33,26,18061655,49,9,14109983,12387921,144,1189
202007,S0033,A0016,62,19,13,18171488,38,4,3612841,13621831,141,1182
202007,S0034,A0235,92,21,10,10270885,41,6,13397115,6406991,124,1049
202007,S0035,A0154,88,17,13,13052871,40,6,9225585,9362444,130,1153
202007,S0036,A0192,96,34,18,19854828,47,6,9049572,12936024,143,1174
202007,S0037,A0124,83,30,20,20999424,46,8,14175654,17573957,151,1144
202007,S0038,A0144,90,30,24,26693853,43,10,19690804,16426315,150,1108
202007,S0039,A0083,82,33,23,31201631,48,7,5075961,22552574,146,1186
202007,S0040,A0079,76,22,11,10641554,36,4,6458839,8982869,134,1196
202007,S0041,A0032,93,16,7,5966800,58,5,5054755,4344484,153,1170
202007,S0042,A0050,75,22,13,8688122,42,6,6998963,6604012,119,1195
202007,S0043,A0185,107,38,31,20250853,51,9,11764587,13460098,135,1151
202007,S0044,A0107,72,18,10,9408907,45,5,9846741,5612517,142,1198
202007,S0045,A0199,113,42,29,31298728,47,12,20263079,21753658,135,1075
202007,S0046,A0067,89,37,32,34296215,44,13,13477430,20109835,147,1195
202007,S0047,A0174,81,21,7,10317442,47,2,3864413,7273164,153,1137
202007,S0048,A0210,75,22,12,13262408,37,4,5276416,9775453,130,1199
202007,S0049,A0200,87,19,16,18250441,41,8,10827069,11396509,134,1113
202007,S0050,A0052,78,24,11,9225340,37,5,7100039,6323272,127,1171
202007,S0051,A0089,53,15,12,15160087,29,4,3458339,10930040,136,1029
202007,S0052,A0066,84,37,26,26895337,41,7,11044221,17754619,129,1157
202007,S0053,A0192,102,31,19,16051152,52,8,15175673,9955227,133,1190
202007,S0054,A0194,95,27,18,21043584,51,7,11922880,13593470,145,1195
202007,S0055,A0107,76,8,6,8311688,38,4,5295223,6639976,131,1112
202007,S0056,A0065,79,26,17,11591005,41,6,10238039,6704137,149,1124
202007,S0057,A0016,92,22,19,27972201,48,8,9936204,20712045,148,1197
202007,S0058,A0065,95,28,22,26921969,44,7,10815360,16883727,137,1147
202007,S0059,A0037,106,38,28,20372076,51,11,18590607,14670802,158,1144
202007,S0060,A0018,73,18,13,10372489,37,5,10414503,5191284,141,1126
202007,S0061,A0188,106,37,28,17847931,49,10,10263682,11483995,159,1143
202007,S0062,A0113,100,31,21,23999418,51,8,11550932,14462617,148,1184
202007,S0063,A0233,101,27,22,24135441,45,9,17206644,18921975,144,1191
202007,S0064,A0064,81,37,30,36654280,42,11,15317532,25317465,128,1125
202007,S0065,A0093,106,35,24,31938557,47,9,15103819,24338857,144,1066
202007,S0066,A0214,91,34,28,37900225,41,9,22607286,24484094,147,1061
202007,S0067,A0148,56,17,12,8455086,28,4,8218360,5963072,140,1187
202007,S0068,A0069,74,22,15,12568064,39,5,3631573,8215164,127,1174
202007,S0069,A0090,104,34,22,18457301,42,9,13554933,13173071,143,1188
202007,S0070,A0186,99,31,20,23557363,49,8,14537153,15057921,161,1172
202007,S0071,A0088,84,20,16,25222698,47,7,8937110,17343137,148,1170
202007,S0072,A0117,98,33,26,26212262,46,9,11002463,19615428,146,1144
202007,S0073,A0118,93,31,24,22077369,44,7,16880617,12327618,149,1149
202007,S0074,A0113,56,16,7,7699864,32,3,4315704,6693070,135,1152
202007,S0075,A0117,74,19,14,14670022,38,4,5554498,10625145,136,1095
202007,S0076,A0232,82,40,36,48058584,37,13,23532170,32974538,135,1183
202007,S0077,A0058,98,33,21,25585890,55,8,14978534,18861637,147,1159
202007,S0078,A0216,109,29,21,24226990,47,8,13077815,14555426,159,1172
202007,S0079,A0047,79,20,14,20189336,43,5,7837884,15493611,152,1145
202007,S0080,A0019,130,28,23,18006728,57,10,17080262,11857935,160,1183
202008,S0001,A0058,87,21,17,10775852,41,7,11799212,7396549,134,1179
202008,S0002,A0163,63,17,11,10860363,36,3,877958,7632857,116,1199
202008,S0003,A0023,82,28,14,24161991,45,7,11319122,15524355,150,1199
202008,S0004,A0052,82,27,13,15658636,43,4,6742163,10897422,153,1186
202008,S0005,A0077,90,15,10,11832590,40,6,10211844,6981337,130,1075
202008,S0006,A0075,59,24,21,24499424,31,8,8910091,17225658,126,1161
202008,S0007,A0219,100,29,18,18034206,50,7,14152084,14044599,149,1194
202008,S0008,A0192,60,15,12,13605235,31,6,10418058,7357475,127,1063
202008,S0009,A0220,92,18,17,22377908,44,7,8681951,15099784,134,1196
202008,S0010,A0239,89,25,15,10524027,51,6,7045115,7128113,164,1196
202008,S0011,A0019,79,27,16,15749544,44,7,12724919,10850055,148,1161
202008,S0012,A0035,87,32,23,31741046,46,9,10622095,19678373,133,1142
202008,S0013,A0209,114,38,27,32597566,54,13,21985706,21185471,148,1193
202008,S0014,A0019,89,25,13,10713464,48,5,7302942,7967238,154,1176
202008,S0015,A0040,109,20,13,12157506,57,7,13791363,7848901,156,1157
202008,S0016,A0044,83,25,10,12679014,45,4,6697440,8192498,135,1190
202008,S0017,A0220,92,24,15,19962965,50,6,13269126,13227772,140,1181
202008,S0018,A0087,92,21,17,14963742,47,6,6977429,11237387,151,1176
202008,S0019,A0064,84,28,21,18735622,42,8,14317257,10320532,126,1146
202008,S0020,A0041,87,21,12,14048427,52,6,8794846,9627952,163,1197
202008,S0021,A0111,105,28,17,20197749,53,7,12090385,14042508,156,1151
202008,S0022,A0142,75,22,12,17515817,43,5,9345439,11243874,158,1180
202008,S0023,A0193,79,26,16,12286524,40,7,8549020,7300313,131,1183
202008,S0024,A0149,98,25,21,20604339,47,9,15210272,12688064,143,1135
202008,S0025,A0237,60,20,12,9602944,38,5,9359363,6381626,138,1148
202008,S0026,A0026,92,24,11,15791844,50,5,6426876,9761446,161,1186
202008,S0027,A0118,94,26,17,17953705,46,8,13014935,12073549,140,977
202008,S0028,A0136,126,49,38,37236290,51,14,16531186,21998458,144,1190
202008,S0029,A0166,72,20,14,14805408,42,7,9684429,9940520,125,1134
202008,S0030,A0002,85,23,14,19884444,44,5,8331130,14281314,146,1191
202008,S0031,A0049,119,36,27,23804060,51,12,19029108,16240151,150,1194
202008,S0032,A0112,101,26,19,21891560,46,8,9179994,16321198,137,1174
202008,S0033,A0016,108,32,19,20015730,53,10,19457629,13569747,160,1168
202008,S0034,A0235,65,15,8,7797815,34,3,5246323,5456356,125,1156
202008,S0035,A0154,85,27,10,10831436,47,3,4514506,6820388,137,1143
202008,S0036,A0192,114,32,18,17175747,53,9,12409635,10067878,134,1198
202008,S0037,A0124,47,17,6,8436672,32,2,4723765,6810235,150,1181
202008,S0038,A0144,60,18,10,8307651,34,4,6999353,5808063,139,1193
202008,S0039,A0083,85,33,24,21415945,45,10,14101195,13964871,124,1185
202008,S0040,A0079,57,25,10,18094672,34,4,6474716,15492157,136,1197
202008,S0041,A0032,91,33,21,16550244,45,9,16256201,11671042,126,1197
202008,S0042,A0050,93,25,15,16880322,48,6,9813919,11733890,153,1180
202008,S0043,A0185,109,32,16,20805069,54,7,14133918,14236957,145,1198
202008,S0044,A0107,118,34,23,29116339,62,9,12398992,19403931,154,1165
202008,S0045,A0199,63,20,8,7096863,39,3,4582034,4884431,136,1195
202008,S0046,A0067,73,24,13,14301819,38,6,6373144,8355292,121,1134
202008,S0047,A0174,73,15,5,7553326,46,3,3796815,5151973,140,1163
202008,S0048,A0210,85,22,8,8640323,50,4,4596462,4721260,148,1188
202008,S0049,A0200,85,29,26,28403277,44,13,22699708,21101964,136,1197
202008,S0050,A0052,94,32,30,38108466,42,11,9845384,22634239,146,1193
202008,S0051,A0089,105,32,17,18726040,48,7,8620996,11764994,141,1168
202008,S0052,A0066,72,11,6,8649747,40,3,4647357,5400282,132,1164
202008,S0053,A0192,84,29,22,32257878,46,8,12408543,19293759,143,1191
202008,S0054,A0194,103,23,16,15156843,50,7,7987409,10853854,149,1178
202008,S0055,A0107,92,28,22,13533080,48,9,14232013,9071493,130,1198
202008,S0056,A0065,68,10,7,3036956,37,4,5755085,1771369,118,1049
202008,S0057,A0016,86,21,18,11485919,38,7,9792165,7720961,133,1181
202008,S0058,A0065,62,13,9,8199125,33,4,4403109,5493317,125,1163
202008,S0059,A0037,88,30,23,21074580,48,9,14406034,13990888,153,1178
202008,S0060,A0018,88,24,16,17426855,42,7,12499071,12371704,153,1189
202008,S0061,A0188,97,35,24,24748373,41,9,12347467,14862225,146,1180
202008,S0062,A0113,72,28,20,23565614,33,7,6889199,19497409,130,1143
202008,S0063,A0233,94,32,22,20814880,45,8,11833053,12857700,148,1151
202008,S0064,A0064,96,31,26,18661092,46,10,18237627,11095988,150,1152
202008,S0065,A0093,107,34,19,20197394,49,8,11848531,12827910,144,1184
202008,S0066,A0214,79,22,9,9914703,39,3,6077397,6876294,129,1169
202008,S0067,A0148,78,35,27,28436723,40,10,12431052,18384106,131,1118
202008,S0068,A0069,84,14,7,6915110,48,4,7981710,3891501,146,1097
202008,S0069,A0090,89,25,17,14913574,45,6,10937702,8768010,151,948
202008,S0070,A0186,116,41,27,34443290,49,9,13992027,24267057,169,1128
202008,S0071,A0088,93,36,33,34556218,42,11,12323501,23327600,121,1175
202008,S0072,A0117,129,33,24,29873042,56,11,15424362,19600032,160,1193
202008,S0073,A0118,77,31,27,24400235,39,9,14269422,17429634,135,1180
202008,S0074,A0113,60,18,6,6266392,37,3,2500610,3422950,132,1187
202008,S0075,A0117,60,10,7,3054705,32,3,5992317,1499175,121,1148
202008,S0076,A0232,100,17,5,2276078,59,2,2856577,1635541,148,1147
202008,S0077,A0058,80,23,17,10514379,38,7,14376621,7350797,138,1188
202008,S0078,A0216,95,30,14,15841563,40,10,18063677,11492403,129,1139
202008,S0079,A0047,75,25,19,23917248,33,8,10970473,16139493,112,1196
202008,S0080,A0019,90,31,21,27878236,46,8,11313327,18919581,136,1190
202009,S0001,A0058,73,28,17,16060373,39,6,5801559,10021589,150,1172
202009,S0002,A0163,76,30,26,23251949,40,10,15978078,15132069,129,1171
202009,S0003,A0023,92,37,30,35578515,45,14,20377775,22000694,155,1191
202009,S0004,A0052,78,27,16,27307113,44,5,5558605,20195080,152,1177
202009,S0005,A0077,96,32,23,21783267,44,8,15746974,15453997,134,1164
202009,S0006,A0075,81,18,12,16372591,35,7,11902298,11458779,123,1161
202009,S0007,A0219,79,14,7,8140094,41,4,4240662,5401079,141,1147
202009,S0008,A0192,107,45,37,47713645,54,12,22842707,32804542,160,1167
202009,S0009,A0220,80,18,10,15687385,42,5,8960648,9285631,147,1184
202009,S0010,A0239,64,15,14,7123236,31,6,6130256,5769649,114,1162
202009,S0011,A0019,85,20,15,16618504,47,6,10336936,10516329,134,1177
202009,S0012,A0035,95,31,21,23258014,50,8,10594669,17879234,141,1186
202009,S0013,A0209,86,20,14,13129784,34,8,14714910,9556267,123,1157
202009,S0014,A0019,70,17,10,4787432,40,4,6059107,3381903,126,1135
202009,S0015,A0040,101,33,22,26767070,41,11,19994464,17427952,146,989
202009,S0016,A0044,87,31,19,17330994,49,6,8641275,14269318,147,1184
202009,S0017,A0220,93,28,20,22195537,45,8,16291127,14403960,145,1186
202009,S0018,A0087,75,25,16,20415222,40,6,6724170,14282479,141,1194
202009,S0019,A0064,75,21,11,12572496,41,4,11621082,8698830,136,1177
202009,S0020,A0041,95,26,19,22377646,49,8,13226454,15555954,152,1176
202009,S0021,A0111,82,20,15,18866190,43,6,10818247,13129826,136,1172
202009,S0022,A0142,118,41,30,38909747,51,13,25864245,29628465,130,1199
202009,S0023,A0193,82,22,11,8113709,42,5,6577892,5198699,142,1116
202009,S0024,A0149,96,23,12,13681324,43,5,7908639,7743612,144,1177
202009,S0025,A0237,86,20,12,21198089,54,4,5057374,15850893,155,1192
202009,S0026,A0026,109,26,21,22090074,50,8,11920707,15494489,151,1171
202009,S0027,A0118,85,22,13,14045671,49,4,6629749,10686835,154,1140
202009,S0028,A0136,104,27,20,17742118,49,8,10617137,9641717,132,1196
202009,S0029,A0166,109,31,14,11061316,53,6,13195726,6632780,143,1163
202009,S0030,A0002,107,30,21,21033802,57,6,10314257,13835205,154,1153
202009,S0031,A0049,87,18,10,7289295,48,4,6855360,4843370,160,1174
202009,S0032,A0112,69,22,8,4289211,40,4,4588707,2509771,132,1157
202009,S0033,A0016,73,23,17,20056750,42,8,9960041,12451981,137,1198
202009,S0034,A0235,74,26,15,17012064,40,5,9220766,10588974,129,1195
202009,S0035,A0154,81,15,6,7034166,41,4,6649227,5039227,147,1134
202009,S0036,A0192,93,23,18,21474070,50,7,12529560,13686379,143,1175
202009,S0037,A0124,103,34,22,20823775,51,9,17475205,12843930,144,1155
202009,S0038,A0144,101,36,22,19278114,47,8,16929607,12901818,138,1174
202009,S0039,A0083,78,18,6,6887780,38,3,3044534,4827052,136,1193
202009,S0040,A0079,101,30,20,18503606,52,8,12561747,13417053,162,1184
202009,S0041,A0032,76,18,14,21803947,38,6,12973269,12561097,117,1173
202009,S0042,A0050,66,22,18,23726660,36,7,10749463,16671059,136,1053
202009,S0043,A0185,94,34,22,33773248,52,8,13547952,25681472,150,1171
202009,S0044,A0107,88,36,29,30600814,40,12,16727309,19370458,129,1172
202009,S0045,A0199,72,22,15,20991240,39,5,8803890,15604741,139,1137
202009,S0046,A0067,75,26,13,14631336,48,5,6334061,9896527,121,1152
202009,S0047,A0174,65,19,6,10191634,38,2,3136310,5684362,138,1120
202009,S0048,A0210,96,26,16,26671083,46,6,5117516,18894700,132,1179
202009,S0049,A0200,98,29,22,21883205,43,10,18149031,14848825,134,1177
202009,S0050,A0052,84,31,17,14468828,45,7,15245871,10048124,142,1114
202009,S0051,A0089,93,21,13,10759769,52,8,8872059,7460205,161,1185
202009,S0052,A0066,130,37,27,32915816,66,10,9490030,23195868,159,1199
202009,S0053,A0192,72,20,15,13093540,37,5,6035490,10319328,137,1171
202009,S0054,A0194,83,23,17,16384895,39,7,11135281,11888321,145,1163
202009,S0055,A0107,96,23,14,10669702,49,5,6563773,7302907,142,1171
202009,S0056,A0065,85,27,17,20353527,42,7,11321018,11690069,128,1195
202009,S0057,A0016,99,33,25,18460837,44,9,14552311,13529031,127,1187
202009,S0058,A0065,66,21,11,9640417,34,4,5368879,5934744,118,1170
202009,S0059,A0037,79,20,13,14070259,42,6,9131394,8534002,144,1181
202009,S0060,A0018,69,19,12,12937228,38,5,8090931,6305984,125,1181
202009,S0061,A0188,108,36,31,35892288,44,13,20222989,22864268,131,1164
202009,S0062,A0113,79,31,22,18170075,45,7,11441289,12075565,143,1126
202009,S0063,A0233,116,35,29,39045952,54,10,15723168,26574411,155,1147
202009,S0064,A0064,65,22,17,22394761,39,6,7666786,13107138,130,1190
202009,S0065,A0093,108,22,11,11899568,54,7,8680232,8777863,157,1162
202009,S0066,A0214,71,13,4,5859406,42,2,2309745,3061235,128,1142
202009,S0067,A0148,101,37,33,30962508,50,13,15844501,21157732,153,1134
202009,S0068,A0069,75,12,8,11409213,44,4,10296487,9427593,143,1110
202009,S0069,A0090,93,24,16,21135689,40,7,7969990,11820033,136,1156
202009,S0070,A0186,65,17,13,11220949,34,5,7243343,6101769,121,1116
202009,S0071,A0088,93,24,18,24748721,45,9,10914948,20247629,146,1177
202009,S0072,A0117,94,30,11,13867972,53,5,9055930,7667193,144,1199
202009,S0073,A0118,78,26,16,17843121,41,6,8472540,12901914,137,1190
202009,S0074,A0113,91,22,10,9415301,42,5,10060293,6390538,136,1173
202009,S0075,A0117,85,44,38,28496054,48,12,23780184,20965895,166,1184
202009,S0076,A0232,75,17,12,14091647,43,4,2742793,8958056,122,1169
202009,S0077,A0058,106,39,30,36054922,50,10,16245662,22337470,151,1176
202009,S0078,A0216,85,32,19,16798551,45,7,9723380,11666315,140,1189
202009,S0079,A0047,57,23,18,10827959,30,6,7928897,7707837,136,1150
202009,S0080,A0019,59,18,13,8621679,37,4,4778128,5221606,123,1183
202010,S0001,A0058,89,23,14,16530525,46,7,12571821,12080849,143,1193
202010,S0002,A0163,64,22,15,18106924,33,6,8466785,12665594,129,1199
202010,S0003,A0023,79,25,16,16225641,36,6,8408983,8110600,134,1188
202010,S0004,A0052,60,16,5,4118521,35,2,3913227,3444082,154,1043
202010,S0005,A0077,82,20,13,14200450,41,6,7868300,10330092,134,1141
202010,S0006,A0075,76,14,7,8581859,38,4,5998052,5722203,128,1162
202010,S0007,A0219,82,30,20,20838595,41,7,8028394,12291177,133,1161
202010,S0008,A0192,64,15,12,18942197,40,4,7639281,12280737,124,1156
202010,S0009,A0220,78,14,7,7695664,43,3,5244521,4011408,120,1149
202010,S0010,A0239,112,32,20,15975019,52,8,15901392,9512675,179,1196
202010,S0011,A0019,74,19,8,12265151,43,3,4035928,9897726,138,1195
202010,S0012,A0035,102,30,30,27802271,38,13,20409574,16503241,123,1159
202010,S0013,A0209,75,23,15,10638954,41,4,5343070,6898584,133,1166
202010,S0014,A0019,79,23,14,9483100,41,5,7276042,6469206,127,1185
202010,S0015,A0040,73,25,20,24398679,42,7,11371554,16790146,136,1177
202010,S0016,A0044,92,32,13,18257174,51,5,6657077,14603663,154,1185
202010,S0017,A0220,81,25,16,16048027,38,5,12334324,9507828,161,1170
202010,S0018,A0087,78,27,16,10409991,43,6,7277000,7582316,136,1160
202010,S0019,A0064,87,33,23,24692670,46,8,12320372,15302465,153,1188
202010,S0020,A0041,95,28,9,11357926,51,5,7665096,7852550,146,1192
202010,S0021,A0111,100,29,17,14502127,49,7,11658930,11086606,143,1131
202010,S0022,A0142,93,26,18,19697621,47,7,12631581,14650476,142,1184
202010,S0023,A0193,78,18,12,9619213,45,6,11562067,5817162,142,1149
202010,S0024,A0149,83,22,16,16153826,38,7,14252840,10017042,115,1186
202010,S0025,A0237,72,19,10,8710751,39,4,6245931,6426263,125,1197
202010,S0026,A0026,79,25,16,17764979,44,7,9867705,10313181,143,1199
202010,S0027,A0118,59,8,3,1891485,36,2,4235045,1480194,149,1096
202010,S0028,A0136,74,22,19,18162050,33,8,13780688,11259067,118,1159
202010,S0029,A0166,71,26,20,21488878,32,9,18180977,15008886,133,1065
202010,S0030,A0002,100,28,18,13613096,45,8,12371001,10591551,140,1195
202010,S0031,A0049,114,33,16,25981399,56,7,12316220,18521334,156,1160
202010,S0032,A0112,74,20,15,14770736,33,7,8760086,9339724,133,1190
202010,S0033,A0016,101,21,11,14941211,53,5,7460671,10864356,152,1193
202010,S0034,A0235,88,23,8,11576222,44,5,10499315,9972505,158,1148
202010,S0035,A0154,96,24,12,10735048,53,6,6268147,5636130,164,1165
202010,S0036,A0192,107,35,29,29509968,55,12,10995677,19099598,156,1198
202010,S0037,A0124,99,20,11,13452536,53,5,5281814,7357871,165,1197
202010,S0038,A0144,86,21,13,12160739,41,7,13584906,8588082,137,1168
202010,S0039,A0083,93,23,14,17601002,46,6,8863269,12414284,154,1175
202010,S0040,A0079,80,15,11,7909273,42,5,9202109,6056411,147,1199
202010,S0041,A0032,85,39,28,30451324,43,8,10951848,18929186,136,1176
202010,S0042,A0050,71,22,15,23684997,39,5,7988599,16085697,127,1152
202010,S0043,A0185,94,31,21,31003344,47,8,10238907,21095572,147,1130
202010,S0044,A0107,61,8,2,3835664,35,2,4004613,3537941,129,1189
202010,S0045,A0199,74,17,11,12485312,38,5,8928425,7116985,121,1151
202010,S0046,A0067,100,33,19,14048796,51,8,9561514,10713316,159,1159
202010,S0047,A0174,76,13,9,7286399,41,4,6866356,4564298,145,1146
202010,S0048,A0210,103,38,23,25654922,55,9,15145714,16106436,138,1186
202010,S0049,A0200,72,19,8,6977716,39,4,5405095,4007665,139,1143
202010,S0050,A0052,107,32,23,19173371,50,9,15781722,12298345,143,1147
202010,S0051,A0089,80,32,28,31228428,42,10,17249218,20018734,147,1186
202010,S0052,A0066,75,27,20,20806354,39,8,12727035,14292752,143,1149
202010,S0053,A0192,115,38,31,40887387,57,11,15539286,24291555,149,1100
202010,S0054,A0194,89,35,19,20190276,46,8,10399295,15652949,142,1165
202010,S0055,A0107,100,28,17,18101403,47,7,13868841,10339973,144,1191
202010,S0056,A0065,92,25,18,22721056,43,7,9718779,13444865,156,991
202010,S0057,A0016,98,29,21,28868482,46,8,14337216,21622449,141,1133
202010,S0058,A0065,80,21,9,6570970,38,4,7340919,4520100,147,1174
202010,S0059,A0037,87,20,9,4391129,50,5,10645176,3222838,159,1187
202010,S0060,A0018,91,25,14,10056353,48,5,6387455,6721808,120,1123
202010,S0061,A0188,123,31,20,23528066,56,9,16302163,18434406,154,1189
202010,S0062,A0113,63,17,12,14807234,31,7,11175836,9378277,138,1159
202010,S0063,A0233,95,31,27,15975993,47,8,13510852,11092205,166,1171
202010,S0064,A0064,75,24,10,15458721,44,4,8931525,9629827,136,1186
202010,S0065,A0093,81,31,22,24228696,38,8,14842327,19505303,127,1152
202010,S0066,A0214,83,28,24,20641024,41,9,14548934,13164840,138,1136
202010,S0067,A0148,78,32,21,22132229,33,7,12303483,15803920,151,1152
202010,S0068,A0069,95,32,24,23681657,49,10,10397953,16939294,163,1160
202010,S0069,A0090,88,29,15,12015653,50,6,8828075,7652425,147,1180
202010,S0070,A0186,91,24,14,14476656,49,7,13992164,10173052,146,1190
202010,S0071,A0088,66,18,11,13569468,33,5,7891804,9866624,135,1193
202010,S0072,A0117,90,21,18,17664264,48,7,12239701,11677141,129,1181
202010,S0073,A0118,97,24,20,22388105,40,8,14018486,15401092,139,1170
202010,S0074,A0113,90,23,15,16451751,45,5,7370087,9957687,163,1186
202010,S0075,A0117,87,24,14,14884249,42,6,9694504,9985749,135,1144
202010,S0076,A0232,120,41,32,35108173,58,12,19562407,21082704,164,1180
202010,S0077,A0058,69,13,10,15877527,36,4,4707409,8202698,139,1155
202010,S0078,A0216,73,21,18,21787293,34,6,11173769,13526786,126,1198
202010,S0079,A0047,81,27,24,21713241,35,9,12422379,13143257,136,1160
202010,S0080,A0019,84,26,14,14427014,42,5,13183355,9705469,132,1193
202011,S0001,A0058,100,29,23,27976297,47,9,16841849,16570860,142,1147
202011,S0002,A0163,92,33,22,27605016,50,8,15344127,21233881,156,1165
202011,S0003,A0023,66,21,8,5605668,38,3,2684885,4138403,125,1174
202011,S0004,A0052,71,26,13,13661304,38,4,7390893,8142581,140,1184
202011,S0005,A0077,97,20,12,13203129,44,7,9435998,9623716,142,1166
202011,S0006,A0075,94,22,13,16843818,49,5,7127941,12745284,154,1192
202011,S0007,A0219,100,34,19,24222082,52,7,12139663,17663364,147,1066
202011,S0008,A0192,73,24,17,18591238,42,5,9963094,13955273,154,1193
202011,S0009,A0220,81,19,12,14419000,47,5,5259701,9360483,137,1197
202011,S0010,A0239,95,33,21,27421829,43,8,12544177,21821083,157,1131
202011,S0011,A0019,82,15,11,6854988,40,5,8734935,4835066,135,1199
202011,S0012,A0035,61,28,23,20795932,33,8,14970154,14982377,108,1185
202011,S0013,A0209,57,13,5,4797700,37,2,2979953,3631015,136,1182
202011,S0014,A0019,78,16,7,6584103,49,2,4049927,3859197,146,1147
202011,S0015,A0040,120,45,34,37632315,55,14,17373323,29285312,151,1167
202011,S0016,A0044,85,18,18,24275578,38,8,13789745,16993893,129,1170
202011,S0017,A0220,108,42,36,41208211,46,13,15955800,28699692,134,1075
202011,S0018,A0087,68,11,3,3583568,39,2,1073760,2160938,140,1187
202011,S0019,A0064,105,33,27,35351679,48,10,14119727,21169815,136,1193
202011,S0020,A0041,47,12,10,11402327,27,4,6805973,9096270,120,1069
202011,S0021,A0111,79,19,12,10682830,40,6,11505131,7499750,130,1195
202011,S0022,A0142,119,27,22,24976160,57,9,13447515,19197980,144,1078
202011,S0023,A0193,93,22,18,14368457,46,7,14055106,9355708,142,1129
202011,S0024,A0149,84,18,15,16196087,45,7,12308130,11706015,149,1168
202011,S0025,A0237,104,25,12,12278817,50,4,7068398,6941955,157,1182
202011,S0026,A0026,99,28,24,27849898,43,9,11069229,19297720,143,1153
202011,S0027,A0118,80,23,16,20607874,44,6,5533747,14700513,145,1194
202011,S0028,A0136,82,31,23,13045348,35,9,15092912,8831697,143,1193
202011,S0029,A0166,96,36,29,33712556,44,9,11100258,24344522,140,1179
202011,S0030,A0002,86,34,21,21632564,45,9,12934686,14118249,134,1199
202011,S0031,A0049,89,25,16,19223170,41,8,9809467,15706381,145,1167
202011,S0032,A0112,87,15,7,7044786,44,4,5344239,4390754,143,1133
202011,S0033,A0016,90,25,18,24694004,48,7,13601685,17885989,148,1183
202011,S0034,A0235,59,20,13,14542760,28,4,7057432,7989022,114,1183
202011,S0035,A0154,81,19,16,23802987,38,8,9392614,12885460,147,1088
202011,S0036,A0192,105,42,29,28117037,51,10,16593561,21089813,153,1166
202011,S0037,A0124,93,26,21,28606638,42,9,18251660,19645719,142,1094
202011,S0038,A0144,99,31,28,27156180,52,9,12786838,22700409,154,1173
202011,S0039,A0083,102,33,18,19485724,44,9,13841057,16027335,138,1191
202011,S0040,A0079,75,17,11,15081570,37,6,8481520,12095856,125,1194
202011,S0041,A0032,99,23,11,8875245,53,6,9974859,6832769,140,1191
202011,S0042,A0050,97,34,29,29000301,44,12,17867498,19056483,140,1168
202011,S0043,A0185,84,15,10,14198924,46,5,6624829,11707314,143,1170
202011,S0044,A0107,104,30,20,18990066,50,8,10745554,10921417,142,1160
202011,S0045,A0199,102,36,26,30337432,51,10,14664687,23325979,158,1192
202011,S0046,A0067,51,19,12,12414577,23,4,3140688,9130511,112,1086
202011,S0047,A0174,83,20,12,9401832,39,5,10217662,5771229,143,1186
202011,S0048,A0210,79,18,16,18351167,35,9,20947959,13588730,139,1174
202011,S0049,A0200,80,38,22,28283396,39,9,11365283,16145179,123,1048
202011,S0050,A0052,105,35,25,28650963,48,10,16363851,19106695,138,1177
202011,S0051,A0089,127,40,28,26664342,58,12,18362764,18032737,155,1148
202011,S0052,A0066,83,31,23,19737071,39,7,11065347,12526863,133,1139
202011,S0053,A0192,69,18,15,16657670,39,6,10440862,11901651,139,1191
202011,S0054,A0194,86,17,7,9833836,43,3,3294640,6713944,133,1161
202011,S0055,A0107,93,24,16,15772098,48,6,11914224,9892989,145,1172
202011,S0056,A0065,81,27,21,28189168,37,8,14903413,20238512,142,1199
202011,S0057,A0016,90,24,4,2292845,48,3,2082656,1998573,140,1131
202011,S0058,A0065,87,33,28,30590974,45,10,14141550,19441901,148,1198
202011,S0059,A0037,78,29,23,20859754,43,8,8900925,13761917,137,1121
202011,S0060,A0018,101,30,27,25824818,44,14,21524375,19326826,146,1142
202011,S0061,A0188,99,42,34,44778130,46,12,26380743,31507857,152,1104
202011,S0062,A0113,108,37,22,24969107,50,9,12437353,18412512,159,1162
202011,S0063,A0233,69,24,21,24518071,29,8,12433095,16212625,143,1109
202011,S0064,A0064,63,24,14,15293492,38,4,5678145,8130389,133,1193
202011,S0065,A0093,79,22,16,10602809,39,7,9893897,6213503,130,1159
202011,S0066,A0214,107,38,21,24256842,59,7,13352417,16638224,146,1108
202011,S0067,A0148,93,29,19,12571656,45,7,7107989,9237494,133,1084
202011,S0068,A0069,70,14,12,14413034,38,6,11021981,10452271,126,1137
202011,S0069,A0090,93,34,25,20203475,43,9,14587157,10183064,139,1157
202011,S0070,A0186,127,24,17,14043713,59,8,8436851,9187547,151,1197
202011,S0071,A0088,97,22,14,20465947,50,6,10755062,14501088,139,1184
202011,S0072,A0117,102,28,21,19255646,50,8,16277005,11791076,159,1145
202011,S0073,A0118,96,24,13,6523444,48,6,7279040,4051481,147,1134
202011,S0074,A0113,74,26,20,26009968,35,5,7778671,17313917,143,1036
202011,S0075,A0117,120,26,16,17355167,57,7,13891980,12738767,161,1156
202011,S0076,A0232,88,25,19,22665838,44,7,12234849,16520431,137,1133
202011,S0077,A0058,74,21,15,16714013,36,5,10783487,9983662,126,1075
202011,S0078,A0216,66,23,11,9425415,34,4,3623940,5382859,116,1160
202011,S0079,A0047,71,26,14,21784928,40,6,10613970,13610434,125,1129
202011,S0080,A0019,72,29,13,12248371,31,4,4045100,7334489,125,1189
202012,S0001,A0058,88,21,11,11553420,42,7,12161184,7838596,148,1156
202012,S0002,A0163,101,27,16,16375278,53,5,8492750,10025401,144,1184
202012,S0003,A0023,107,45,31,35418349,44,10,15851969,24109581,151,1187
202012,S0004,A0052,113,33,24,19138976,51,11,15715950,12293552,148,1196
202012,S0005,A0077,77,32,19,16928153,38,6,9267869,11519662,135,1152
202012,S0006,A0075,75,29,19,18594474,40,7,10119579,10702068,144,1198
202012,S0007,A0219,95,40,27,27244124,45,10,9804471,19438971,152,1147
202012,S0008,A0192,126,32,24,15985657,63,10,13770484,11237639,154,1177
202012,S0009,A0220,102,24,18,16336930,51,8,14395003,8912495,150,1141
202012,S0010,A0239,66,13,9,4412270,30,6,10592016,3083896,132,1191
202012,S0011,A0019,83,32,22,18739567,41,8,11777487,13551635,128,1187
202012,S0012,A0035,85,27,18,9829672,54,5,6155699,6443638,139,1186
202012,S0013,A0209,53,20,7,8590386,30,2,1825050,5908793,124,1140
202012,S0014,A0019,57,18,10,10874221,36,4,8537110,7613968,116,1188
202012,S0015,A0040,85,26,16,16890286,40,7,11694636,11560552,147,1190
202012,S0016,A0044,79,24,10,13767290,47,3,7359494,10044293,144,1177
202012,S0017,A0220,75,13,10,8881679,39,4,5823817,5308120,145,1176
202012,S0018,A0087,103,27,21,24100379,48,9,12346852,18746378,145,1166
202012,S0019,A0064,91,36,22,29025281,48,8,12448209,18992218,151,1195
202012,S0020,A0041,74,17,10,9108582,39,4,6951261,5743209,134,1170
202012,S0021,A0111,105,17,9,10138845,49,5,7447090,7576931,137,1163
202012,S0022,A0142,89,38,27,33515183,43,10,17242980,20038716,139,1159
202012,S0023,A0193,95,25,17,22495355,47,8,15098724,11702740,144,1056
202012,S0024,A0149,83,21,10,11446353,41,6,11887269,8159620,132,1115
202012,S0025,A0237,78,23,19,13769163,39,8,10823792,9900400,125,1164
202012,S0026,A0026,127,53,42,42914267,51,19,32939899,31343462,141,1124
202012,S0027,A0118,106,35,25,17950837,42,10,18405319,12172263,160,1193
202012,S0028,A0136,71,14,9,11376621,37,6,13211172,8995259,144,1151
202012,S0029,A0166,84,17,9,10879200,50,5,7824002,6363915,154,1126
202012,S0030,A0002,89,31,20,28347443,41,10,19666083,19950577,135,1181
202012,S0031,A0049,104,31,21,18506888,41,9,13517762,12394072,144,1180
202012,S0032,A0112,78,36,27,24895467,42,10,17086314,17532653,150,1138
202012,S0033,A0016,72,25,16,14214540,40,5,7970449,7092769,134,1156
202012,S0034,A0235,104,31,23,30315023,54,8,15926665,20165848,155,1196
202012,S0035,A0154,97,26,17,21325315,50,8,14172701,15390657,148,1194
202012,S0036,A0192,93,27,22,24145072,42,8,15120124,18040053,130,1061
202012,S0037,A0124,113,31,19,11385137,52,7,8509733,7376210,141,1183
202012,S0038,A0144,95,24,20,19319291,47,7,11117704,12075309,142,1109
202012,S0039,A0083,90,25,13,12483792,45,7,11078362,8045744,138,1136
202012,S0040,A0079,69,21,13,11233712,42,5,10579160,8914966,132,1193
202012,S0041,A0032,87,34,23,29655926,44,9,9969438,20889083,147,1196
202012,S0042,A0050,92,25,20,23933036,49,7,9167857,15112171,152,1189
202012,S0043,A0185,80,25,13,12848066,42,5,7110024,6475572,132,1174
202012,S0044,A0107,106,34,24,26909085,49,9,10834069,19838882,144,1186
202012,S0045,A0199,95,26,18,18431838,47,8,8494762,13933022,128,1167
202012,S0046,A0067,109,35,20,24891397,47,7,10379156,15870529,122,1079
202012,S0047,A0174,77,28,23,29288129,34,8,9427383,18084624,129,1161
202012,S0048,A0210,120,33,26,20327371,62,11,15858655,14752196,158,1190
202012,S0049,A0200,112,32,25,30429722,50,10,18345299,16744388,146,1084
202012,S0050,A0052,75,21,12,16120150,41,4,7213524,10061294,124,1045
202012,S0051,A0089,102,39,23,19079750,51,7,12860067,14548349,147,1117
202012,S0052,A0066,84,25,16,19729416,44,5,5941443,13933278,127,1086
202012,S0053,A0192,75,20,13,11676691,37,6,7652435,8031982,130,1188
202012,S0054,A0194,68,14,8,8082307,40,3,5084167,5268814,135,1166
202012,S0055,A0107,77,12,10,10861052,43,3,6546039,7442478,130,1194
202012,S0056,A0065,107,28,23,26311324,44,11,18289122,16190970,131,1081
202012,S0057,A0016,73,10,7,10334478,39,4,8902273,7735417,150,1150
202012,S0058,A0065,82,23,17,24934014,47,5,5042840,17985569,148,1183
202012,S0059,A0037,69,18,11,12362292,42,5,6094194,9648005,114,1159
202012,S0060,A0018,89,26,17,12039896,45,7,9989138,6460587,170,1177
202012,S0061,A0188,109,24,14,19800610,51,6,8498750,14117321,129,1194
202012,S0062,A0113,76,19,12,12849226,47,6,6816900,10528728,155,1198
202012,S0063,A0233,56,9,0,0,33,0,0,0,140,1162
202012,S0064,A0064,97,24,16,15011220,51,6,11651575,10558143,162,1164
202012,S0065,A0093,91,36,25,17235445,44,10,12679473,13225540,147,1178
202012,S0066,A0214,64,26,15,19812011,39,6,9888608,14655513,124,1115
202012,S0067,A0148,86,13,6,8371528,53,2,1792897,4291694,146,1191
202012,S0068,A0069,83,24,20,26213731,42,8,9448229,17893426,134,1142
202012,S0069,A0090,89,41,36,29330445,47,11,12909922,18942957,142,1168
202012,S0070,A0186,57,9,8,7968882,32,4,6639229,5440567,116,1130
202012,S0071,A0088,82,20,14,15742596,39,5,5748994,10347792,117,1103
202012,S0072,A0117,83,19,12,12211378,44,6,12066411,8795416,147,1169
202012,S0073,A0118,76,20,11,12195378,37,6,5967086,8225498,133,1103
202012,S0074,A0113,75,15,11,6718637,41,4,7192910,4871177,151,1141
202012,S0075,A0117,69,18,9,10143185,31,5,5651142,6862693,129,1155
202012,S0076,A0232,68,16,5,3106288,40,3,2931287,2350597,126,1195
202012,S0077,A0058,90,29,22,31775762,47,9,11518249,18624442,145,1175
202012,S0078,A0216,96,31,23,28794243,41,9,13995921,18761997,129,1171
202012,S0079,A0047,82,29,16,12109651,40,6,13720145,8590538,124,1176
202012,S0080,A0019,96,37,23,26159245,45,8,12713244,18139076,145,1067
