periodo,sed,nro_inspecciones,nro_notificaciones,nro_notif_causal4,nro_notif_causal4_val,nro_cuentas_insp,nro_cuentas_notif_causal4,recupero,recupero_causal4,sums_sed,dist_ult_insp
201901,SED00001,0,0,0,0,0,0,0,0,1,-1
201901,SED00003,11,0,0,0,7,0,0,0,28,1163
201901,SED00005,32,13,9,8221765,16,3,6262327,5071721,47,1033
201901,SED00009,100,32,32,44090736,44,13,21009015,26962910,147,1174
201901,SED00010,38,17,14,14542233,19,5,8488241,11396621,51,1074
201901,SED00011,29,6,0,0,15,0,0,0,52,1143
201901,SED00015,48,8,6,3510608,23,3,3763328,2475530,81,1123
201901,SED00018,3,2,0,0,1,0,0,0,2,805
201901,SED00021,68,24,17,25564760,32,5,4696152,16120055,73,1075
201901,SED00022,0,0,0,0,0,0,0,0,1,-1
201901,SED00026,24,1,0,0,16,0,0,0,45,1120
201901,SED00027,0,0,0,0,0,0,0,0,1,-1
201901,SED00028,2,1,0,0,1,0,0,0,1,546
201901,SED00029,32,9,9,11810665,16,4,6010889,7702806,46,1039
201901,SED00031,0,0,0,0,0,0,0,0,1,-1
201901,SED00032,1,1,0,0,1,0,0,0,1,374
201901,SED00033,0,0,0,0,0,0,0,0,1,-1
201901,SED00035,11,3,1,1911712,8,1,2779947,1055918,33,1064
201901,SED00038,16,1,0,0,8,0,0,0,35,775
201901,SED00051,28,7,5,5910316,15,2,1886047,3087269,38,1105
201901,SED00056,35,12,7,7837662,19,2,1586471,6660651,53,1154
201901,SED00059,0,0,0,0,0,0,0,0,1,-1
201901,SED00060,50,17,13,8814285,28,5,8535413,6516937,71,1174
201901,SED00061,7,3,3,2333091,1,1,2292633,2056856,1,510
201901,SED00062,0,0,0,0,0,0,0,0,1,-1
201901,SED00063,2,0,0,0,1,0,0,0,1,1057
201901,SED00064,57,24,19,25564350,30,5,6138470,17791123,85,1122
201901,SED00067,54,21,15,24057152,24,5,7600086,15501466,67,1194
201901,SED00068,0,0,0,0,0,0,0,0,1,-1
201901,SED00071,0,0,0,0,0,0,0,0,1,-1
201901,SED00075,39,9,8,5789056,19,3,5848044,4260102,64,1123
201901,SED00078,28,12,9,6799968,12,3,5419625,4219518,48,1152
201901,SED00079,24,1,1,1534827,15,1,1074916,985949,42,1155
201901,SED00080,0,0,0,0,0,0,0,0,1,-1
201901,SED00082,23,8,5,5217120,14,2,3585537,3156714,59,895
201901,SED00087,2,0,0,0,1,0,0,0,2,972
201901,SED00088,15,4,2,1959250,9,1,1673315,1345669,26,1099
201901,SED00089,2,0,0,0,1,0,0,0,1,1083
201901,SED00091,0,0,0,0,0,0,0,0,1,-1
201901,SED00092,0,0,0,0,0,0,0,0,1,-1
201901,SED00093,1,0,0,0,1,0,0,0,1,600
201901,SED00096,1,0,0,0,1,0,0,0,1,1133
201901,SED00097,0,0,0,0,0,0,0,0,2,-1
201901,SED00098,2,0,0,0,1,0,0,0,1,681
201901,SED00100,1,0,0,0,1,0,0,0,2,252
201901,SED00104,0,0,0,0,0,0,0,0,1,-1
201901,SED00105,0,0,0,0,0,0,0,0,1,-1
201901,SED00107,1,1,0,0,1,0,0,0,1,433
201901,SED00111,0,0,0,0,0,0,0,0,1,-1
201901,SED00114,33,6,2,1678038,15,2,4489823,959771,43,1188
201901,SED00115,7,5,3,867756,6,1,1820666,606476,22,1153
201901,SED00116,17,4,2,2998910,10,1,2096678,1775416,29,864
201901,SED00117,43,15,14,11383443,22,6,11184347,9037600,85,1192
201901,SED00118,1,0,0,0,1,0,0,0,1,538
201901,SED00119,1,0,0,0,1,0,0,0,1,970
201901,SED00121,39,10,4,5306299,22,2,1872622,3126324,83,1144
201901,SED00123,35,7,1,1753001,18,1,1714574,1652311,72,1158
201901,SED00124,0,0,0,0,0,0,0,0,1,-1
201901,SED00126,19,6,6,7654808,9,2,549866,4218007,47,1159
201901,SED00127,28,12,11,12087812,13,4,7207834,9545055,54,1071
201901,SED00128,22,4,3,2438346,13,1,1736381,1969962,34,928
201901,SED00130,17,1,0,0,10,0,0,0,33,1155
201901,SED00131,50,9,8,5024614,22,5,9763127,2785036,93,1110
201901,SED00133,78,19,10,8516987,40,4,7634789,4964306,133,1173
201901,SED00140,57,19,15,21271382,23,5,8046668,13839623,67,959
201901,SED00141,2,0,0,0,1,0,0,0,1,903
201901,SED00142,1,0,0,0,1,0,0,0,1,832
201901,SED00143,35,11,4,2002772,21,2,3987728,1076300,64,1181
201901,SED00144,61,24,20,21733087,29,8,11770897,15268821,76,1191
201901,SED00146,14,3,2,1994354,8,1,1954053,993556,27,838
201901,SED00148,171,58,41,34484796,91,15,20577336,22332471,313,1178
201901,SED00152,24,14,11,10690647,10,3,4897846,6272393,27,1128
201901,SED00153,83,17,14,13785437,40,6,9241955,10380680,95,1188
201901,SED00154,2,0,0,0,1,0,0,0,1,1018
201901,SED00161,28,13,13,14998407,13,5,8710157,8991261,52,1127
201901,SED00162,20,3,3,1540425,11,2,2136561,984933,36,1051
201901,SED00164,0,0,0,0,0,0,0,0,1,-1
201901,SED00165,39,11,9,10415426,22,4,8927931,7153135,72,1197
201901,SED00166,37,13,8,7782157,18,3,5769832,4540030,72,1192
201901,SED00167,108,32,21,22778016,59,8,10544977,16783535,203,1182
201901,SED00168,0,0,0,0,0,0,0,0,1,-1
201901,SED00169,32,15,9,12202542,17,3,5301924,9795105,54,1131
201901,SED00170,0,0,0,0,0,0,0,0,1,-1
201901,SED00174,14,3,3,627435,8,1,1030655,251419,29,1168
201901,SED00177,0,0,0,0,0,0,0,0,1,-1
201901,SED00182,86,27,20,15581612,34,8,13040245,9840022,122,1123
201901,SED00185,81,17,10,10716178,41,4,5527167,5294323,143,1140
201901,SED00186,0,0,0,0,0,0,0,0,1,-1
201901,SED00192,28,7,3,3705051,13,1,194895,3266006,47,1176
201901,SED00193,0,0,0,0,0,0,0,0,1,-1
201901,SED00194,11,6,3,5858589,6,1,891275,5156372,31,718
201901,SED00196,0,0,0,0,0,0,0,0,2,-1
201901,SED00197,21,16,12,19083472,12,3,5930445,10858429,34,889
201901,SED00199,41,17,14,15081595,16,4,5395428,8540226,42,944
201901,SED00201,0,0,0,0,0,0,0,0,1,-1
201901,SED00204,37,7,4,3641982,16,2,3061431,1657909,49,914
201901,SED00209,34,6,4,4237494,20,2,4460504,2947852,53,1183
201901,SED00210,45,11,9,11841297,25,4,8345432,7386464,76,1099
201901,SED00212,41,8,5,2733365,22,2,4365473,1873491,55,887
201901,SED00213,16,6,4,7288580,11,1,2974821,4383200,53,1175
201901,SED00216,21,9,9,7606987,9,4,6971492,6106801,33,1162
201901,SED00218,146,49,41,40031914,65,16,33280630,27209439,207,1175
201901,SED00219,35,10,5,5576731,20,2,4062838,3583223,74,1105
201901,SED00221,102,26,16,22458406,53,6,10228342,14428756,142,1197
201901,SED00223,84,22,15,16326686,45,6,12156108,10906947,161,1170
201901,SED00225,26,9,6,7449632,15,3,2727266,5045088,41,1181
201901,SED00226,2,0,0,0,1,0,0,0,1,585
201901,SED00227,35,6,4,812760,18,1,1064360,608187,57,1197
201901,SED00232,19,6,2,2299510,9,1,2609936,2105220,28,1174
201901,SED00233,41,11,2,2489784,24,2,3942704,1828881,59,1182
201901,SED00236,0,0,0,0,0,0,0,0,1,-1
201901,SED00238,38,20,16,16847769,14,6,7343346,10579072,63,1196
201901,SED00239,0,0,0,0,0,0,0,0,1,-1
201901,SED00240,69,22,16,14135058,25,7,12339463,11402277,77,1071
201901,SED00242,3,0,0,0,2,0,0,0,2,1102
201901,SED00244,15,6,6,8489586,9,2,3033110,7385956,27,1113
201901,SED00251,57,12,4,6201710,29,2,1909876,3334992,75,1126
201901,SED00252,35,16,7,6138581,18,3,6026248,4585025,82,1192
201901,SED00254,0,0,0,0,0,0,0,0,1,-1
201901,SED00255,0,0,0,0,0,0,0,0,1,-1
201901,SED00256,1,0,0,0,1,0,0,0,1,567
201901,SED00259,56,18,12,15188514,29,4,8221427,12295491,91,1094
201901,SED00261,21,7,7,10478282,12,3,4330484,6593162,34,1056
201901,SED00263,27,3,1,1795959,14,1,742859,1040131,61,938
201901,SED00265,24,2,0,0,15,0,0,0,32,1005
201901,SED00267,0,0,0,0,0,0,0,0,1,-1
201901,SED00269,49,17,10,12025779,22,4,6759799,6283058,49,1133
201901,SED00270,18,10,3,3023136,9,1,2950436,2754232,22,871
201901,SED00273,82,22,18,18900859,41,6,8535552,11633786,136,1198
201901,SED00274,0,0,0,0,0,0,0,0,1,-1
201901,SED00275,20,7,5,5306896,12,2,4462573,4220034,49,1182
201901,SED00276,67,15,12,11068556,36,5,6547933,5379364,92,1194
201901,SED00283,0,0,0,0,0,0,0,0,1,-1
201901,SED00285,48,24,15,10826647,23,6,7643194,7561829,78,1147
201901,SED00286,0,0,0,0,0,0,0,0,1,-1
201901,SED00287,48,19,17,12320906,24,7,11123636,7525907,86,1199
201901,SED00289,2,0,0,0,1,0,0,0,1,225
201901,SED00290,1,0,0,0,1,0,0,0,1,481
201901,SED00293,0,0,0,0,0,0,0,0,1,-1
201901,SED00294,55,22,20,21042994,19,6,12009015,14618172,78,1079
201901,SED00295,50,10,7,6070630,30,2,3142405,3848127,90,1199
201901,SED00296,0,0,0,0,0,0,0,0,2,-1
201901,SED00297,26,8,2,3007724,12,1,101273,1565007,35,1181
201901,SED00299,52,13,8,5079585,27,3,5541734,3950336,76,1180
201901,SED00300,33,9,8,13472476,15,3,6491870,10027111,43,1194
201901,SED00302,46,13,6,2527015,25,3,4958987,1787447,63,1153
201901,SED00304,29,7,4,7481210,14,2,3275987,5184929,46,1172
201901,SED00305,40,2,0,0,27,0,0,0,77,1182
201901,SED00306,35,10,9,11217314,23,4,6806657,7339945,65,1188
201901,SED00307,30,6,5,6681938,14,3,3089822,4011623,41,1075
201901,SED00308,40,15,13,18988595,19,4,7059831,12774048,67,1198
201901,SED00309,0,0,0,0,0,0,0,0,1,-1
201901,SED00311,23,3,3,3476238,10,2,4161317,3050206,44,1183
201901,SED00313,3,0,0,0,1,0,0,0,1,840
201901,SED00314,2,0,0,0,1,0,0,0,1,436
201901,SED00317,2,0,0,0,1,0,0,0,1,582
201901,SED00318,38,13,10,7649996,21,3,5833078,5734243,48,1191
201901,SED00319,0,0,0,0,0,0,0,0,1,-1
201901,SED00331,57,19,12,11535480,31,4,5350184,8070122,99,1158
201901,SED00332,36,13,12,14854829,19,4,6020261,8994794,48,1098
201901,SED00337,43,14,14,16303516,18,7,10975136,11028656,64,888
201901,SED00338,47,9,3,3258603,27,1,1968539,2245020,68,1174
201901,SED00342,0,0,0,0,0,0,0,0,1,-1
201901,SED00343,26,11,9,6798094,11,3,6314296,5085035,31,889
201901,SED00345,0,0,0,0,0,0,0,0,1,-1
201901,SED00352,0,0,0,0,0,0,0,0,2,-1
201901,SED00355,22,7,5,8572784,11,2,2353370,6620464,30,1092
201901,SED00356,27,4,2,1210822,13,1,2811886,894936,36,1113
201901,SED00358,0,0,0,0,0,0,0,0,1,-1
201901,SED00361,2,0,0,0,1,0,0,0,1,886
201901,SED00362,2,0,0,0,1,0,0,0,1,286
201901,SED00367,0,0,0,0,0,0,0,0,1,-1
201901,SED00368,1,0,0,0,1,0,0,0,1,562
201901,SED00369,47,14,7,7593917,31,2,4294449,4050443,86,1183
201901,SED00372,98,20,14,17752043,53,5,9832922,9225321,149,1159
201901,SED00373,0,0,0,0,0,0,0,0,1,-1
201901,SED00379,46,13,11,18201031,24,3,7292372,11109893,87,1026
201901,SED00381,0,0,0,0,0,0,0,0,1,-1
201901,SED00388,0,0,0,0,0,0,0,0,1,-1
201901,SED00394,46,16,10,9228529,21,5,7386544,7218020,56,1045
201901,SED00397,16,4,0,0,9,0,0,0,34,1167
201901,SED00398,13,3,3,1964515,5,2,890876,1185674,31,1198
201901,SED00399,0,0,0,0,0,0,0,0,1,-1
201901,SED00401,29,7,4,2069988,15,1,251199,1314326,66,1194
201901,SED00402,1,0,0,0,1,0,0,0,1,761
201901,SED00405,0,0,0,0,0,0,0,0,1,-1
201901,SED00406,49,12,3,4150437,27,3,4767045,2682359,75,1149
201901,SED00412,55,11,7,4833635,28,3,4449880,3058297,80,1182
201901,SED00416,30,4,0,0,19,0,0,0,71,1185
201901,SED00419,0,0,0,0,0,0,0,0,1,-1
201901,SED00421,28,7,4,3933564,15,1,2249223,3243741,54,1164
201901,SED00424,2,0,0,0,1,0,0,0,2,246
201901,SED00425,97,30,24,29766825,50,9,17193253,22300281,142,1143
201901,SED00428,130,39,28,31929063,55,11,17885420,26487957,143,1173
201901,SED00430,6,2,0,0,3,0,0,0,24,975
201901,SED00431,0,0,0,0,0,0,0,0,1,-1
201901,SED00433,1,0,0,0,1,0,0,0,1,863
201901,SED00434,14,3,0,0,7,0,0,0,25,1128
201901,SED00436,0,0,0,0,0,0,0,0,1,-1
201901,SED00440,0,0,0,0,0,0,0,0,2,-1
201901,SED00441,53,14,14,17027273,32,6,8599940,11002365,88,1118
201901,SED00446,17,0,0,0,12,0,0,0,67,832
201901,SED00447,42,17,14,12812252,20,6,9539454,10859819,69,1059
201901,SED00448,24,6,3,2619929,15,2,4526199,1910728,45,1133
201901,SED00449,105,27,17,16379938,51,9,18057919,9741814,138,1158
201901,SED00450,1,0,0,0,1,0,0,0,1,656
201901,SED00451,1,0,0,0,1,0,0,0,1,135
201901,SED00453,34,12,6,4945494,17,2,1400496,3472446,63,1174
201901,SED00454,10,8,8,3631680,7,2,4286695,2025686,25,875
201901,SED00455,0,0,0,0,0,0,0,0,2,-1
201901,SED00460,21,7,3,1953216,13,1,124301,1293819,68,1191
201901,SED00462,0,0,0,0,0,0,0,0,1,-1
201901,SED00463,103,21,10,7853790,52,6,4431027,4801160,159,1181
201901,SED00464,1,2,0,0,1,0,0,0,1,117
201901,SED00466,0,0,0,0,0,0,0,0,1,-1
201901,SED00468,119,29,18,18696424,62,8,10730311,13184259,213,1182
201901,SED00473,25,4,2,658068,14,1,2112407,354579,51,1050
201901,SED00474,0,0,0,0,0,0,0,0,1,-1
201901,SED00476,28,14,9,9941134,14,3,3000631,5210357,49,1103
201901,SED00477,21,5,1,1304309,13,1,555939,1000158,38,1130
201901,SED00480,1,0,0,0,1,0,0,0,1,166
201901,SED00481,39,14,10,12054355,14,4,5170815,7611221,41,1128
201901,SED00482,37,10,7,2831577,24,3,3924642,2352493,63,1193
201901,SED00483,31,6,6,8896254,18,2,1327583,5235127,63,1181
201901,SED00484,0,0,0,0,0,0,0,0,1,-1
201901,SED00485,19,7,7,7201886,8,3,3510130,5132148,22,1114
201901,SED00486,0,0,0,0,0,0,0,0,1,-1
201901,SED00488,45,12,10,10366919,19,4,7257075,7376623,53,1191
201901,SED00489,24,2,2,348264,12,1,2770525,208841,38,1056
201901,SED00490,35,13,9,12498325,17,4,4623054,8613444,59,930
201901,SED00494,0,0,0,0,0,0,0,0,1,-1
201901,SED00495,24,2,1,649385,11,1,2728878,365111,52,958
201901,SED00497,28,9,7,7101629,13,2,1977753,5981257,31,1143
201901,SED00498,38,7,6,6311989,16,3,5754858,4459561,47,986
201901,SED00500,31,9,9,7935984,11,4,7607392,6738882,44,814
201901,SED00506,29,7,5,6276091,16,2,665837,5757037,55,1153
201901,SED00511,30,11,7,8369150,13,3,3759280,5339901,66,1058
201901,SED00514,2,0,0,0,1,0,0,0,1,179
201901,SED00516,39,16,14,14437570,17,5,5663183,8955070,62,1125
201901,SED00519,50,16,12,15858921,26,5,9043495,10624943,81,1198
201901,SED00521,42,11,7,9916702,22,5,9654398,6090264,64,1117
201901,SED00528,43,13,5,8199321,19,2,3654873,6843955,70,1185
201901,SED00537,0,0,0,0,0,0,0,0,2,-1
201901,SED00541,37,11,9,8673689,18,4,4276271,5827425,58,1151
201901,SED00544,23,4,4,4918068,12,1,1800879,3598182,64,1197
201901,SED00548,2,0,0,0,1,0,0,0,2,953
201901,SED00549,0,0,0,0,0,0,0,0,1,-1
201901,SED00554,29,9,4,3887484,16,1,898969,2995139,65,1173
201901,SED00555,35,10,9,7327512,19,3,4913959,6636632,54,1152
201901,SED00560,0,0,0,0,0,0,0,0,1,-1
201901,SED00561,18,8,7,10565373,9,2,4912667,7459133,28,862
201901,SED00565,34,11,7,9551737,19,4,5829388,7585510,71,1014
201901,SED00569,32,6,3,3429024,13,2,3013759,1947768,41,1117
201901,SED00571,13,1,0,0,9,0,0,0,25,1141
201901,SED00572,27,10,7,8867672,14,2,1546842,6433175,66,1032
201901,SED00573,43,9,0,0,24,0,0,0,65,1075
201901,SED00576,21,4,2,2615410,9,1,2744666,1828228,24,873
201901,SED00577,0,0,0,0,0,0,0,0,1,-1
201901,SED00578,25,12,10,12199760,15,4,4809860,6931341,67,1138
201901,SED00581,20,2,2,2034506,11,1,1508335,1798067,41,1111
201901,SED00582,26,10,10,15628596,14,3,3587018,10625628,56,1144
201901,SED00587,40,6,1,1367594,24,1,2980097,993183,68,1153
201901,SED00591,2,0,0,0,1,0,0,0,20,477
201901,SED00593,109,32,30,30808449,46,12,13282752,19298234,193,1196
201901,SED00595,20,4,3,5860326,12,1,1604507,4602797,42,1088
201901,SED00597,60,14,12,11281482,35,5,7499961,8496261,129,1166
201901,SED00599,1,0,0,0,1,0,0,0,1,555
201902,SED00003,27,5,2,2710172,15,1,2535961,1773296,40,1189
201902,SED00005,24,12,12,11927096,13,5,7081609,7050980,57,1108
201902,SED00009,91,43,32,38091919,40,9,17638426,28239029,147,997
201902,SED00010,44,12,11,12798907,20,5,4829945,9861706,59,1118
201902,SED00011,39,13,11,12801814,20,3,6069774,10298608,61,1175
201902,SED00015,43,16,11,13235008,20,5,7669179,9357919,68,1183
201902,SED00021,49,20,15,11895317,28,5,8873697,7962934,79,1152
201902,SED00026,23,5,4,4125483,14,2,2980999,3180775,48,1018
201902,SED00029,44,7,2,3061468,24,2,4711374,2116321,72,1154
201902,SED00035,15,6,2,2951152,7,1,991836,1883001,31,1054
201902,SED00038,11,0,0,0,7,0,0,0,30,1166
201902,SED00044,1,0,0,0,1,0,0,0,1,679
201902,SED00051,33,9,5,4625376,14,4,5544159,3378017,47,1168
201902,SED00052,0,0,0,0,0,0,0,0,1,-1
201902,SED00056,56,16,12,11265545,31,6,13279546,7125832,77,1108
201902,SED00057,0,0,0,0,0,0,0,0,1,-1
201902,SED00059,0,0,0,0,0,0,0,0,1,-1
201902,SED00060,25,5,3,818544,20,1,2401918,640104,95,1156
201902,SED00064,57,18,11,14097803,24,6,8814244,10528983,84,1097
201902,SED00067,61,13,12,13123561,20,5,8546685,7631590,74,1184
201902,SED00074,2,0,0,0,1,0,0,0,1,103
201902,SED00075,34,11,5,6388934,18,3,6978338,4328800,91,1034
201902,SED00076,3,2,0,0,1,0,0,0,1,390
201902,SED00078,40,8,8,12203703,20,4,8369577,7685039,44,1162
201902,SED00079,16,2,1,704562,13,1,2664043,615272,38,1011
201902,SED00082,60,15,9,13821247,31,3,5683704,8759230,76,1190
201902,SED00084,0,0,0,0,0,0,0,0,1,-1
201902,SED00088,15,3,3,1593684,6,1,1528788,1173786,26,1000
201902,SED00089,0,0,0,0,0,0,0,0,1,-1
201902,SED00093,0,0,0,0,0,0,0,0,1,-1
201902,SED00095,2,0,0,0,1,0,0,0,1,753
201902,SED00096,0,0,0,0,0,0,0,0,1,-1
201902,SED00098,0,0,0,0,0,0,0,0,1,-1
201902,SED00107,0,0,0,0,0,0,0,0,1,-1
201902,SED00110,2,0,0,0,1,0,0,0,2,1182
201902,SED00112,0,0,0,0,0,0,0,0,1,-1
201902,SED00114,17,4,4,4636969,9,2,2772905,3283057,46,1070
201902,SED00115,12,4,4,3124008,7,1,2886726,2608807,28,1067
201902,SED00116,5,2,0,0,4,0,0,0,23,1016
201902,SED00117,30,5,2,637660,19,1,373811,268278,73,1123
201902,SED00121,53,17,14,19541392,22,4,8021686,13018395,76,1172
201902,SED00122,0,0,0,0,0,0,0,0,1,-1
201902,SED00123,35,10,10,9386241,19,5,5677606,6967341,86,1187
201902,SED00126,49,15,7,5190363,22,3,6958942,3650360,55,1123
201902,SED00127,47,10,8,6627781,22,4,5757190,4769043,64,1169
201902,SED00128,34,7,6,1667268,18,2,2740777,1239466,58,834
201902,SED00130,24,2,1,548654,12,1,827995,342500,31,1160
201902,SED00131,60,14,12,9940681,33,5,11202362,8649835,98,1180
201902,SED00133,88,29,25,17941769,38,9,13565347,11735306,141,1149
201902,SED00134,1,0,0,0,1,0,0,0,1,243
201902,SED00140,54,19,10,13441015,23,5,7590655,7901193,80,1134
201902,SED00143,47,9,9,4458032,22,3,7036241,3254936,65,1031
201902,SED00144,28,15,9,9789114,15,3,3964921,7161806,66,1118
201902,SED00146,21,11,7,10661092,13,2,2083597,8010883,33,1095
201902,SED00148,138,31,21,23356363,76,8,14576330,16580033,282,1195
201902,SED00152,10,1,0,0,7,0,0,0,30,1195
201902,SED00153,52,9,5,7044670,28,2,3870035,4876459,95,1163
201902,SED00154,0,0,0,0,0,0,0,0,1,-1
201902,SED00161,36,11,6,6649077,18,2,2788871,2979956,47,1085
201902,SED00162,16,4,1,123125,9,1,154094,72327,33,1063
201902,SED00165,44,15,6,4203380,22,2,5832192,2886129,74,1189
201902,SED00166,53,19,18,20668064,23,8,11629729,13768283,76,1016
201902,SED00167,136,42,29,33153492,72,10,11938494,18820038,208,1183
201902,SED00169,21,10,9,10326859,10,3,4239583,8184484,40,1157
201902,SED00172,0,0,0,0,0,0,0,0,1,-1
201902,SED00174,15,2,0,0,9,0,0,0,32,853
201902,SED00175,0,0,0,0,0,0,0,0,1,-1
201902,SED00176,0,0,0,0,0,0,0,0,1,-1
201902,SED00179,0,0,0,0,0,0,0,0,1,-1
201902,SED00182,101,26,18,15678693,44,10,19999210,10661102,145,1128
201902,SED00185,98,27,22,27201341,49,7,14152324,18724702,144,1168
201902,SED00189,0,0,0,0,0,0,0,0,1,-1
201902,SED00190,0,0,0,0,0,0,0,0,2,-1
201902,SED00192,39,12,10,8521122,15,4,5446621,6173783,40,1141
201902,SED00194,22,5,3,3758361,11,1,523309,2889176,31,1191
201902,SED00195,5,2,2,338022,1,1,2287338,313743,1,131
201902,SED00197,24,6,3,4167363,13,1,2062649,3257621,40,985
201902,SED00199,14,5,0,0,7,0,0,0,29,957
201902,SED00200,3,0,0,0,1,0,0,0,1,458
201902,SED00204,32,9,9,7643864,14,3,5057821,4517536,43,1162
201902,SED00206,0,0,0,0,0,0,0,0,1,-1
201902,SED00207,5,1,1,658795,1,1,2200961,511041,1,147
201902,SED00208,0,0,0,0,0,0,0,0,1,-1
201902,SED00209,35,13,8,10662194,15,3,3855432,6419671,46,849
201902,SED00210,51,18,7,7525712,29,2,2954812,3413114,73,1166
201902,SED00212,61,17,12,12716188,30,6,10279110,6497900,72,1089
201902,SED00213,39,14,6,8463213,24,2,4535241,6737522,82,1181
201902,SED00215,3,1,0,0,1,0,0,0,1,64
201902,SED00216,17,2,0,0,11,0,0,0,30,1163
201902,SED00217,1,1,0,0,1,0,0,0,2,336
201902,SED00218,147,53,43,50909184,73,12,16862025,34962309,238,1171
201902,SED00219,48,13,12,15068486,18,5,6097899,10392478,68,1067
201902,SED00221,86,17,12,8466375,47,4,4629886,7079001,164,1142
201902,SED00223,51,14,4,4904904,32,2,3626469,2702558,132,1175
201902,SED00225,22,3,3,3322482,13,1,2888928,1843890,51,1137
201902,SED00227,40,11,5,9154201,23,2,3203913,5781119,68,1194
201902,SED00229,0,0,0,0,0,0,0,0,1,-1
201902,SED00230,1,0,0,0,1,0,0,0,1,742
201902,SED00232,9,3,2,2114120,6,1,1168333,1020305,24,963
201902,SED00233,30,6,2,1381312,17,1,2655989,650778,46,1109
201902,SED00235,0,0,0,0,0,0,0,0,1,-1
201902,SED00238,23,5,5,3667773,16,2,3781605,3171667,69,1107
201902,SED00240,85,37,29,37422589,32,11,18423362,27734291,72,1196
201902,SED00241,1,0,0,0,1,0,0,0,1,428
201902,SED00244,21,7,4,7478180,14,1,2011056,4009340,35,1166
201902,SED00251,46,10,1,1065061,24,1,123552,793720,75,1161
201902,SED00252,39,20,12,12457962,20,4,5837002,7096675,75,999
201902,SED00253,0,0,0,0,0,0,0,0,1,-1
201902,SED00254,0,0,0,0,0,0,0,0,1,-1
201902,SED00255,0,0,0,0,0,0,0,0,1,-1
201902,SED00259,46,9,8,7115962,25,3,2948359,3955397,64,1168
201902,SED00261,15,1,1,1937903,10,1,874362,1311244,36,1046
201902,SED00263,41,12,11,8250875,19,3,5100278,4551325,71,1000
201902,SED00264,1,0,0,0,1,0,0,0,1,457
201902,SED00265,20,9,6,4269170,6,2,3248513,2027063,30,1069
201902,SED00269,15,5,5,1408592,8,2,1642311,1032464,40,1008
201902,SED00270,30,11,9,3808212,9,3,2346146,2397771,26,1083
201902,SED00273,63,20,10,9293294,37,3,2851344,5848769,128,1085
201902,SED00275,20,7,3,3448860,12,1,1728246,1578510,32,1122
201902,SED00276,56,19,8,3492003,26,4,4340574,2275830,105,1137
201902,SED00278,0,0,0,0,0,0,0,0,2,-1
201902,SED00281,0,0,0,0,0,0,0,0,1,-1
201902,SED00282,0,0,0,0,0,0,0,0,1,-1
201902,SED00283,0,0,0,0,0,0,0,0,1,-1
201902,SED00285,47,11,7,11365362,25,3,3777012,9300594,70,1179
201902,SED00287,58,20,13,12605071,23,5,6778307,10760134,68,1127
201902,SED00294,50,10,2,3548718,28,1,1123657,1824777,89,1089
201902,SED00295,38,5,4,2921025,26,2,4543639,1933871,68,1019
201902,SED00297,28,13,11,16233934,13,4,4084249,10096512,31,1149
201902,SED00299,62,19,16,12151128,25,7,11482718,9887478,71,1193
201902,SED00300,23,10,10,12769995,11,4,4861962,9358220,32,1041
201902,SED00302,48,14,5,6186921,28,3,5170442,3793840,65,1155
201902,SED00303,0,0,0,0,0,0,0,0,1,-1
201902,SED00304,31,7,4,3812569,13,2,3189917,1936789,46,1036
201902,SED00305,49,15,9,7846617,29,4,2678680,6151698,87,1192
201902,SED00306,56,19,14,15466129,29,4,5622773,11143682,83,1185
201902,SED00307,16,4,4,4440264,9,1,728836,2907238,25,1171
201902,SED00308,25,5,1,1241384,18,1,2817281,960744,60,1122
201902,SED00311,18,10,8,2888756,11,3,4103411,1926429,42,990
201902,SED00317,0,0,0,0,0,0,0,0,1,-1
201902,SED00318,29,10,9,11585267,16,3,5009021,7358817,45,1184
201902,SED00321,0,0,0,0,0,0,0,0,1,-1
201902,SED00324,0,0,0,0,0,0,0,0,1,-1
201902,SED00328,1,0,0,0,1,0,0,0,1,315
201902,SED00330,0,0,0,0,0,0,0,0,1,-1
201902,SED00331,59,21,18,21924228,27,6,9611859,15311938,94,1160
201902,SED00332,22,7,1,415462,14,1,438346,313041,50,1082
201902,SED00335,0,0,0,0,0,0,0,0,1,-1
201902,SED00337,45,16,9,7796377,26,3,5669973,6036788,75,1178
201902,SED00338,50,13,11,10893185,17,6,9658124,5675384,50,1159
201902,SED00343,34,12,10,10661894,15,5,6230468,9210102,40,1086
201902,SED00346,7,2,2,1758012,1,1,2625371,979626,1,127
201902,SED00351,4,0,0,0,2,0,0,0,2,404
201902,SED00353,1,2,0,0,1,0,0,0,1,638
201902,SED00354,1,0,0,0,1,0,0,0,2,1167
201902,SED00355,17,6,4,5905060,10,1,257175,3560499,36,999
201902,SED00356,20,9,8,6505719,12,3,3588037,4074436,40,1181
201902,SED00361,0,0,0,0,0,0,0,0,1,-1
201902,SED00364,4,0,0,0,2,0,0,0,3,446
201902,SED00368,0,0,0,0,0,0,0,0,1,-1
201902,SED00369,36,5,2,1986616,20,1,2632786,1398432,103,1199
201902,SED00372,88,35,33,35417840,41,14,20974692,25821790,135,1159
201902,SED00374,0,0,0,0,0,0,0,0,1,-1
201902,SED00378,2,0,0,0,1,0,0,0,2,517
201902,SED00379,58,17,14,17611850,24,7,9554594,11774958,64,1180
201902,SED00380,0,0,0,0,0,0,0,0,1,-1
201902,SED00385,5,3,3,2810310,1,1,123121,1749744,1,369
201902,SED00389,0,0,0,0,0,0,0,0,1,-1
201902,SED00394,44,22,19,20355745,18,6,9250363,15940816,52,1177
201902,SED00397,19,5,5,4440929,9,2,1941646,2064869,24,1041
201902,SED00398,24,3,2,2840150,14,1,1566978,2225815,34,1116
201902,SED00399,0,0,0,0,0,0,0,0,1,-1
201902,SED00401,78,19,17,20921107,34,7,8565089,14475880,97,1165
201902,SED00406,54,18,14,19991378,29,6,9253622,12213847,94,1012
201902,SED00409,0,0,0,0,0,0,0,0,1,-1
201902,SED00412,30,10,8,9834568,16,3,1931529,8264521,65,1003
201902,SED00413,3,1,0,0,1,0,0,0,1,460
201902,SED00414,3,0,0,0,1,0,0,0,1,352
201902,SED00416,25,8,6,8403754,15,2,4612714,5653040,48,1198
201902,SED00421,23,7,5,3586966,10,2,945807,2116380,39,1194
201902,SED00423,0,0,0,0,0,0,0,0,1,-1
201902,SED00424,0,0,0,0,0,0,0,0,2,-1
201902,SED00425,91,28,23,26065499,41,11,19274100,14185255,141,1169
201902,SED00428,83,24,13,6748808,39,7,14269764,4630357,125,1142
201902,SED00429,0,0,0,0,0,0,0,0,1,-1
201902,SED00430,22,10,1,468979,13,1,1584887,310192,41,1054
201902,SED00431,4,1,0,0,3,0,0,0,3,479
201902,SED00434,17,6,5,2466033,11,2,898477,1295602,31,1013
201902,SED00435,0,0,0,0,0,0,0,0,1,-1
201902,SED00441,28,8,5,4292883,18,2,3555848,2431441,63,1061
201902,SED00444,0,0,0,0,0,0,0,0,1,-1
201902,SED00446,36,9,9,10811261,18,4,6297610,7477174,71,1195
201902,SED00447,40,16,10,6869208,20,3,5743481,4306802,76,1173
201902,SED00448,33,7,5,2856958,17,2,4874069,1443153,61,1173
201902,SED00449,90,27,19,18266831,46,9,16473032,12456808,128,1196
201902,SED00453,56,10,5,2933692,31,2,4751519,1354863,84,1108
201902,SED00454,28,7,3,2996586,16,1,585644,2830941,35,1195
201902,SED00456,7,1,1,732162,1,1,2748517,399415,1,387
201902,SED00460,49,19,14,10718264,22,5,8581127,6511062,70,1142
201902,SED00461,0,0,0,0,0,0,0,0,1,-1
201902,SED00463,137,48,28,32070393,59,11,16138463,23338790,164,1169
201902,SED00468,148,46,33,41811681,68,15,21700316,27868573,232,1199
201902,SED00470,1,1,0,0,1,0,0,0,1,498
201902,SED00473,25,5,2,826050,15,1,407447,340054,37,1054
201902,SED00476,37,14,13,11731326,19,5,12374258,8124601,45,1175
201902,SED00477,32,13,10,7246322,17,3,2222209,5001954,52,1163
201902,SED00481,46,14,11,15140040,20,4,5784537,9824878,48,1194
201902,SED00482,32,11,2,538474,16,1,917237,294610,58,1150
201902,SED00483,34,16,9,10381285,18,3,4972349,6407102,70,1188
201902,SED00484,0,0,0,0,0,0,0,0,1,-1
201902,SED00485,30,9,7,11046025,9,4,5596633,5487207,26,454
201902,SED00488,23,6,4,3060578,13,2,1692102,1580437,43,1096
201902,SED00489,9,1,1,1963097,6,1,1219859,1830611,38,1155
201902,SED00490,50,12,5,3633279,23,2,1873036,3057648,76,1151
201902,SED00493,0,0,0,0,0,0,0,0,1,-1
201902,SED00494,0,0,0,0,0,0,0,0,1,-1
201902,SED00495,25,4,3,686759,12,2,2481497,548585,46,1160
201902,SED00497,19,5,3,1734800,11,2,3147829,1523038,35,1171
201902,SED00498,33,9,5,3506172,14,2,4801875,2246471,47,1143
201902,SED00500,49,13,7,5025954,25,3,3697934,3703489,61,1106
201902,SED00503,0,0,0,0,0,0,0,0,1,-1
201902,SED00504,1,0,0,0,1,0,0,0,1,500
201902,SED00505,0,0,0,0,0,0,0,0,1,-1
201902,SED00506,14,4,0,0,6,0,0,0,47,1034
201902,SED00510,0,0,0,0,0,0,0,0,1,-1
201902,SED00511,21,14,11,10430436,12,3,5079109,5810337,38,787
201902,SED00516,49,12,12,13121528,24,3,4404203,9338056,74,1150
201902,SED00518,0,0,0,0,0,0,0,0,2,-1
201902,SED00519,45,14,4,883068,26,1,2096264,786751,71,1097
201902,SED00521,31,18,16,16659630,18,6,10631921,10346569,74,1076
201902,SED00523,2,0,0,0,1,0,0,0,1,360
201902,SED00524,0,0,0,0,0,0,0,0,1,-1
201902,SED00528,27,3,2,3022848,13,1,999129,1288201,62,988
201902,SED00530,1,0,0,0,1,0,0,0,1,630
201902,SED00541,31,13,10,9728942,17,5,8241590,6975361,44,939
201902,SED00544,30,7,6,1029530,16,2,1835363,471308,54,1144
201902,SED00549,1,1,0,0,1,0,0,0,1,711
201902,SED00550,3,0,0,0,1,0,0,0,1,866
201902,SED00554,55,18,12,9292914,30,5,9814496,5275271,75,863
201902,SED00555,17,6,4,6866508,11,1,2021509,2910876,37,1127
201902,SED00561,21,3,3,2084153,12,2,2129897,1760167,28,1040
201902,SED00562,1,0,0,0,1,0,0,0,1,396
201902,SED00565,41,8,6,6022670,19,3,4241027,3503010,63,1112
201902,SED00569,14,0,0,0,9,0,0,0,27,1087
201902,SED00571,28,13,12,11775912,13,3,5010781,6756546,44,1090
201902,SED00572,35,10,2,1521201,19,2,3332887,1154971,69,1053
201902,SED00573,48,17,11,10399050,29,4,6491455,8790008,70,1072
201902,SED00576,13,5,4,4697500,6,2,3695652,3558967,22,1002
201902,SED00578,55,16,13,9072459,23,5,10880689,6800590,69,1129
201902,SED00580,0,0,0,0,0,0,0,0,1,-1
201902,SED00581,52,19,18,15735774,19,9,12111555,11487538,48,886
201902,SED00582,23,8,4,5202248,16,1,1340709,2429790,50,1186
201902,SED00583,0,0,0,0,0,0,0,0,1,-1
201902,SED00585,2,0,0,0,1,0,0,0,1,640
201902,SED00587,50,15,11,17272001,23,3,3106038,12272142,68,1051
201902,SED00591,17,4,2,2058786,7,1,2346614,1347325,28,1129
201902,SED00593,128,36,19,17980724,71,8,13156738,13155396,217,1177
201902,SED00595,28,6,4,2175158,16,2,5061848,1077680,51,971
201902,SED00597,90,24,9,6467153,49,4,6667830,3195050,147,1186
201902,SED00599,0,0,0,0,0,0,0,0,1,-1
201903,SED00001,0,0,0,0,0,0,0,0,1,-1
201903,SED00003,35,10,4,2704163,19,2,3532483,2052102,37,1121
201903,SED00005,25,10,8,8689490,10,3,2934602,5417065,48,1073
201903,SED00007,0,0,0,0,0,0,0,0,3,-1
201903,SED00009,95,26,19,26427712,48,6,9754358,21726711,145,1120
201903,SED00010,12,7,4,5390016,10,1,1448420,2391002,43,748
201903,SED00011,52,12,10,15903322,20,5,12990740,11929155,45,1137
201903,SED00015,48,15,9,9331637,21,4,5207252,6118017,77,1171
201903,SED00019,0,0,0,0,0,0,0,0,1,-1
201903,SED00021,49,11,7,6198845,28,4,7986548,3837789,84,1190
201903,SED00026,29,14,9,8453987,13,3,6453571,5306236,40,848
201903,SED00028,0,0,0,0,0,0,0,0,1,-1
201903,SED00029,28,2,1,266538,17,1,2489882,185169,43,994
201903,SED00035,19,7,5,8015281,11,2,2975676,6123337,37,1156
201903,SED00036,0,0,0,0,0,0,0,0,1,-1
201903,SED00037,1,0,0,0,1,0,0,0,1,194
201903,SED00038,22,5,5,6374151,10,3,7017924,4957292,27,1153
201903,SED00040,1,0,0,0,1,0,0,0,1,673
201903,SED00045,0,0,0,0,0,0,0,0,2,-1
201903,SED00048,0,0,0,0,0,0,0,0,1,-1
201903,SED00049,0,0,0,0,0,0,0,0,1,-1
201903,SED00051,39,20,19,19195584,13,7,14186500,14075763,47,1191
201903,SED00053,0,0,0,0,0,0,0,0,1,-1
201903,SED00056,37,13,7,5582774,21,2,3326979,4613923,76,1182
201903,SED00060,57,17,9,8573056,25,3,4400404,7708856,81,1156
201903,SED00064,44,12,12,9886974,25,4,6480852,6762631,74,1128
201903,SED00067,34,5,0,0,21,0,0,0,71,918
201903,SED00075,49,18,11,13239273,23,5,10784389,8350196,69,1113
201903,SED00078,28,4,4,6792203,15,2,3220656,5608676,40,1157
201903,SED00079,22,12,11,14884490,8,3,4540406,11754338,48,1195
201903,SED00082,40,11,2,2494130,23,1,410437,1905563,73,1193
201903,SED00088,3,0,0,0,2,0,0,0,18,1195
201903,SED00095,0,0,0,0,0,0,0,0,1,-1
201903,SED00099,0,0,0,0,0,0,0,0,1,-1
201903,SED00101,1,0,0,0,1,0,0,0,1,666
201903,SED00102,0,0,0,0,0,0,0,0,1,-1
201903,SED00110,2,2,0,0,1,0,0,0,1,345
201903,SED00111,0,0,0,0,0,0,0,0,1,-1
201903,SED00113,0,0,0,0,0,0,0,0,1,-1
201903,SED00114,25,12,7,10151601,14,2,4324542,7102759,54,1193
201903,SED00115,42,17,9,11019384,15,4,6540910,6402574,41,1007
201903,SED00116,12,4,4,7450123,6,2,3293003,5364556,30,839
201903,SED00117,49,10,3,2503845,24,2,2456643,1466981,71,1194
201903,SED00121,50,10,8,8866737,28,5,5293218,6983192,72,1189
201903,SED00123,55,25,21,17902001,26,8,12962714,11426454,79,1190
201903,SED00126,29,8,4,1468657,15,3,3960821,802363,36,1176
201903,SED00127,48,22,13,10036161,24,5,6915545,6227480,71,1084
201903,SED00128,29,7,5,6669109,17,3,2070078,4503834,50,1079
201903,SED00130,18,3,2,1010408,7,1,959086,451435,38,1063
201903,SED00131,49,11,2,1889952,26,1,183162,1154673,94,1167
201903,SED00132,0,0,0,0,0,0,0,0,1,-1
201903,SED00133,90,15,10,12686438,43,6,5684150,8885655,140,1177
201903,SED00137,0,0,0,0,0,0,0,0,1,-1
201903,SED00140,28,10,7,10987503,14,3,2351899,7986730,62,931
201903,SED00143,49,21,9,11964861,26,3,5805932,8961584,68,1188
201903,SED00144,57,28,22,26243219,22,7,7486646,17272813,59,1169
201903,SED00146,15,5,3,3258498,7,1,2049638,2788074,21,962
201903,SED00148,165,41,33,34695488,82,13,21650529,23934841,268,1199
201903,SED00152,18,2,2,3963724,10,1,796503,2314425,41,985
201903,SED00153,59,22,14,17856895,27,6,10224453,14887829,105,1160
201903,SED00156,0,0,0,0,0,0,0,0,1,-1
201903,SED00160,2,0,0,0,1,0,0,0,1,498
201903,SED00161,59,17,12,11657625,22,5,9288732,7800677,63,1117
201903,SED00162,24,5,4,5682644,12,2,3393445,5182103,40,996
201903,SED00163,0,0,0,0,0,0,0,0,1,-1
201903,SED00165,46,14,10,8867518,23,5,7174502,5168235,71,985
201903,SED00166,41,11,4,4173060,23,1,2361328,2899570,78,1115
201903,SED00167,115,19,9,9418818,65,3,4194158,6970242,195,1127
201903,SED00169,7,1,1,1569508,5,1,1969691,950132,23,1019
201903,SED00171,2,0,0,0,1,0,0,0,1,792
201903,SED00174,32,8,7,5974253,13,4,6913132,4852109,35,861
201903,SED00178,0,0,0,0,0,0,0,0,1,-1
201903,SED00179,0,0,0,0,0,0,0,0,2,-1
201903,SED00182,119,42,29,37065950,51,12,18446682,28598983,143,1199
201903,SED00185,99,43,29,26117386,50,9,10280684,17189930,139,1180
201903,SED00186,0,0,0,0,0,0,0,0,1,-1
201903,SED00187,0,0,0,0,0,0,0,0,1,-1
201903,SED00190,0,0,0,0,0,0,0,0,1,-1
201903,SED00192,38,14,12,9810267,19,4,8052561,7307643,47,1176
201903,SED00194,12,7,4,4712956,8,2,3467772,2964221,26,794
201903,SED00197,26,10,8,8491142,9,3,5018618,4752305,34,987
201903,SED00199,14,2,0,0,10,0,0,0,30,1160
201903,SED00202,1,0,0,0,1,0,0,0,1,442
201903,SED00204,36,18,12,11081612,14,4,6326698,8099078,41,708
201903,SED00206,0,0,0,0,0,0,0,0,1,-1
201903,SED00207,0,0,0,0,0,0,0,0,1,-1
201903,SED00209,20,4,1,196722,8,1,981799,157837,47,1124
201903,SED00210,60,24,17,8735324,26,6,10116108,6783571,83,1190
201903,SED00211,1,0,0,0,1,0,0,0,1,568
201903,SED00212,23,8,4,4154812,11,1,503959,3225229,69,906
201903,SED00213,62,21,6,6491088,36,2,5116605,4874923,82,877
201903,SED00216,26,7,2,2262482,13,2,4179561,1202825,35,963
201903,SED00217,0,0,0,0,0,0,0,0,1,-1
201903,SED00218,98,29,20,17810911,57,6,7299673,11697059,203,1124
201903,SED00219,40,8,5,6784139,19,4,9404075,4303179,64,1154
201903,SED00220,2,0,0,0,1,0,0,0,1,723
201903,SED00221,75,15,6,3331798,43,2,2398758,2530680,142,1196
201903,SED00222,1,0,0,0,1,0,0,0,1,263
201903,SED00223,117,31,17,17678523,53,10,14851592,13196329,149,1164
201903,SED00225,28,10,4,4629192,14,1,1992825,3892194,48,1199
201903,SED00227,51,14,13,17366005,28,4,5392640,8892326,66,1058
201903,SED00232,23,3,2,3209328,10,2,2223522,1448657,38,1191
201903,SED00233,32,17,10,6025447,16,3,4833374,4172035,47,1195
201903,SED00234,0,0,0,0,0,0,0,0,1,-1
201903,SED00238,21,7,3,1691841,13,1,2114919,873287,67,1190
201903,SED00239,0,0,0,0,0,0,0,0,1,-1
201903,SED00240,34,9,5,8558733,14,2,3938887,7556259,73,1110
201903,SED00241,0,0,0,0,0,0,0,0,1,-1
201903,SED00244,22,7,6,6853220,12,2,2717708,2943925,38,1163
201903,SED00245,1,0,0,0,1,0,0,0,1,237
201903,SED00251,57,12,6,6054658,25,4,5481750,4201840,79,1183
201903,SED00252,55,14,8,6142121,26,3,2489602,4917861,78,964
201903,SED00255,0,0,0,0,0,0,0,0,1,-1
201903,SED00256,0,0,0,0,0,0,0,0,1,-1
201903,SED00259,53,16,10,10241603,23,6,9452014,5165336,72,1156
201903,SED00261,32,12,6,2239574,14,2,1821457,1924487,28,1024
201903,SED00263,46,10,5,4581759,26,2,2775033,2099811,75,1175
201903,SED00265,30,9,2,2447201,13,2,2585677,1784176,28,1109
201903,SED00269,32,9,8,6341502,14,3,7346235,5354863,46,914
201903,SED00270,15,7,5,1346539,7,2,5527692,767502,32,960
201903,SED00273,88,26,19,19921032,42,10,12704128,13122267,147,1159
201903,SED00275,17,7,5,5295533,8,2,3940823,3188621,38,1043
201903,SED00276,35,10,4,4603392,20,3,4668608,2100447,83,1176
201903,SED00279,0,0,0,0,0,0,0,0,1,-1
201903,SED00282,0,0,0,0,0,0,0,0,1,-1
201903,SED00284,1,0,0,0,1,0,0,0,1,868
201903,SED00285,49,18,15,17332768,21,5,9195062,12056613,71,1156
201903,SED00287,54,26,21,24833460,25,6,10090909,18187721,69,1193
201903,SED00289,0,0,0,0,0,0,0,0,1,-1
201903,SED00291,0,0,0,0,0,0,0,0,1,-1
201903,SED00294,32,17,15,22178845,14,5,6963748,17117389,78,1127
201903,SED00295,43,23,14,6825070,22,4,7592202,5306960,77,1096
201903,SED00297,12,6,4,681688,4,1,990436,635922,24,1038
201903,SED00299,55,16,2,2992756,32,1,2294436,2675425,96,1132
201903,SED00300,35,11,3,2374379,19,2,2581957,1599195,57,1096
201903,SED00302,45,11,5,5889164,22,4,4298004,4191277,80,1057
201903,SED00304,26,8,4,4015502,12,2,2344660,3313819,39,1045
201903,SED00305,39,12,4,5491127,23,2,3996789,3158490,78,1154
201903,SED00306,44,8,3,2591214,25,1,372664,2286809,79,1192
201903,SED00307,10,0,0,0,7,0,0,0,32,1141
201903,SED00308,26,4,0,0,15,0,0,0,63,1030
201903,SED00311,21,6,3,1815492,11,1,805507,1336430,40,1183
201903,SED00312,0,0,0,0,0,0,0,0,2,-1
201903,SED00318,6,4,4,3627752,3,1,312459,2627733,36,831
201903,SED00319,2,0,0,0,1,0,0,0,1,387
201903,SED00325,0,0,0,0,0,0,0,0,1,-1
201903,SED00331,66,19,10,11704966,34,4,6186667,6168615,97,1168
201903,SED00332,30,8,5,4563888,16,2,3223413,2551926,43,993
201903,SED00333,1,0,0,0,1,0,0,0,1,810
201903,SED00335,0,0,0,0,0,0,0,0,1,-1
201903,SED00336,0,0,0,0,0,0,0,0,1,-1
201903,SED00337,56,29,21,26531530,25,7,12592062,14780124,74,1015
201903,SED00338,61,22,20,16772944,29,8,10994077,12608666,79,1099
201903,SED00343,16,11,10,17997721,10,3,6837459,10083489,31,1150
201903,SED00347,0,0,0,0,0,0,0,0,1,-1
201903,SED00352,0,0,0,0,0,0,0,0,1,-1
201903,SED00355,26,9,5,3139790,9,3,3809556,1920690,33,854
201903,SED00356,27,11,7,4212150,14,2,3193106,3746235,43,1064
201903,SED00358,0,0,0,0,0,0,0,0,1,-1
201903,SED00360,2,0,0,0,1,0,0,0,1,224
201903,SED00368,2,0,0,0,1,0,0,0,1,1114
201903,SED00369,72,21,13,8215001,35,5,8972668,4554590,95,1126
201903,SED00372,68,18,16,16075345,34,5,6831910,10166695,131,1153
201903,SED00373,0,0,0,0,0,0,0,0,1,-1
201903,SED00378,0,0,0,0,0,0,0,0,1,-1
201903,SED00379,45,11,11,9610523,19,5,7964609,6084503,71,1135
201903,SED00384,1,1,0,0,1,0,0,0,1,476
201903,SED00394,48,12,8,2049460,23,3,5771362,1538546,69,1123
201903,SED00397,14,2,0,0,9,0,0,0,32,1138
201903,SED00398,21,3,0,0,13,0,0,0,45,881
201903,SED00401,35,11,9,12421947,11,4,4532409,8402314,65,891
201903,SED00406,45,20,17,13599495,22,6,9468314,10440071,89,1040
201903,SED00408,0,0,0,0,0,0,0,0,1,-1
201903,SED00409,0,0,0,0,0,0,0,0,1,-1
201903,SED00412,29,10,8,8020312,14,4,7913448,4927141,77,1176
201903,SED00413,0,0,0,0,0,0,0,0,1,-1
201903,SED00416,39,15,3,5954565,27,1,1002334,2491573,70,1179
201903,SED00417,0,0,0,0,0,0,0,0,1,-1
201903,SED00421,22,8,4,3145976,11,1,2603008,2326124,35,1046
201903,SED00425,84,23,20,19176413,45,8,16543614,11753796,129,1134
201903,SED00426,0,0,0,0,0,0,0,0,1,-1
201903,SED00428,66,31,17,22264209,35,6,11056499,15702801,129,1154
201903,SED00430,32,9,3,3742086,16,1,2082232,2719345,50,1039
201903,SED00434,14,1,0,0,10,0,0,0,34,1187
201903,SED00438,0,0,0,0,0,0,0,0,1,-1
201903,SED00441,39,9,4,2654304,20,2,5279656,1823561,81,1104
201903,SED00445,0,0,0,0,0,0,0,0,1,-1
201903,SED00446,24,6,1,601046,14,1,823894,522325,63,1007
201903,SED00447,45,9,2,2467620,26,1,2879337,2186763,83,1134
201903,SED00448,19,2,0,0,12,0,0,0,45,1173
201903,SED00449,84,29,18,17906596,41,8,8740766,13421094,151,1150
201903,SED00450,5,1,1,1834647,1,1,2051850,1233388,1,243
201903,SED00453,51,20,12,13355017,21,5,6498456,8316383,77,1196
201903,SED00454,16,1,0,0,10,0,0,0,28,1142
201903,SED00456,0,0,0,0,0,0,0,0,1,-1
201903,SED00460,29,6,1,235354,16,1,2925904,115931,71,1176
201903,SED00462,0,0,0,0,0,0,0,0,1,-1
201903,SED00463,100,26,19,11878588,50,8,9445089,6943910,145,1196
201903,SED00464,0,0,0,0,0,0,0,0,1,-1
201903,SED00468,154,57,38,44135425,74,16,23910166,31019978,233,1193
201903,SED00470,0,0,0,0,0,0,0,0,1,-1
201903,SED00473,25,10,10,4875848,13,5,7342471,3171414,51,1189
201903,SED00476,31,8,6,5520463,15,3,3568051,4508636,45,1136
201903,SED00477,38,11,9,9276315,19,5,9751089,7279965,52,1146
201903,SED00481,23,4,2,243664,11,1,2257331,143994,52,1147
201903,SED00482,60,12,8,8629347,30,5,7513020,5711704,74,1186
201903,SED00483,30,3,2,241902,19,1,316646,134861,68,1186
201903,SED00484,2,0,0,0,1,0,0,0,1,191
201903,SED00485,14,2,0,0,8,0,0,0,28,1043
201903,SED00488,34,8,4,2281625,17,3,4725236,1188389,50,1060
201903,SED00489,23,5,5,8400734,12,2,1917385,4618124,42,1188
201903,SED00490,33,15,6,6369514,19,2,3263329,3037783,66,856
201903,SED00495,25,4,2,1890763,12,2,3814875,1287359,38,1184
201903,SED00497,22,10,6,8348942,11,2,4845133,4684218,32,1146
201903,SED00498,32,9,3,3410854,16,2,3259079,2584197,45,1192
201903,SED00500,41,15,11,9051834,22,4,5434643,4452309,51,1193
201903,SED00501,0,0,0,0,0,0,0,0,1,-1
201903,SED00506,15,2,2,2185638,8,1,917999,1501466,37,1038
201903,SED00508,0,0,0,0,0,0,0,0,1,-1
201903,SED00511,38,6,6,6608127,18,2,3996480,5430167,53,1111
201903,SED00513,1,0,0,0,1,0,0,0,1,172
201903,SED00514,2,0,0,0,1,0,0,0,1,982
201903,SED00515,1,2,2,2407630,1,1,2145639,1489187,2,255
201903,SED00516,41,18,16,19406064,23,4,5752356,15712972,77,1108
201903,SED00519,50,17,11,13137952,29,4,5900872,9768344,84,1148
201903,SED00521,36,11,7,6115076,25,2,2246031,3419133,64,1141
201903,SED00522,0,0,0,0,0,0,0,0,1,-1
201903,SED00524,5,4,4,5117308,1,1,1028937,3339772,1,331
201903,SED00528,71,17,17,16859910,30,7,8656591,11382477,81,1175
201903,SED00534,0,0,0,0,0,0,0,0,1,-1
201903,SED00541,23,13,12,8446511,11,5,10392699,5642341,47,807
201903,SED00544,54,14,9,10950266,27,3,4584025,7435174,76,1032
201903,SED00551,0,0,0,0,0,0,0,0,1,-1
201903,SED00552,0,0,0,0,0,0,0,0,1,-1
201903,SED00554,36,11,4,4068205,21,2,2727111,2889141,80,1116
201903,SED00555,29,9,7,4200309,13,3,5019506,2657830,56,964
201903,SED00561,16,5,4,1357080,10,1,2023052,1053695,22,937
201903,SED00562,0,0,0,0,0,0,0,0,1,-1
201903,SED00563,0,0,0,0,0,0,0,0,2,-1
201903,SED00565,51,14,9,8368864,22,4,5015243,5591936,82,1047
201903,SED00568,0,0,0,0,0,0,0,0,1,-1
201903,SED00569,25,6,2,3475862,13,1,2677993,2413738,38,1118
201903,SED00570,0,0,0,0,0,0,0,0,1,-1
201903,SED00571,10,0,0,0,7,0,0,0,37,1036
201903,SED00572,33,3,0,0,20,0,0,0,56,1128
201903,SED00573,45,16,15,6707709,20,5,6439414,4341102,69,1085
201903,SED00575,0,0,0,0,0,0,0,0,1,-1
201903,SED00576,26,9,7,11279129,12,3,5601513,6931017,31,1034
201903,SED00578,40,9,6,2877714,20,2,1085093,1892588,83,1065
201903,SED00581,53,21,16,16090157,24,5,7031742,12808101,57,984
201903,SED00582,45,12,3,3108772,25,3,2793766,1489221,58,1131
201903,SED00587,40,3,0,0,26,0,0,0,73,1155
201903,SED00588,2,4,4,7172504,1,1,1059431,5506283,1,94
201903,SED00589,0,0,0,0,0,0,0,0,1,-1
201903,SED00591,6,0,0,0,4,0,0,0,32,1151
201903,SED00593,128,31,16,15858993,67,6,10579057,11709350,204,1128
201903,SED00595,35,5,2,226316,16,1,2265984,164021,46,1163
201903,SED00596,1,2,0,0,1,0,0,0,1,141
201903,SED00597,91,37,34,28266704,41,12,16797632,20422745,140,1022
201903,SED00600,1,0,0,0,1,0,0,0,1,247
201904,SED00002,0,0,0,0,0,0,0,0,1,-1
201904,SED00003,23,13,13,17787259,6,4,4451899,13288983,29,740
201904,SED00004,0,0,0,0,0,0,0,0,1,-1
201904,SED00005,35,5,3,4218076,16,2,2864018,3076888,40,903
201904,SED00006,0,0,0,0,0,0,0,0,1,-1
201904,SED00009,96,29,23,16740607,50,9,16257640,9358470,148,1185
201904,SED00010,43,16,12,6463967,18,5,9444652,5385800,54,1107
201904,SED00011,49,16,11,18158332,22,4,10634448,10900685,55,1010
201904,SED00015,28,10,8,8781372,18,2,3516794,6202666,60,1117
201904,SED00017,0,0,0,0,0,0,0,0,1,-1
201904,SED00021,41,10,6,7950330,26,3,4144502,6441414,81,1115
201904,SED00025,0,0,0,0,0,0,0,0,1,-1
201904,SED00026,24,11,9,8659663,13,3,4764101,5392706,37,1123
201904,SED00027,0,0,0,0,0,0,0,0,1,-1
201904,SED00029,43,24,14,14494042,22,4,4455931,9920059,52,923
201904,SED00035,17,4,3,4299786,10,1,2025599,3009078,35,1193
201904,SED00038,14,6,2,650696,11,1,1580198,345158,37,942
201904,SED00039,2,0,0,0,1,0,0,0,1,247
201904,SED00047,0,0,0,0,0,0,0,0,1,-1
201904,SED00051,33,12,12,17387162,11,4,6572017,13620829,38,870
201904,SED00054,0,0,0,0,0,0,0,0,1,-1
201904,SED00055,0,0,0,0,0,0,0,0,1,-1
201904,SED00056,46,13,6,8992987,23,3,5171315,6721471,76,1118
201904,SED00060,36,18,17,16910108,15,6,8534116,9772068,72,1056
201904,SED00064,40,12,4,5716660,22,2,3153513,4690529,65,1143
201904,SED00065,0,0,0,0,0,0,0,0,1,-1
201904,SED00067,41,13,11,13073769,19,4,7836083,10315732,60,1181
201904,SED00071,0,0,0,0,0,0,0,0,1,-1
201904,SED00075,59,16,11,15348906,25,4,6706480,11074783,63,1126
201904,SED00078,31,9,4,4999192,17,1,442375,3639344,41,996
201904,SED00079,48,10,6,5127902,19,3,5083117,3806078,56,1171
201904,SED00082,29,5,3,5060274,15,1,204109,2200069,67,1115
201904,SED00086,1,0,0,0,1,0,0,0,1,895
201904,SED00088,21,6,2,2819576,9,1,991451,1807158,30,1008
201904,SED00091,0,0,0,0,0,0,0,0,1,-1
201904,SED00097,0,0,0,0,0,0,0,0,1,-1
201904,SED00104,0,0,0,0,0,0,0,0,2,-1
201904,SED00114,28,11,11,8574148,14,3,4168874,5773675,41,872
201904,SED00115,22,3,1,1359277,9,1,265342,592176,31,1053
201904,SED00116,21,4,4,1006937,10,2,3523163,851834,30,1180
201904,SED00117,63,21,7,10341484,30,3,6475554,7464933,76,1186
201904,SED00121,38,9,3,3168239,19,2,2904741,1947638,86,1148
201904,SED00123,35,6,3,3840656,18,2,4414804,1986530,63,1098
201904,SED00126,13,4,4,6539224,9,1,1447758,3654249,48,1185
201904,SED00127,49,14,9,6732535,25,4,7307303,4583823,71,1199
201904,SED00128,43,10,7,4398073,16,4,6882396,3312249,50,1194
201904,SED00130,21,14,12,15301844,9,3,3715173,10955366,36,802
201904,SED00131,40,18,14,11816894,20,5,11501798,8972687,91,980
201904,SED00133,75,21,16,8108160,41,6,10976763,4893106,152,1159
201904,SED00139,2,0,0,0,1,0,0,0,1,485
201904,SED00140,56,18,12,15357895,27,4,6005655,11275143,63,1088
201904,SED00142,0,0,0,0,0,0,0,0,1,-1
201904,SED00143,30,7,6,7140682,17,2,3691249,4801787,74,1199
201904,SED00144,63,19,13,11849492,30,4,5659295,10791056,80,1014
201904,SED00145,0,0,0,0,0,0,0,0,1,-1
201904,SED00146,7,3,0,0,4,0,0,0,35,1135
201904,SED00148,173,47,36,33864688,94,14,18208902,23181496,311,1181
201904,SED00151,0,0,0,0,0,0,0,0,2,-1
201904,SED00152,19,5,2,2191576,9,1,2620812,1791792,31,904
201904,SED00153,45,15,8,7301326,27,3,3327653,4518260,93,1198
201904,SED00161,24,8,1,1395475,11,1,226644,1172630,45,883
201904,SED00162,22,8,6,5262266,8,2,2770842,4283102,34,837
201904,SED00164,0,0,0,0,0,0,0,0,1,-1
201904,SED00165,57,16,8,10262269,23,4,5515974,8850063,63,1132
201904,SED00166,44,13,9,9058887,21,4,6883196,6612612,66,1196
201904,SED00167,143,45,32,36411686,72,11,17646153,26908056,203,1133
201904,SED00169,30,14,8,2788588,16,2,3629757,1929584,39,1119
201904,SED00170,2,0,0,0,1,0,0,0,2,272
201904,SED00173,0,0,0,0,0,0,0,0,1,-1
201904,SED00174,14,3,3,3196038,7,1,1758505,1800436,25,1135
201904,SED00175,0,0,0,0,0,0,0,0,2,-1
201904,SED00180,0,0,0,0,0,0,0,0,1,-1
201904,SED00182,78,27,25,16080809,42,9,16890758,11878786,157,1135
201904,SED00185,80,22,13,9935104,44,5,6686744,8098462,150,1193
201904,SED00187,0,0,0,0,0,0,0,0,1,-1
201904,SED00190,2,0,0,0,1,0,0,0,2,332
201904,SED00192,20,2,1,916655,13,1,1577080,799418,41,1115
201904,SED00194,7,0,0,0,5,0,0,0,28,1093
201904,SED00197,26,3,1,1377805,13,1,2827951,672772,34,1044
201904,SED00199,29,6,4,3822890,12,3,2031558,2114767,40,1009
201904,SED00202,0,0,0,0,0,0,0,0,1,-1
201904,SED00204,66,25,17,19198241,22,8,12666221,12790537,52,1014
201904,SED00209,37,7,2,2123550,20,1,2996652,988570,55,1064
201904,SED00210,24,8,5,1531531,14,2,1883342,1241822,55,1161
201904,SED00212,35,8,5,8144506,18,2,2339786,4885735,60,1181
201904,SED00213,21,4,0,0,14,0,0,0,59,1157
201904,SED00215,0,0,0,0,0,0,0,0,1,-1
201904,SED00216,12,5,5,3635098,5,2,3109934,2415978,27,935
201904,SED00218,139,38,18,19317798,68,9,10142406,11364258,232,1191
201904,SED00219,38,18,9,4495160,21,3,4260585,2044180,57,911
201904,SED00221,96,30,24,25796877,43,8,13214103,14336596,133,1184
201904,SED00223,101,37,25,23204266,44,10,12713895,16161359,149,1188
201904,SED00225,16,6,6,6209313,10,2,3891555,5205188,39,1053
201904,SED00227,55,17,14,14786895,23,4,4297943,9403039,76,1179
201904,SED00228,0,0,0,0,0,0,0,0,2,-1
201904,SED00229,0,0,0,0,0,0,0,0,1,-1
201904,SED00232,16,0,0,0,11,0,0,0,39,1012
201904,SED00233,36,11,7,5903469,21,2,3920222,4542309,60,1164
201904,SED00235,0,0,0,0,0,0,0,0,1,-1
201904,SED00238,50,15,11,10300247,24,3,4348402,6607730,68,1191
201904,SED00240,37,7,5,7584638,21,2,2401856,7062132,72,1187
201904,SED00244,10,2,0,0,7,0,0,0,29,1045
201904,SED00248,0,0,0,0,0,0,0,0,1,-1
201904,SED00251,43,17,15,19368932,22,6,9377445,12999522,78,982
201904,SED00252,24,7,4,6940452,14,1,100493,5351085,62,1171
201904,SED00259,49,21,12,6590947,20,4,8083737,4132221,74,1137
201904,SED00260,6,4,4,3383128,1,1,796670,1416378,1,325
201904,SED00261,13,3,0,0,7,0,0,0,33,980
201904,SED00262,0,0,0,0,0,0,0,0,1,-1
201904,SED00263,48,14,8,6279839,25,4,6096882,4767318,69,1186
201904,SED00265,22,12,7,3092234,13,3,4664003,1978036,44,1189
201904,SED00266,0,0,0,0,0,0,0,0,1,-1
201904,SED00268,7,2,2,2220992,1,1,529510,1366070,1,525
201904,SED00269,27,5,1,1181758,15,1,1113072,627721,43,807
201904,SED00270,22,8,6,3359121,10,3,4341245,2412929,42,1068
201904,SED00273,96,18,14,9974689,45,6,6988677,6860077,137,1162
201904,SED00274,0,0,0,0,0,0,0,0,1,-1
201904,SED00275,20,6,4,6190063,8,2,3906703,3232958,45,1097
201904,SED00276,72,18,12,11982608,34,6,9749165,6268269,93,1157
201904,SED00281,0,0,0,0,0,0,0,0,1,-1
201904,SED00283,0,0,0,0,0,0,0,0,2,-1
201904,SED00285,29,6,1,303304,19,1,1810661,138007,60,1139
201904,SED00287,33,12,6,9531334,22,3,4486942,8266544,73,1196
201904,SED00290,2,0,0,0,1,0,0,0,1,1029
201904,SED00294,49,17,11,13195447,24,4,4783804,9456860,71,1196
201904,SED00295,41,8,5,3127135,19,2,2916127,2040175,79,1188
201904,SED00297,13,2,0,0,6,0,0,0,31,837
201904,SED00298,0,0,0,0,0,0,0,0,1,-1
201904,SED00299,43,12,5,6928779,22,2,462675,5433391,83,1170
201904,SED00300,35,12,11,13280272,15,6,4065165,10061390,41,1194
201904,SED00302,27,11,11,7691012,12,3,3415927,5762785,51,1187
201904,SED00304,35,9,7,4769419,17,3,4438791,2430633,46,1102
201904,SED00305,32,12,11,10295578,12,4,7552364,7687513,67,901
201904,SED00306,37,5,1,1852578,18,1,1248024,1204279,74,1150
201904,SED00307,15,3,2,3361268,8,1,2664216,1732993,34,1165
201904,SED00308,55,27,21,17559624,25,6,7600390,13562776,69,1181
201904,SED00310,0,0,0,0,0,0,0,0,1,-1
201904,SED00311,22,7,5,8019101,14,3,6088063,4994369,50,1150
201904,SED00315,3,1,1,1782128,1,1,1358545,1505753,1,330
201904,SED00318,28,10,8,6594828,15,3,5721436,3744407,53,1159
201904,SED00328,0,0,0,0,0,0,0,0,2,-1
201904,SED00330,2,0,0,0,1,0,0,0,1,951
201904,SED00331,41,11,8,5401494,23,4,7938036,3405430,107,1189
201904,SED00332,51,21,18,17240552,25,6,9448261,12190493,46,1060
201904,SED00333,0,0,0,0,0,0,0,0,1,-1
201904,SED00335,0,0,0,0,0,0,0,0,1,-1
201904,SED00336,1,1,1,1829619,1,1,747395,927765,1,185
201904,SED00337,36,13,8,8629281,20,3,5541548,5041895,62,1050
201904,SED00338,51,17,6,2128160,25,3,3052394,1377542,69,1134
201904,SED00343,19,6,3,2134626,8,1,2232680,1486830,28,697
201904,SED00351,0,0,0,0,0,0,0,0,3,-1
201904,SED00355,23,2,2,1667241,10,2,2516910,1368584,37,989
201904,SED00356,22,7,7,4918519,11,2,1835904,4215542,34,765
201904,SED00361,0,0,0,0,0,0,0,0,1,-1
201904,SED00363,0,0,0,0,0,0,0,0,1,-1
201904,SED00364,1,0,0,0,1,0,0,0,1,1147
201904,SED00366,0,0,0,0,0,0,0,0,1,-1
201904,SED00369,48,13,9,11798314,23,3,5377901,10128879,92,1162
201904,SED00370,0,0,0,0,0,0,0,0,1,-1
201904,SED00372,73,20,17,14897722,41,7,11224544,7921839,137,1164
201904,SED00379,43,14,10,13070059,21,4,4585640,9439302,74,1149
201904,SED00381,2,0,0,0,1,0,0,0,1,1021
201904,SED00392,2,0,0,0,1,0,0,0,1,811
201904,SED00393,1,0,0,0,1,0,0,0,1,133
201904,SED00394,32,7,2,1990304,18,1,1693980,1693411,49,1137
201904,SED00397,23,15,12,12454142,10,4,8380614,9186692,29,761
201904,SED00398,17,5,3,1840353,8,1,473847,1678406,25,1167
201904,SED00399,0,0,0,0,0,0,0,0,1,-1
201904,SED00401,24,7,4,6653076,17,1,1034484,3360334,60,1100
201904,SED00406,63,31,23,31004269,32,9,14083314,21256286,91,1134
201904,SED00407,0,0,0,0,0,0,0,0,1,-1
201904,SED00408,0,0,0,0,0,0,0,0,1,-1
201904,SED00409,0,0,0,0,0,0,0,0,1,-1
201904,SED00412,37,7,6,7560363,16,4,7429055,5316087,51,1149
201904,SED00413,1,0,0,0,1,0,0,0,1,328
201904,SED00416,43,11,8,7392259,19,4,5491637,5440688,66,1094
201904,SED00418,0,0,0,0,0,0,0,0,1,-1
201904,SED00421,10,3,3,3672942,6,1,1824943,2564593,26,748
201904,SED00425,100,40,28,25259581,44,11,16529747,16252616,153,1122
201904,SED00428,87,14,6,6181070,48,3,3374188,3468832,131,1189
201904,SED00429,0,0,0,0,0,0,0,0,1,-1
201904,SED00430,12,2,1,1172818,5,1,2651855,766107,41,1183
201904,SED00432,0,0,0,0,0,0,0,0,1,-1
201904,SED00434,27,11,9,10015180,11,4,8047406,6416076,31,1024
201904,SED00441,62,12,8,5979003,28,4,4333633,3538178,72,1193
201904,SED00446,37,10,4,2185520,17,2,3738302,1268887,68,1072
201904,SED00447,43,11,6,9150576,21,3,6360770,7030053,78,1191
201904,SED00448,42,11,7,3477168,23,3,4906675,1864255,58,1156
201904,SED00449,85,12,9,4452366,43,5,6639871,3249779,133,1198
201904,SED00453,50,17,8,7790106,24,3,7248533,6675705,69,1147
201904,SED00454,22,14,13,14180318,11,5,11071623,8144729,24,1192
201904,SED00460,24,8,7,12505810,17,2,2662216,7766948,67,1156
201904,SED00461,0,0,0,0,0,0,0,0,1,-1
201904,SED00463,96,29,22,26434160,53,7,8061939,17245626,154,1194
201904,SED00467,0,0,0,0,0,0,0,0,1,-1
201904,SED00468,141,50,39,35982575,63,14,26111338,25721494,213,1126
201904,SED00470,0,0,0,0,0,0,0,0,1,-1
201904,SED00473,17,4,4,4283850,6,3,3340576,2446268,48,1135
201904,SED00476,21,6,4,4902964,11,2,1346666,3168769,50,865
201904,SED00477,25,4,2,2637690,13,1,2959279,2134940,41,1115
201904,SED00478,1,0,0,0,1,0,0,0,1,1149
201904,SED00479,0,0,0,0,0,0,0,0,1,-1
201904,SED00480,0,0,0,0,0,0,0,0,1,-1
201904,SED00481,33,10,8,9322458,19,3,7597108,5146896,47,1198
201904,SED00482,46,7,0,0,27,0,0,0,75,1153
201904,SED00483,43,14,9,12888908,18,4,6141929,8063276,59,1087
201904,SED00485,12,0,0,0,6,0,0,0,25,811
201904,SED00488,32,7,7,6536292,13,6,11744704,3853099,45,1118
201904,SED00489,20,1,1,1359924,10,1,2854951,1224120,42,1109
201904,SED00490,28,10,6,7559721,16,2,4418022,3648277,65,1190
201904,SED00492,0,0,0,0,0,0,0,0,1,-1
201904,SED00495,26,6,0,0,15,0,0,0,52,1153
201904,SED00497,16,3,0,0,12,0,0,0,36,1094
201904,SED00498,31,10,8,6170220,16,4,8827623,4722477,52,1034
201904,SED00500,50,21,17,18368894,22,7,12326669,11940398,53,1129
201904,SED00502,0,0,0,0,0,0,0,0,1,-1
201904,SED00506,31,9,4,4982321,17,2,3992724,2918112,56,1160
201904,SED00511,20,4,4,4591660,12,1,1451366,3555541,51,1075
201904,SED00516,41,12,8,6605904,22,2,3453667,5439929,78,1135
201904,SED00519,24,8,3,3085008,15,1,947274,1478007,67,1112
201904,SED00520,1,0,0,0,1,0,0,0,1,688
201904,SED00521,37,7,4,4408984,22,1,2483094,3427165,79,1187
201904,SED00522,0,0,0,0,0,0,0,0,1,-1
201904,SED00523,4,2,2,1373990,1,1,1679195,642696,1,437
201904,SED00528,32,8,2,2137256,21,2,3933075,1460814,52,1100
201904,SED00531,2,0,0,0,1,0,0,0,1,827
201904,SED00533,0,0,0,0,0,0,0,0,2,-1
201904,SED00541,34,13,11,11841758,15,4,6788501,10104326,43,1192
201904,SED00544,48,11,8,5748668,22,3,5937241,4074604,68,1117
201904,SED00545,2,0,0,0,1,0,0,0,1,991
201904,SED00548,0,0,0,0,0,0,0,0,1,-1
201904,SED00550,2,2,0,0,1,0,0,0,1,488
201904,SED00551,0,0,0,0,0,0,0,0,1,-1
201904,SED00554,46,6,5,7415585,25,2,1366764,4352354,78,1187
201904,SED00555,41,14,6,10636280,22,2,2698696,9076625,58,1160
201904,SED00558,0,0,0,0,0,0,0,0,1,-1
201904,SED00561,31,15,15,19152913,10,6,12011890,14766514,31,912
201904,SED00565,57,10,7,4620509,27,4,5539724,3239294,77,1140
201904,SED00568,0,0,0,0,0,0,0,0,1,-1
201904,SED00569,21,13,6,8056068,11,2,1968372,4242262,34,847
201904,SED00571,27,10,8,12554468,15,2,3417962,8636460,41,1179
201904,SED00572,38,5,2,876244,21,1,1290667,397285,70,1089
201904,SED00573,42,12,5,4657719,20,2,2669014,3399022,60,1142
201904,SED00574,0,0,0,0,0,0,0,0,1,-1
201904,SED00576,14,3,3,2514723,8,1,2416342,2174132,27,831
201904,SED00578,46,15,11,15975608,22,6,7515435,11217071,75,1131
201904,SED00580,0,0,0,0,0,0,0,0,1,-1
201904,SED00581,32,18,12,9768564,20,4,5669822,8329479,53,924
201904,SED00582,20,9,7,6870743,12,2,3442844,5219775,43,956
201904,SED00583,2,0,0,0,1,0,0,0,1,297
201904,SED00585,0,0,0,0,0,0,0,0,2,-1
201904,SED00587,56,17,9,8104409,26,6,8662659,5117207,75,1086
201904,SED00591,16,4,3,2685737,8,2,3879375,2028271,26,929
201904,SED00593,142,38,28,18807669,68,12,15485334,13798467,218,1150
201904,SED00595,27,5,5,9055561,10,2,1930916,4150747,37,1033
201904,SED00597,80,19,14,22867810,42,6,12988656,15333665,143,1179
201905,SED00001,1,0,0,0,1,0,0,0,1,680
201905,SED00003,21,13,6,2588955,13,2,3086515,1184767,40,1110
201905,SED00005,38,9,7,6767262,19,2,3311504,4035534,46,1152
201905,SED00009,113,29,25,21322413,49,11,22396431,11285568,131,1173
201905,SED00010,12,3,0,0,9,0,0,0,46,1168
201905,SED00011,31,9,3,1247607,17,1,1223485,732197,45,1122
201905,SED00015,59,24,20,19895530,26,7,11358681,15669276,83,1041
201905,SED00016,0,0,0,0,0,0,0,0,2,-1
201905,SED00020,0,0,0,0,0,0,0,0,1,-1
201905,SED00021,33,4,2,415272,18,1,1858394,271485,60,1191
201905,SED00024,7,1,1,344578,1,1,1164074,170100,2,182
201905,SED00026,21,7,3,4931286,13,1,2315522,3421527,46,1113
201905,SED00029,24,9,5,3719605,13,2,5872174,2104390,53,1173
201905,SED00034,2,0,0,0,1,0,0,0,1,1191
201905,SED00035,25,8,6,9922331,13,3,6670947,7750969,38,1153
201905,SED00038,40,11,10,10962681,19,4,6316069,7737051,44,1053
201905,SED00049,1,1,0,0,1,0,0,0,1,590
201905,SED00051,40,16,7,8571835,23,2,3189059,6865516,48,1017
201905,SED00053,0,0,0,0,0,0,0,0,1,-1
201905,SED00054,0,0,0,0,0,0,0,0,1,-1
201905,SED00056,32,7,3,890199,16,1,2813222,687179,56,1154
201905,SED00060,32,6,3,3594141,18,3,7581427,2613024,71,1132
201905,SED00062,0,0,0,0,0,0,0,0,1,-1
201905,SED00063,0,0,0,0,0,0,0,0,1,-1
201905,SED00064,49,13,6,7859102,25,3,3675522,4742374,81,1187
201905,SED00067,60,19,8,14040658,26,4,7189085,9658510,66,1056
201905,SED00071,1,0,0,0,1,0,0,0,1,948
201905,SED00074,0,0,0,0,0,0,0,0,1,-1
201905,SED00075,63,15,9,8216794,25,5,5280458,5259114,68,1188
201905,SED00078,38,10,8,11507505,20,4,5378909,7753857,55,1172
201905,SED00079,27,7,4,1800220,12,1,154257,1471604,50,805
201905,SED00080,0,0,0,0,0,0,0,0,1,-1
201905,SED00082,24,12,10,7084910,16,3,5391309,4209613,53,1108
201905,SED00083,1,0,0,0,1,0,0,0,1,356
201905,SED00086,0,0,0,0,0,0,0,0,1,-1
201905,SED00088,23,7,3,4625088,13,1,2044316,2195731,32,1096
201905,SED00094,0,0,0,0,0,0,0,0,1,-1
201905,SED00096,0,0,0,0,0,0,0,0,1,-1
201905,SED00098,2,0,0,0,1,0,0,0,1,440
201905,SED00105,2,0,0,0,1,0,0,0,1,192
201905,SED00106,4,2,2,3819560,1,1,2533727,2602671,1,73
201905,SED00114,36,10,8,7335897,17,3,5150830,5633737,49,820
201905,SED00115,30,4,4,3714274,17,2,3042199,2380780,47,1012
201905,SED00116,27,10,10,16195397,11,3,6779385,12554115,26,806
201905,SED00117,36,6,2,2396337,17,2,1203337,1010320,65,1135
201905,SED00119,6,2,2,1555022,1,1,1138053,1452772,1,597
201905,SED00121,39,17,15,13748494,17,6,12435807,10576255,65,1128
201905,SED00123,24,6,2,1568522,17,1,1533303,833018,56,1173
201905,SED00126,38,10,9,7835467,18,3,5529684,5077000,56,1120
201905,SED00127,51,17,13,10362260,21,6,6729397,6664568,74,1143
201905,SED00128,27,10,6,4597584,12,3,5561671,2354161,44,1182
201905,SED00129,0,0,0,0,0,0,0,0,1,-1
201905,SED00130,22,10,7,8233947,11,2,2313314,6978006,34,680
201905,SED00131,71,20,8,8806199,36,3,5474213,5750639,90,1082
201905,SED00133,77,29,21,18151091,42,8,9682592,12935656,143,1192
201905,SED00134,1,0,0,0,1,0,0,0,1,456
201905,SED00136,0,0,0,0,0,0,0,0,1,-1
201905,SED00140,47,9,5,7882298,28,2,2093492,4306653,76,1142
201905,SED00143,69,18,11,14863757,30,7,6449421,10401588,81,1192
201905,SED00144,38,10,9,8953358,22,4,6216861,5699602,69,1176
201905,SED00145,0,0,0,0,0,0,0,0,1,-1
201905,SED00146,21,11,7,6370423,10,2,4071913,2881887,28,885
201905,SED00148,172,43,25,25770575,92,10,16746879,18191308,257,1187
201905,SED00152,12,2,0,0,9,0,0,0,29,1103
201905,SED00153,48,10,7,3915801,22,4,7911526,2986191,89,1161
201905,SED00161,18,7,2,2711128,10,1,1439275,2238188,44,1159
201905,SED00162,24,7,6,4150670,8,3,4223159,3223618,27,1028
201905,SED00165,33,9,7,6682486,17,2,2567271,3328295,70,995
201905,SED00166,51,13,6,5845286,22,3,4810799,3762393,84,1137
201905,SED00167,130,37,14,9844442,70,6,5147571,5446536,200,1176
201905,SED00169,26,5,2,2272886,13,1,1476367,1688866,38,1056
201905,SED00173,0,0,0,0,0,0,0,0,2,-1
201905,SED00174,14,3,3,5450472,7,1,2546114,3783486,22,1185
201905,SED00176,0,0,0,0,0,0,0,0,1,-1
201905,SED00182,104,29,22,26778410,51,9,17742302,16780248,152,1159
201905,SED00185,97,35,20,23210711,48,7,14653775,13962784,149,1193
201905,SED00188,3,1,0,0,1,0,0,0,1,647
201905,SED00192,19,7,4,2045060,10,1,1090347,1908592,43,750
201905,SED00194,15,2,0,0,9,0,0,0,29,952
201905,SED00197,26,9,5,1719786,12,2,2195436,1403640,44,1186
201905,SED00199,10,2,0,0,8,0,0,0,30,1123
201905,SED00204,14,0,0,0,9,0,0,0,43,999
201905,SED00205,1,0,0,0,1,0,0,0,1,981
201905,SED00206,2,0,0,0,1,0,0,0,1,127
201905,SED00209,32,6,4,4347568,12,2,2226480,2656932,54,1144
201905,SED00210,47,12,9,6995343,21,5,6242734,4176373,58,1172
201905,SED00212,54,11,8,7329714,23,4,8833347,4275132,74,1183
201905,SED00213,49,18,15,23224599,20,6,9371690,16560102,76,1154
201905,SED00214,0,0,0,0,0,0,0,0,1,-1
201905,SED00216,12,1,1,1210713,5,1,2954229,1127678,24,534
201905,SED00218,118,36,19,18597574,56,7,11422772,11900409,208,1140
201905,SED00219,67,18,9,10664862,33,5,9420231,6856900,107,1114
201905,SED00221,113,40,28,33633462,57,11,21177044,21866363,165,1189
201905,SED00223,60,29,17,20540253,33,5,7131328,15277133,119,1188
201905,SED00225,28,9,5,5861921,11,3,6515740,5188050,37,864
201905,SED00227,55,25,18,17155181,20,6,9409481,11760223,59,1071
201905,SED00229,4,0,0,0,2,0,0,0,2,804
201905,SED00231,0,0,0,0,0,0,0,0,1,-1
201905,SED00232,19,4,4,3874912,10,1,242943,3234746,46,1087
201905,SED00233,17,0,0,0,11,0,0,0,40,1178
201905,SED00238,27,5,2,491980,16,1,2866832,442554,79,919
201905,SED00240,40,9,5,2848668,20,2,3985580,1881903,66,1121
201905,SED00244,21,8,6,3492735,10,3,4815500,2221290,28,781
201905,SED00245,2,0,0,0,1,0,0,0,1,908
201905,SED00248,0,0,0,0,0,0,0,0,1,-1
201905,SED00249,2,0,0,0,1,0,0,0,3,434
201905,SED00251,50,16,10,6371807,25,4,6619093,3462583,84,1194
201905,SED00252,25,6,3,3680110,16,3,3548064,2484226,54,1062
201905,SED00256,0,0,0,0,0,0,0,0,1,-1
201905,SED00259,56,18,12,14620278,27,4,6720855,10117473,86,1174
201905,SED00261,31,8,8,4810497,15,4,7189617,2519704,44,1065
201905,SED00262,0,0,0,0,0,0,0,0,1,-1
201905,SED00263,42,8,4,5754564,24,1,1175212,2836373,73,1199
201905,SED00264,0,0,0,0,0,0,0,0,2,-1
201905,SED00265,15,6,0,0,8,0,0,0,27,1151
201905,SED00267,0,0,0,0,0,0,0,0,1,-1
201905,SED00269,28,7,4,1225640,13,1,2396029,600092,40,895
201905,SED00270,17,8,7,9637176,9,2,2492658,5074787,30,1009
201905,SED00272,0,0,0,0,0,0,0,0,1,-1
201905,SED00273,83,22,13,8924851,47,6,8147739,6666831,149,1082
201905,SED00275,28,10,10,6806214,11,4,7146930,4726637,42,938
201905,SED00276,50,18,11,8735712,26,5,7744062,6960939,97,934
201905,SED00285,49,15,11,11346799,23,5,6903842,9637113,85,1171
201905,SED00287,36,7,4,1859119,23,2,2809329,1167136,68,1144
201905,SED00289,0,0,0,0,0,0,0,0,1,-1
201905,SED00294,43,13,12,5173456,21,3,4584350,3731390,68,1184
201905,SED00295,51,11,5,4320050,24,3,4264744,2858864,71,1066
201905,SED00297,13,8,6,4789428,8,2,4271786,3412668,26,725
201905,SED00299,41,12,10,12523093,16,6,8669412,8014694,71,1051
201905,SED00300,23,4,4,1228146,14,2,4193216,1008826,52,1053
201905,SED00302,38,8,6,6059847,19,2,1240182,2799226,63,845
201905,SED00304,16,4,2,3968188,7,1,1118686,3677841,37,1097
201905,SED00305,97,37,27,34566525,34,10,13309042,21274937,83,1185
201905,SED00306,38,9,6,8179550,22,3,3729139,5291764,62,1190
201905,SED00307,10,8,4,4296684,5,1,2299147,2051374,24,673
201905,SED00308,40,15,4,6317316,23,2,2447185,5696533,97,1100
201905,SED00311,24,10,6,2585286,11,2,3358802,1907452,34,1019
201905,SED00312,3,2,0,0,1,0,0,0,1,684
201905,SED00315,0,0,0,0,0,0,0,0,1,-1
201905,SED00318,34,13,11,12804514,16,3,4485540,9051451,41,817
201905,SED00322,0,0,0,0,0,0,0,0,1,-1
201905,SED00331,64,17,9,6567104,32,4,4688595,4045355,105,1117
201905,SED00332,28,5,3,2969310,14,1,2812106,1646120,44,1195
201905,SED00336,0,0,0,0,0,0,0,0,1,-1
201905,SED00337,20,9,5,7515526,15,2,4018949,3478402,74,1171
201905,SED00338,36,7,7,9899253,21,3,4677910,6516923,62,1186
201905,SED00342,7,1,1,1718423,1,1,2990366,1319670,1,370
201905,SED00343,25,5,1,982812,11,1,2351767,664249,33,1198
201905,SED00350,1,0,0,0,1,0,0,0,1,311
201905,SED00355,14,3,2,3451410,8,1,1622954,2723576,31,1106
201905,SED00356,19,2,0,0,13,0,0,0,33,1093
201905,SED00362,0,0,0,0,0,0,0,0,1,-1
201905,SED00369,52,21,16,13766555,25,6,8718080,9126956,100,1123
201905,SED00371,0,0,0,0,0,0,0,0,1,-1
201905,SED00372,85,25,12,9184976,46,4,3269693,6623543,145,1190
201905,SED00373,1,0,0,0,1,0,0,0,1,105
201905,SED00379,39,13,9,10371978,17,4,5256647,8046500,81,1155
201905,SED00384,0,0,0,0,0,0,0,0,1,-1
201905,SED00385,0,0,0,0,0,0,0,0,1,-1
201905,SED00387,1,0,0,0,1,0,0,0,1,940
201905,SED00388,0,0,0,0,0,0,0,0,1,-1
201905,SED00389,1,0,0,0,1,0,0,0,1,745
201905,SED00392,2,0,0,0,1,0,0,0,1,538
201905,SED00394,31,14,9,14986097,15,3,4635081,8663536,53,979
201905,SED00397,18,4,4,2238488,11,2,1985696,1123465,37,1016
201905,SED00398,26,7,3,2026305,14,1,1807664,911413,37,1190
201905,SED00401,46,15,8,9918170,21,3,5207024,5492714,70,1134
201905,SED00406,54,15,6,6729738,31,2,4188816,3959753,101,1110
201905,SED00407,3,2,2,3273326,1,1,1694739,2426961,1,106
201905,SED00411,0,0,0,0,0,0,0,0,1,-1
201905,SED00412,44,16,9,12756308,21,3,3271240,9781196,76,1171
201905,SED00413,0,0,0,0,0,0,0,0,1,-1
201905,SED00414,0,0,0,0,0,0,0,0,1,-1
201905,SED00415,2,0,0,0,1,0,0,0,1,289
201905,SED00416,38,8,8,8478004,18,3,3537945,5421882,63,1197
201905,SED00421,31,6,4,2713002,12,2,2077492,1514569,48,1137
201905,SED00425,81,22,15,10835285,44,5,5982093,7040089,147,1192
201905,SED00428,80,26,14,11806798,44,5,8556268,8665575,131,1196
201905,SED00430,20,2,1,1915029,11,1,1550423,1345697,33,1196
201905,SED00434,18,8,7,7833000,9,3,5386272,4848553,35,1184
201905,SED00437,0,0,0,0,0,0,0,0,1,-1
201905,SED00441,50,20,12,14554136,24,3,6090296,9982183,66,1199
201905,SED00443,0,0,0,0,0,0,0,0,1,-1
201905,SED00446,42,15,15,22947266,20,5,7830297,18671428,77,1164
201905,SED00447,49,11,11,11857039,24,5,6343684,7569532,69,1149
201905,SED00448,35,9,3,3472182,19,1,896222,2914293,49,1193
201905,SED00449,71,25,18,24316867,35,7,15848553,14039608,130,1152
201905,SED00450,0,0,0,0,0,0,0,0,1,-1
201905,SED00452,0,0,0,0,0,0,0,0,1,-1
201905,SED00453,65,12,7,10517371,32,3,3889338,5795298,73,1160
201905,SED00454,14,1,0,0,8,0,0,0,26,955
201905,SED00460,68,29,25,13727961,23,10,16001357,9290136,51,1144
201905,SED00463,60,11,5,795811,32,2,3039174,521603,136,1169
201905,SED00466,0,0,0,0,0,0,0,0,1,-1
201905,SED00468,116,27,21,24599423,59,9,13556093,14875936,175,1136
201905,SED00472,2,0,0,0,2,0,0,0,2,929
201905,SED00473,22,8,4,7849228,11,1,1527912,5461963,39,1181
201905,SED00476,36,5,2,1764996,20,2,3761134,1065827,63,1170
201905,SED00477,18,3,0,0,11,0,0,0,36,1036
201905,SED00481,22,7,3,4554030,13,1,1639504,3154624,45,1162
201905,SED00482,36,15,13,24575678,18,4,5318280,12560600,74,1157
201905,SED00483,18,3,0,0,13,0,0,0,64,1016
201905,SED00485,7,1,0,0,5,0,0,0,34,990
201905,SED00488,23,7,5,4490196,11,2,3395736,2744246,46,1191
201905,SED00489,17,7,5,2981022,8,2,3714457,1482292,33,992
201905,SED00490,43,14,10,7228876,22,4,5836790,5441324,67,1072
201905,SED00492,2,0,0,0,1,0,0,0,1,705
201905,SED00495,29,10,8,12072757,17,3,6284068,6867522,51,937
201905,SED00497,11,4,4,5896124,7,1,1106316,4752738,33,1087
201905,SED00498,26,14,8,11427072,16,2,2275071,8257776,42,1104
201905,SED00500,29,4,3,2818518,13,1,1863727,1335826,41,1151
201905,SED00505,0,0,0,0,0,0,0,0,1,-1
201905,SED00506,45,10,5,7169532,24,2,1777174,4812699,46,1117
201905,SED00507,6,4,4,1937788,1,1,2203867,1625659,1,406
201905,SED00509,0,0,0,0,0,0,0,0,1,-1
201905,SED00510,6,1,1,1944373,1,1,2460916,1134421,1,380
201905,SED00511,25,3,3,3879210,13,1,2387823,3206178,51,1194
201905,SED00512,0,0,0,0,0,0,0,0,1,-1
201905,SED00515,0,0,0,0,0,0,0,0,1,-1
201905,SED00516,37,16,5,4384687,20,3,3745907,2338366,60,1180
201905,SED00519,43,10,5,7356720,25,3,1829806,5284901,73,1044
201905,SED00521,54,20,17,25262792,26,5,7784089,18515136,82,1195
201905,SED00524,2,0,0,0,1,0,0,0,1,766
201905,SED00528,56,18,17,10766267,27,8,13394304,7689398,80,1121
201905,SED00529,0,0,0,0,0,0,0,0,1,-1
201905,SED00530,0,0,0,0,0,0,0,0,1,-1
201905,SED00541,19,7,4,427724,12,1,1324043,334811,42,1000
201905,SED00544,43,12,9,10838526,24,3,4548105,6920048,69,1098
201905,SED00549,0,0,0,0,0,0,0,0,1,-1
201905,SED00551,0,0,0,0,0,0,0,0,1,-1
201905,SED00553,0,0,0,0,0,0,0,0,1,-1
201905,SED00554,60,24,20,25512787,27,7,16557069,15837822,75,1085
201905,SED00555,18,2,2,1539252,9,1,2745362,762094,36,1120
201905,SED00558,0,0,0,0,0,0,0,0,1,-1
201905,SED00560,0,0,0,0,0,0,0,0,1,-1
201905,SED00561,26,6,3,2902309,11,2,5621871,2659758,29,883
201905,SED00565,51,22,11,13860740,28,5,8492185,9420135,73,1098
201905,SED00567,4,0,0,0,2,0,0,0,2,851
201905,SED00569,27,7,4,6873715,16,2,2849179,3622280,40,1194
201905,SED00571,21,4,2,453976,13,1,2738101,387361,35,1169
201905,SED00572,34,10,4,3569552,18,1,2473839,1953682,68,1107
201905,SED00573,15,2,0,0,9,0,0,0,67,1112
201905,SED00576,10,0,0,0,5,0,0,0,19,688
201905,SED00578,42,9,7,3815062,23,2,5210907,2573975,77,1199
201905,SED00581,23,4,0,0,16,0,0,0,56,1141
201905,SED00582,39,14,10,6439140,15,5,7874758,4353998,52,1022
201905,SED00587,50,20,12,10863682,20,4,5884028,7246006,58,1194
201905,SED00591,28,16,14,9939282,11,4,5174244,8144337,28,895
201905,SED00593,137,41,33,29501207,57,15,19984424,19455554,193,1159
201905,SED00595,32,10,9,13044586,13,3,6001926,10439028,42,1073
201905,SED00596,0,0,0,0,0,0,0,0,1,-1
201905,SED00597,74,23,18,16864202,40,6,9479268,11806662,129,1137
201906,SED00002,0,0,0,0,0,0,0,0,1,-1
201906,SED00003,12,3,3,1797726,7,1,2932635,993341,36,1078
201906,SED00005,62,17,11,11804646,27,5,6667649,8020759,65,1180
201906,SED00009,97,24,20,19352148,49,11,15074213,12440560,152,1177
201906,SED00010,36,9,4,5139542,16,2,3545043,3726244,54,1163
201906,SED00011,31,10,7,9403136,15,3,6702302,8092583,45,1052
201906,SED00013,0,0,0,0,0,0,0,0,1,-1
201906,SED00014,0,0,0,0,0,0,0,0,1,-1
201906,SED00015,53,16,13,13379713,20,5,9168262,9861155,65,810
201906,SED00016,1,3,3,5375340,1,1,1831376,4725082,1,283
201906,SED00019,1,0,0,0,1,0,0,0,1,309
201906,SED00021,40,6,4,4486384,21,1,2337931,2702807,68,1111
201906,SED00026,13,3,0,0,8,0,0,0,44,1105
201906,SED00027,1,0,0,0,1,0,0,0,1,444
201906,SED00028,1,0,0,0,1,0,0,0,1,625
201906,SED00029,16,9,4,6478164,10,1,1066898,4834672,42,1197
201906,SED00031,0,0,0,0,0,0,0,0,1,-1
201906,SED00035,32,8,4,3484880,16,1,1705809,2903623,37,1013
201906,SED00038,9,3,3,1506471,4,1,374025,1085061,31,1155
201906,SED00039,0,0,0,0,0,0,0,0,1,-1
201906,SED00041,0,0,0,0,0,0,0,0,1,-1
201906,SED00047,0,0,0,0,0,0,0,0,1,-1
201906,SED00051,39,15,13,8064233,20,5,4287931,4589233,51,1093
201906,SED00053,0,0,0,0,0,0,0,0,1,-1
201906,SED00056,49,17,6,4744398,22,2,4169153,3986108,70,1063
201906,SED00060,43,15,14,14728850,21,6,6721495,8813271,71,1199
201906,SED00064,49,16,12,14853854,22,5,8855488,8208167,68,1041
201906,SED00067,44,9,3,4222326,26,2,4216841,2826134,78,1178
201906,SED00070,0,0,0,0,0,0,0,0,1,-1
201906,SED00075,41,20,17,26423165,18,5,10027553,18682828,63,1192
201906,SED00076,0,0,0,0,0,0,0,0,1,-1
201906,SED00078,37,16,8,5667202,15,3,3893560,3189959,46,843
201906,SED00079,22,4,3,660210,11,1,347657,274639,49,1049
201906,SED00082,35,4,2,1925212,19,1,2421416,1687253,69,1160
201906,SED00087,0,0,0,0,0,0,0,0,1,-1
201906,SED00088,15,3,0,0,8,0,0,0,32,1029
201906,SED00090,0,0,0,0,0,0,0,0,1,-1
201906,SED00096,1,0,0,0,1,0,0,0,2,657
201906,SED00111,5,4,4,7392732,1,1,2760208,7008303,1,164
201906,SED00114,41,12,9,14769741,20,3,7796601,10560978,44,1136
201906,SED00115,14,3,3,3645567,8,1,726079,1537052,25,945
201906,SED00116,9,0,0,0,6,0,0,0,28,1171
201906,SED00117,46,17,14,20371750,20,5,9628038,15724224,60,1065
201906,SED00121,41,12,2,1123880,23,1,975549,957943,63,1199
201906,SED00123,45,9,5,8212961,25,2,3502181,5399500,67,1145
201906,SED00126,38,5,3,3209413,19,2,5105795,2542826,44,868
201906,SED00127,32,9,7,9019942,16,4,6632953,6087043,59,1160
201906,SED00128,34,5,2,2053048,16,2,3273941,1606943,43,966
201906,SED00130,16,4,0,0,9,0,0,0,27,1051
201906,SED00131,43,12,8,4942308,23,3,5431590,3035498,74,1152
201906,SED00133,67,16,11,12360506,34,6,11291810,9914066,123,1186
201906,SED00136,0,0,0,0,0,0,0,0,1,-1
201906,SED00137,2,0,0,0,1,0,0,0,1,909
201906,SED00139,2,0,0,0,1,0,0,0,1,872
201906,SED00140,35,10,4,7627252,19,1,2228187,5427231,57,1150
201906,SED00143,29,4,0,0,17,0,0,0,83,1149
201906,SED00144,34,11,10,6805380,18,4,5413214,3773083,65,1157
201906,SED00146,22,9,9,11591816,8,3,5632798,8760407,22,1058
201906,SED00147,0,0,0,0,0,0,0,0,1,-1
201906,SED00148,158,63,41,40183006,76,13,22861075,29329119,269,1191
201906,SED00149,0,0,0,0,0,0,0,0,2,-1
201906,SED00150,0,0,0,0,0,0,0,0,1,-1
201906,SED00152,26,1,0,0,16,0,0,0,30,1169
201906,SED00153,52,15,9,10680730,28,3,4163821,7621479,85,1117
201906,SED00160,0,0,0,0,0,0,0,0,1,-1
201906,SED00161,23,5,3,1440657,13,1,2511543,1348099,42,1103
201906,SED00162,42,10,9,10496361,15,3,7526405,7706923,36,1047
201906,SED00163,3,0,0,0,1,0,0,0,1,493
201906,SED00165,51,15,8,11156966,22,4,7798628,7658967,70,1164
201906,SED00166,50,21,18,17614023,23,6,7859158,11065894,63,1191
201906,SED00167,141,42,35,37676060,63,13,19269006,25588329,217,1176
201906,SED00169,22,7,0,0,13,0,0,0,38,1058
201906,SED00170,2,0,0,0,1,0,0,0,1,650
201906,SED00174,32,12,6,6570681,15,2,3289351,4374622,25,1054
201906,SED00179,1,0,0,0,1,0,0,0,1,699
201906,SED00182,91,37,24,25703755,41,9,10029450,19842536,132,1094
201906,SED00183,0,0,0,0,0,0,0,0,1,-1
201906,SED00185,62,25,17,16332727,30,5,7241477,10468129,126,1173
201906,SED00191,1,0,0,0,1,0,0,0,1,384
201906,SED00192,17,6,5,4765272,7,2,1971788,3554270,44,596
201906,SED00194,20,3,3,963582,10,1,699001,428724,30,1066
201906,SED00197,17,3,3,1736130,8,1,318712,964390,31,1169
201906,SED00198,0,0,0,0,0,0,0,0,1,-1
201906,SED00199,25,6,5,6834125,11,2,2757591,4234407,33,1193
201906,SED00200,0,0,0,0,0,0,0,0,1,-1
201906,SED00204,19,8,8,4222034,12,3,6640437,3658861,45,1072
201906,SED00206,0,0,0,0,0,0,0,0,1,-1
201906,SED00209,24,8,4,1707288,15,1,770071,1526901,52,1161
201906,SED00210,45,22,17,25307573,18,5,8995932,16571646,67,1134
201906,SED00212,40,10,4,3764024,25,1,1275817,1510015,81,1121
201906,SED00213,42,15,13,11410595,23,4,8048823,8079286,67,1121
201906,SED00215,3,3,3,484638,1,1,2131033,253891,1,215
201906,SED00216,6,0,0,0,4,0,0,0,30,1159
201906,SED00218,116,43,28,25745684,70,10,15680340,15720330,215,1192
201906,SED00219,49,19,15,24019731,24,5,9291212,16899404,74,1140
201906,SED00220,0,0,0,0,0,0,0,0,1,-1
201906,SED00221,104,41,27,24936643,44,10,17571449,16491814,139,1198
201906,SED00223,92,22,17,23231419,48,7,14333587,15464985,150,1188
201906,SED00225,34,17,10,14758856,15,4,7527087,11565140,50,1192
201906,SED00226,0,0,0,0,0,0,0,0,1,-1
201906,SED00227,46,4,4,1727440,25,1,2906464,832487,61,1192
201906,SED00232,29,7,5,8356246,12,2,3566019,5978927,44,1037
201906,SED00233,16,10,5,6606201,10,2,2404371,5138580,36,824
201906,SED00235,0,0,0,0,0,0,0,0,1,-1
201906,SED00238,64,12,9,10059093,28,4,3496859,7647136,82,1188
201906,SED00240,36,11,7,9275991,19,3,5101953,7536930,76,1170
201906,SED00242,0,0,0,0,0,0,0,0,1,-1
201906,SED00244,23,11,8,12983950,9,3,4608280,8692129,26,1165
201906,SED00250,0,0,0,0,0,0,0,0,1,-1
201906,SED00251,48,19,16,22683444,26,7,8369657,17100568,71,1180
201906,SED00252,74,24,16,15739537,36,5,8535373,8619950,86,1163
201906,SED00257,0,0,0,0,0,0,0,0,1,-1
201906,SED00259,42,16,14,8651544,16,4,7055859,4981713,61,1145
201906,SED00261,21,1,1,1280400,9,1,1556391,932106,36,1066
201906,SED00263,37,12,6,3276562,22,2,2185257,2038653,64,1191
201906,SED00264,0,0,0,0,0,0,0,0,1,-1
201906,SED00265,15,3,1,1813460,9,1,823537,1662030,31,981
201906,SED00268,0,0,0,0,0,0,0,0,1,-1
201906,SED00269,20,8,7,6099466,13,3,5675837,4638535,48,1114
201906,SED00270,12,0,0,0,7,0,0,0,28,1197
201906,SED00273,71,18,10,8400619,38,3,5063325,6106813,136,1139
201906,SED00275,51,14,11,12122096,17,5,3746517,9579322,47,1062
201906,SED00276,80,23,12,8379080,36,5,6939415,5180987,105,1088
201906,SED00278,0,0,0,0,0,0,0,0,1,-1
201906,SED00282,0,0,0,0,0,0,0,0,1,-1
201906,SED00285,38,19,13,15485642,20,4,6222557,10454590,63,1166
201906,SED00287,57,17,12,12111053,26,5,5852895,8772449,83,1052
201906,SED00288,0,0,0,0,0,0,0,0,1,-1
201906,SED00290,0,0,0,0,0,0,0,0,1,-1
201906,SED00291,0,0,0,0,0,0,0,0,2,-1
201906,SED00294,25,7,1,1687305,16,1,2446612,1219074,61,1121
201906,SED00295,49,12,10,9013618,23,4,7550668,5662539,76,1196
201906,SED00297,12,0,0,0,8,0,0,0,28,1132
201906,SED00299,43,17,16,13957596,24,6,7401427,11420095,83,1096
201906,SED00300,32,15,13,15133681,17,5,7170052,10754543,48,1093
201906,SED00302,45,18,14,20971971,24,5,8565245,14269845,75,954
201906,SED00304,18,3,0,0,10,0,0,0,42,1022
201906,SED00305,48,11,8,8738695,24,3,6011194,6701599,72,1069
201906,SED00306,26,6,3,5472627,17,1,1156574,4929781,59,1188
201906,SED00307,17,9,6,9613230,9,2,1845657,5770215,27,1002
201906,SED00308,51,24,18,20263730,24,6,9382822,12039207,75,1175
201906,SED00309,1,0,0,0,1,0,0,0,1,1136
201906,SED00311,27,5,2,702480,17,1,2935503,500855,49,1133
201906,SED00314,0,0,0,0,0,0,0,0,1,-1
201906,SED00317,0,0,0,0,0,0,0,0,1,-1
201906,SED00318,19,4,4,3539400,8,1,2022307,2888448,47,941
201906,SED00324,3,2,0,0,1,0,0,0,1,757
201906,SED00325,0,0,0,0,0,0,0,0,1,-1
201906,SED00329,0,0,0,0,0,0,0,0,1,-1
201906,SED00331,54,11,10,15867976,26,4,5958619,9517180,95,1026
201906,SED00332,32,17,10,9094158,20,4,4709302,8050768,55,1142
201906,SED00337,41,12,9,4645143,20,3,5101876,3657008,70,1178
201906,SED00338,52,15,9,6425109,25,3,5258326,5178395,76,1114
201906,SED00340,0,0,0,0,0,0,0,0,1,-1
201906,SED00342,0,0,0,0,0,0,0,0,1,-1
201906,SED00343,45,15,10,16753402,20,3,2482840,11606324,50,1150
201906,SED00353,0,0,0,0,0,0,0,0,1,-1
201906,SED00355,42,21,15,11805445,18,6,8467317,6623392,37,1102
201906,SED00356,16,5,4,2835908,7,1,2372641,2134447,30,849
201906,SED00363,0,0,0,0,0,0,0,0,1,-1
201906,SED00367,0,0,0,0,0,0,0,0,1,-1
201906,SED00369,45,6,3,1547653,24,2,3601391,944794,76,1174
201906,SED00372,76,16,11,11659607,45,6,8693041,6542807,132,1174
201906,SED00376,0,0,0,0,0,0,0,0,1,-1
201906,SED00379,45,16,11,8430444,23,4,5280304,5333010,80,1002
201906,SED00384,0,0,0,0,0,0,0,0,1,-1
201906,SED00392,0,0,0,0,0,0,0,0,1,-1
201906,SED00393,2,0,0,0,1,0,0,0,2,716
201906,SED00394,24,9,3,3322438,12,2,4815211,2106363,41,962
201906,SED00397,18,1,0,0,11,0,0,0,28,1028
201906,SED00398,35,6,0,0,21,0,0,0,47,1191
201906,SED00399,0,0,0,0,0,0,0,0,1,-1
201906,SED00401,36,7,7,7003014,16,2,3126613,4083518,62,1161
201906,SED00404,0,0,0,0,0,0,0,0,1,-1
201906,SED00406,64,19,14,10956302,31,4,5212088,6286473,95,1194
201906,SED00407,0,0,0,0,0,0,0,0,1,-1
201906,SED00412,50,7,5,6041910,27,2,4318428,2616506,65,1007
201906,SED00414,0,0,0,0,0,0,0,0,1,-1
201906,SED00415,0,0,0,0,0,0,0,0,1,-1
201906,SED00416,50,11,8,5986752,22,3,3261000,3078234,72,1146
201906,SED00421,31,3,0,0,20,0,0,0,43,1183
201906,SED00425,27,10,4,4917668,18,1,2486274,2447787,129,1069
201906,SED00427,0,0,0,0,0,0,0,0,1,-1
201906,SED00428,96,24,16,21962184,48,7,12949455,13185621,151,1189
201906,SED00430,18,5,3,5899554,11,1,321942,3011422,39,1064
201906,SED00434,16,8,4,5234164,8,2,3436325,2226336,30,1147
201906,SED00439,0,0,0,0,0,0,0,0,1,-1
201906,SED00441,48,15,11,9672578,28,4,5804706,6823037,79,1102
201906,SED00443,0,0,0,0,0,0,0,0,1,-1
201906,SED00446,19,5,0,0,14,0,0,0,59,1124
201906,SED00447,36,13,11,12707529,15,3,3659178,9018348,68,1159
201906,SED00448,24,7,4,7880348,14,1,600040,6615074,54,1125
201906,SED00449,70,19,11,17231543,41,3,5648577,9915804,139,1187
201906,SED00453,62,19,13,13762685,28,6,12453091,9278413,80,1184
201906,SED00454,22,10,4,5011800,10,2,3374090,2807707,37,1030
201906,SED00456,2,0,0,0,1,0,0,0,1,1051
201906,SED00460,31,7,4,1878740,17,1,561346,890942,85,1169
201906,SED00461,1,0,0,0,1,0,0,0,1,908
201906,SED00462,0,0,0,0,0,0,0,0,1,-1
201906,SED00463,93,39,31,30225104,45,10,17475251,21476490,149,1161
201906,SED00468,138,33,24,21967149,68,11,21522404,14941024,209,1189
201906,SED00473,33,7,4,6552323,19,2,1580231,3269399,61,1138
201906,SED00476,28,15,10,6603495,13,4,6103770,3959561,42,1145
201906,SED00477,35,7,4,5531044,20,1,1123620,2346354,49,1199
201906,SED00478,1,2,0,0,1,0,0,0,1,594
201906,SED00480,0,0,0,0,0,0,0,0,1,-1
201906,SED00481,44,19,15,14394952,19,5,6880559,10417241,52,764
201906,SED00482,45,6,5,7544262,24,3,5387536,4468301,68,1123
201906,SED00483,49,19,12,12763017,19,5,6983877,11172869,75,1113
201906,SED00485,16,2,0,0,9,0,0,0,32,1197
201906,SED00488,18,7,5,2718037,9,2,3511041,2052570,47,1179
201906,SED00489,24,6,5,7099638,10,2,2815959,3500582,36,1138
201906,SED00490,28,6,1,1783898,18,1,305444,975244,77,1068
201906,SED00494,2,1,0,0,1,0,0,0,1,430
201906,SED00495,45,6,6,5739565,21,3,5422700,3579026,62,1160
201906,SED00497,17,3,2,363826,8,1,2769048,148139,26,828
201906,SED00498,26,4,1,1121299,15,1,460004,505731,49,1121
201906,SED00499,1,0,0,0,1,0,0,0,3,418
201906,SED00500,46,17,16,17733095,16,6,7819319,10824653,56,1168
201906,SED00506,15,6,3,3994956,10,1,912901,2045287,45,893
201906,SED00510,0,0,0,0,0,0,0,0,1,-1
201906,SED00511,10,1,0,0,10,0,0,0,40,1181
201906,SED00512,2,0,0,0,1,0,0,0,1,403
201906,SED00514,0,0,0,0,0,0,0,0,1,-1
201906,SED00516,32,17,8,12990882,19,3,5301981,10537560,65,846
201906,SED00519,40,11,6,3979020,22,3,6057884,2430905,65,1154
201906,SED00520,0,0,0,0,0,0,0,0,2,-1
201906,SED00521,52,13,7,6387043,23,3,4374201,4099432,70,1129
201906,SED00523,0,0,0,0,0,0,0,0,1,-1
201906,SED00524,1,0,0,0,1,0,0,0,1,111
201906,SED00528,36,10,8,10819355,23,4,7641277,8403027,69,1184
201906,SED00538,2,0,0,0,1,0,0,0,1,465
201906,SED00541,22,10,6,5118426,12,2,5504475,4550986,28,1023
201906,SED00543,2,0,0,0,1,0,0,0,1,1054
201906,SED00544,39,7,4,5594668,22,1,1887311,2735478,80,1107
201906,SED00546,1,0,0,0,1,0,0,0,2,272
201906,SED00550,0,0,0,0,0,0,0,0,1,-1
201906,SED00554,69,14,13,14602982,30,6,6918504,9100057,78,1152
201906,SED00555,16,1,1,1550499,10,1,1957783,845332,43,927
201906,SED00557,1,0,0,0,1,0,0,0,1,1105
201906,SED00561,24,3,3,4634958,11,1,2816381,2990896,27,1171
201906,SED00565,35,9,5,6648520,19,3,5828742,4241926,68,1099
201906,SED00567,1,0,0,0,1,0,0,0,1,643
201906,SED00569,13,5,0,0,8,0,0,0,33,1026
201906,SED00570,0,0,0,0,0,0,0,0,1,-1
201906,SED00571,18,6,3,596976,10,1,2386595,531865,28,1004
201906,SED00572,33,8,4,1976692,21,1,2905188,1446492,74,1110
201906,SED00573,22,8,5,6639992,14,2,2305763,4811569,61,1189
201906,SED00574,1,0,0,0,1,0,0,0,1,515
201906,SED00576,21,7,5,6334111,9,3,5042350,5132310,28,1026
201906,SED00578,55,19,15,13656119,29,6,12688024,7117545,85,1186
201906,SED00579,0,0,0,0,0,0,0,0,1,-1
201906,SED00581,32,8,2,1554562,18,1,1677348,698757,54,1157
201906,SED00582,25,7,5,865012,13,2,1308857,561705,42,1042
201906,SED00584,2,0,0,0,1,0,0,0,1,101
201906,SED00587,58,21,16,13948786,24,6,10953521,6678716,71,1103
201906,SED00591,25,8,5,5348657,12,2,2353941,2904438,26,1020
201906,SED00593,163,48,37,43974964,73,15,21243652,33970995,226,1193
201906,SED00595,21,4,1,925558,12,1,2930305,638319,45,1066
201906,SED00597,93,23,15,19198113,41,8,11724109,14640639,161,1192
201907,SED00003,36,10,6,4724020,16,3,4225678,2862380,37,1188
201907,SED00005,16,13,8,8230712,8,3,4765647,5235883,38,915
201907,SED00009,79,16,13,10049849,41,4,5385179,8216263,144,1178
201907,SED00010,25,9,9,5739204,13,4,8293702,3433701,48,1106
201907,SED00011,25,7,2,1369682,15,1,2183254,727816,47,816
201907,SED00014,4,3,3,1583661,1,1,1023611,1136795,1,278
201907,SED00015,60,24,14,19782727,33,5,9955047,11151960,75,1165
201907,SED00018,0,0,0,0,0,0,0,0,2,-1
201907,SED00021,56,27,20,21018196,27,7,9598514,14538262,62,1177
201907,SED00022,0,0,0,0,0,0,0,0,1,-1
201907,SED00024,1,1,0,0,1,0,0,0,1,713
201907,SED00026,27,5,3,4508013,14,2,3499598,2890369,57,1104
201907,SED00027,1,0,0,0,1,0,0,0,2,792
201907,SED00029,41,13,10,9573112,15,4,6137528,6305657,49,1161
201907,SED00033,0,0,0,0,0,0,0,0,1,-1
201907,SED00035,30,15,11,16435238,12,3,4242533,12124531,33,1154
201907,SED00036,0,0,0,0,0,0,0,0,1,-1
201907,SED00038,18,4,2,1279600,9,1,2427804,581297,36,1170
201907,SED00051,33,22,14,11134191,15,5,6663321,7864332,49,1055
201907,SED00052,2,0,0,0,1,0,0,0,1,733
201907,SED00053,6,4,4,4155756,1,1,2938099,2478150,1,235
201907,SED00056,72,27,12,11519491,31,5,7929969,9264599,77,1156
201907,SED00060,36,7,3,3260719,18,2,2809458,2436932,66,1107
201907,SED00064,43,5,3,4665423,19,3,5475986,3190087,66,922
201907,SED00065,0,0,0,0,0,0,0,0,1,-1
201907,SED00067,31,11,7,4121121,16,3,2533901,3052203,59,1184
201907,SED00072,2,0,0,0,1,0,0,0,2,1029
201907,SED00075,40,14,6,5944362,21,2,3531660,4899984,82,1159
201907,SED00077,5,4,4,7669740,1,1,1294213,5719131,1,35
201907,SED00078,18,1,1,663701,11,1,1834384,574599,38,1070
201907,SED00079,8,1,0,0,6,0,0,0,40,1032
201907,SED00081,6,2,2,2698930,1,1,1530932,1558625,1,429
201907,SED00082,37,5,3,1698588,17,2,456966,1406514,64,1036
201907,SED00085,2,0,0,0,1,0,0,0,1,465
201907,SED00087,0,0,0,0,0,0,0,0,1,-1
201907,SED00088,20,5,4,3595225,10,2,3872232,2829920,35,1097
201907,SED00093,0,0,0,0,0,0,0,0,1,-1
201907,SED00095,1,0,0,0,1,0,0,0,1,931
201907,SED00109,1,0,0,0,1,0,0,0,1,607
201907,SED00110,0,0,0,0,0,0,0,0,1,-1
201907,SED00111,0,0,0,0,0,0,0,0,1,-1
201907,SED00114,30,6,2,2127293,14,2,684223,1457844,51,885
201907,SED00115,24,9,7,12335319,10,2,3347353,6548943,28,1050
201907,SED00116,18,4,0,0,10,0,0,0,24,1162
201907,SED00117,48,21,5,4930934,24,2,3942249,3442131,71,1101
201907,SED00120,0,0,0,0,0,0,0,0,1,-1
201907,SED00121,31,6,2,2390394,17,2,3394568,1211755,61,1176
201907,SED00123,45,10,7,5872216,21,4,5231658,4730501,74,1199
201907,SED00126,18,1,1,413860,8,1,2454701,303213,46,945
201907,SED00127,32,10,4,4427501,19,2,2592300,2405085,59,1160
201907,SED00128,37,15,10,7527891,18,3,3666101,3791242,48,1147
201907,SED00130,30,12,10,15648706,11,3,3862070,13966062,25,809
201907,SED00131,39,9,7,9277354,21,4,6809528,7108711,72,1181
201907,SED00133,66,25,14,17878599,38,6,6244895,12707088,142,1054
201907,SED00140,56,15,10,4366302,26,3,4071477,2712936,72,1187
201907,SED00142,2,0,0,0,1,0,0,0,1,138
201907,SED00143,68,13,10,10172550,31,5,9183717,6873329,67,1136
201907,SED00144,34,4,2,3644290,21,1,472768,3017123,75,1052
201907,SED00146,17,4,0,0,10,0,0,0,31,1120
201907,SED00148,175,67,45,47685791,89,17,28295813,35723653,257,1195
201907,SED00149,4,3,3,4429968,1,1,1562670,3191049,2,506
201907,SED00152,29,7,5,2897012,14,2,2276528,2328819,39,1017
201907,SED00153,40,15,7,10021774,21,2,3790609,8221087,92,1089
201907,SED00156,8,4,4,4041932,2,1,1721367,3742157,3,674
201907,SED00158,1,2,2,2320418,1,1,1709362,1371369,1,451
201907,SED00161,20,3,1,192618,10,1,1232646,147516,49,1040
201907,SED00162,36,6,5,2826765,13,2,3112027,1803114,37,1103
201907,SED00165,47,10,5,3054722,21,2,3379277,2302293,66,1193
201907,SED00166,58,25,19,20448565,27,9,14632907,14752265,68,1014
201907,SED00167,108,19,15,17838295,61,6,7697910,11946778,211,1188
201907,SED00169,22,6,4,6137078,14,2,5932335,3771805,44,1122
201907,SED00172,0,0,0,0,0,0,0,0,1,-1
201907,SED00173,0,0,0,0,0,0,0,0,1,-1
201907,SED00174,15,2,0,0,11,0,0,0,29,1102
201907,SED00179,0,0,0,0,0,0,0,0,1,-1
201907,SED00182,85,23,20,17452135,41,9,11991878,10609473,138,1178
201907,SED00185,72,23,17,23114417,38,8,15738547,12963368,120,1172
201907,SED00186,0,0,0,0,0,0,0,0,1,-1
201907,SED00192,25,6,5,7777085,11,2,2775403,6698224,47,1191
201907,SED00193,0,0,0,0,0,0,0,0,1,-1
201907,SED00194,29,6,2,1244879,14,2,2702012,1073370,33,931
201907,SED00197,27,3,3,3461385,14,1,522700,1870893,37,1175
201907,SED00199,25,11,4,4843108,14,2,1972802,3875297,37,1161
201907,SED00204,21,0,0,0,13,0,0,0,51,1050
201907,SED00209,31,7,3,5241726,18,1,1301738,2811930,51,897
201907,SED00210,48,17,13,12298213,26,4,3638373,8019225,87,1065
201907,SED00212,49,13,9,13391670,20,4,4633725,7349234,70,1192
201907,SED00213,43,14,9,10912990,22,3,3437092,8902220,78,1175
201907,SED00216,14,4,4,5180808,7,1,2570431,2861492,24,976
201907,SED00218,112,30,14,12562697,61,5,10284358,8252495,219,1181
201907,SED00219,39,11,6,8075087,16,3,3635797,5594584,58,1193
201907,SED00220,0,0,0,0,0,0,0,0,1,-1
201907,SED00221,114,48,36,40227003,55,14,15025229,33062893,155,1186
201907,SED00223,113,29,21,27158418,53,8,9715656,16787910,143,1178
201907,SED00225,35,7,2,3308054,13,2,5068274,2320388,42,1057
201907,SED00227,39,8,6,2678340,19,2,1874670,1373998,65,1154
201907,SED00231,0,0,0,0,0,0,0,0,1,-1
201907,SED00232,25,8,2,1608158,12,1,1043618,966307,32,1101
201907,SED00233,19,11,8,3544888,11,2,3644612,1659814,37,869
201907,SED00238,54,15,10,9490722,25,4,7182444,8081449,70,1085
201907,SED00240,38,15,8,9675906,18,4,7867929,6528301,78,1152
201907,SED00242,0,0,0,0,0,0,0,0,1,-1
201907,SED00244,27,9,7,10315070,14,2,2989585,8941542,31,981
201907,SED00245,0,0,0,0,0,0,0,0,1,-1
201907,SED00250,0,0,0,0,0,0,0,0,1,-1
201907,SED00251,31,2,1,1359881,19,1,216774,569487,67,1011
201907,SED00252,47,7,7,6073896,24,3,3718437,5033358,81,1152
201907,SED00256,0,0,0,0,0,0,0,0,1,-1
201907,SED00257,2,0,0,0,1,0,0,0,1,1182
201907,SED00259,41,11,5,5156017,20,2,3987448,4069879,63,1191
201907,SED00261,26,8,6,2102060,12,2,4394029,1441476,37,1162
201907,SED00262,2,0,0,0,1,0,0,0,1,294
201907,SED00263,42,16,10,12938277,23,4,5364827,7412865,79,1125
201907,SED00265,15,3,3,3658546,7,2,3842222,2973956,24,1197
201907,SED00266,2,2,0,0,1,0,0,0,1,281
201907,SED00269,29,12,9,11226534,13,3,2108225,8100279,43,898
201907,SED00270,12,3,3,3148134,4,1,535084,1453862,29,831
201907,SED00273,109,23,15,10408651,51,8,12623607,6371576,165,1181
201907,SED00274,0,0,0,0,0,0,0,0,1,-1
201907,SED00275,43,15,11,16784677,18,4,4036258,12581295,59,1056
201907,SED00276,47,14,9,5025255,27,4,4686812,3312803,106,1192
201907,SED00279,0,0,0,0,0,0,0,0,1,-1
201907,SED00281,0,0,0,0,0,0,0,0,1,-1
201907,SED00285,64,23,15,19026327,28,5,7712938,10851814,83,1172
201907,SED00287,36,15,8,5390063,20,3,6477283,2931275,70,1124
201907,SED00289,0,0,0,0,0,0,0,0,1,-1
201907,SED00290,0,0,0,0,0,0,0,0,1,-1
201907,SED00294,57,11,5,5008904,30,2,3374103,3118612,90,1095
201907,SED00295,55,14,8,3863099,28,3,6219145,2610165,69,1099
201907,SED00297,17,7,2,213362,11,1,1565612,123750,34,977
201907,SED00299,62,23,16,17061264,27,7,11064189,12969234,78,1138
201907,SED00300,39,5,5,4137688,18,3,3408164,3584459,39,1063
201907,SED00302,77,13,9,9009308,32,5,8490292,6510762,100,1151
201907,SED00304,18,4,0,0,11,0,0,0,46,931
201907,SED00305,54,11,8,7426586,26,5,9324494,3894098,69,1159
201907,SED00306,47,9,8,10671792,19,4,6916277,7641341,56,1116
201907,SED00307,11,3,3,3608304,8,1,856879,2827887,28,1061
201907,SED00308,48,15,13,15668639,22,4,6484528,9881537,73,1121
201907,SED00311,17,3,2,748188,10,1,1426151,470348,48,1076
201907,SED00312,1,0,0,0,1,0,0,0,1,438
201907,SED00315,2,0,0,0,1,0,0,0,1,1146
201907,SED00318,37,13,7,12332783,23,3,1698425,7197769,54,1062
201907,SED00327,0,0,0,0,0,0,0,0,1,-1
201907,SED00329,2,1,0,0,1,0,0,0,1,563
201907,SED00331,69,26,17,18504123,38,6,6112708,11026866,111,1184
201907,SED00332,24,6,5,6986005,13,2,1907224,4403323,42,1177
201907,SED00334,0,0,0,0,0,0,0,0,1,-1
201907,SED00337,37,19,15,16521565,20,5,3773034,11750311,52,1121
201907,SED00338,52,18,12,18658386,24,4,6954083,9343679,66,1194
201907,SED00343,23,3,3,1676253,15,2,4894967,1151868,38,1124
201907,SED00345,0,0,0,0,0,0,0,0,1,-1
201907,SED00350,5,4,4,2711600,1,1,2963622,2304647,1,433
201907,SED00355,25,8,4,3129564,16,1,759800,2820972,34,1035
201907,SED00356,37,11,10,5308167,14,5,10750884,3764188,36,1108
201907,SED00367,2,1,0,0,1,0,0,0,1,738
201907,SED00369,65,18,10,11756646,35,3,3768971,7897065,97,1173
201907,SED00372,67,27,16,14432769,35,6,12908414,10772812,115,1095
201907,SED00374,1,0,0,0,1,0,0,0,1,994
201907,SED00378,0,0,0,0,0,0,0,0,1,-1
201907,SED00379,32,7,7,11522997,18,2,1860440,9583224,65,1164
201907,SED00380,1,0,0,0,1,0,0,0,1,804
201907,SED00382,1,0,0,0,1,0,0,0,1,220
201907,SED00383,0,0,0,0,0,0,0,0,1,-1
201907,SED00390,0,0,0,0,0,0,0,0,2,-1
201907,SED00392,3,1,1,1697643,2,1,2227554,980593,2,255
201907,SED00393,2,0,0,0,1,0,0,0,1,254
201907,SED00394,27,7,5,5531706,14,2,2722607,4676903,47,1180
201907,SED00397,16,1,0,0,10,0,0,0,34,1099
201907,SED00398,16,6,4,7266232,9,1,2797759,3845404,34,887
201907,SED00401,65,19,9,7128772,28,4,7569567,5549547,73,1092
201907,SED00406,31,6,2,1108697,21,2,2648188,661260,106,906
201907,SED00409,0,0,0,0,0,0,0,0,1,-1
201907,SED00411,1,0,0,0,1,0,0,0,1,859
201907,SED00412,54,17,16,14432526,23,6,8667886,10743880,79,1176
201907,SED00413,0,0,0,0,0,0,0,0,1,-1
201907,SED00416,50,16,14,13019120,28,6,10439969,10023646,71,1149
201907,SED00417,2,0,0,0,1,0,0,0,1,1007
201907,SED00421,38,13,10,7205668,17,4,6131865,4816962,46,998
201907,SED00425,74,24,24,13738176,36,8,17391039,9421876,138,1170
201907,SED00426,0,0,0,0,0,0,0,0,1,-1
201907,SED00428,72,18,13,11694501,38,5,7685663,6759975,142,1182
201907,SED00430,23,7,4,5206696,13,1,969315,4607930,41,1072
201907,SED00434,26,7,3,4934541,13,1,2599499,4103503,44,882
201907,SED00439,1,0,0,0,1,0,0,0,1,978
201907,SED00441,48,20,12,12373164,25,3,4664660,7433009,77,1131
201907,SED00446,57,25,20,22615012,26,7,11275337,15327257,67,1142
201907,SED00447,26,5,0,0,18,0,0,0,56,1146
201907,SED00448,37,13,7,6650891,18,3,6827769,5422483,45,1125
201907,SED00449,71,21,13,16164195,37,6,8425103,11989038,117,1150
201907,SED00451,0,0,0,0,0,0,0,0,2,-1
201907,SED00453,31,12,9,9690348,17,4,6843504,5177752,59,976
201907,SED00454,18,6,2,3061294,11,1,587851,2618432,34,1192
201907,SED00458,2,0,0,0,1,0,0,0,1,808
201907,SED00460,52,11,7,4998432,26,3,2897644,2778840,81,1195
201907,SED00463,97,32,23,25268864,43,8,12946267,14329189,124,1195
201907,SED00464,0,0,0,0,0,0,0,0,1,-1
201907,SED00467,0,0,0,0,0,0,0,0,1,-1
201907,SED00468,176,50,30,25638939,84,13,13792341,15053695,221,1163
201907,SED00471,0,0,0,0,0,0,0,0,1,-1
201907,SED00472,0,0,0,0,0,0,0,0,1,-1
201907,SED00473,30,9,7,12161301,13,4,4071919,9240574,42,1041
201907,SED00476,26,6,4,736542,14,2,4703364,551634,45,1040
201907,SED00477,15,4,0,0,10,0,0,0,45,1190
201907,SED00481,23,4,0,0,11,0,0,0,45,1171
201907,SED00482,44,11,10,8101041,21,4,7859861,5664940,75,1184
201907,SED00483,36,16,9,7253757,18,3,4282318,4448952,74,1126
201907,SED00485,19,6,3,4451081,11,2,1963503,2706063,33,1055
201907,SED00486,0,0,0,0,0,0,0,0,1,-1
201907,SED00487,0,0,0,0,0,0,0,0,1,-1
201907,SED00488,21,6,4,2891840,12,1,345460,1478388,36,902
201907,SED00489,14,2,0,0,8,0,0,0,35,995
201907,SED00490,49,12,5,4412523,26,3,6810309,3048684,75,1138
201907,SED00493,0,0,0,0,0,0,0,0,1,-1
201907,SED00495,34,10,8,5396304,16,3,1981911,3781510,53,1084
201907,SED00497,23,10,8,3011278,10,3,6230197,1461867,40,795
201907,SED00498,25,4,1,821395,10,1,2013009,331523,33,1198
201907,SED00499,0,0,0,0,0,0,0,0,1,-1
201907,SED00500,35,10,4,4781412,15,2,3066053,2865198,48,1155
201907,SED00502,2,1,0,0,1,0,0,0,1,316
201907,SED00503,0,0,0,0,0,0,0,0,1,-1
201907,SED00504,0,0,0,0,0,0,0,0,1,-1
201907,SED00505,2,0,0,0,1,0,0,0,1,945
201907,SED00506,17,7,6,7488309,12,2,3644696,5423344,41,1188
201907,SED00511,40,16,11,13502235,20,5,8492802,9236189,44,1198
201907,SED00513,1,0,0,0,1,0,0,0,1,980
201907,SED00516,61,23,12,6938708,33,4,6214421,5148540,81,1173
201907,SED00519,53,12,7,10281402,25,3,5092808,5043020,69,1186
201907,SED00521,48,13,9,7423607,26,3,5801401,4430166,73,1160
201907,SED00523,0,0,0,0,0,0,0,0,1,-1
201907,SED00527,0,0,0,0,0,0,0,0,1,-1
201907,SED00528,46,18,14,17234295,23,7,9650620,10055677,68,1190
201907,SED00541,48,14,10,5828442,21,5,3227424,4242292,55,1048
201907,SED00542,0,0,0,0,0,0,0,0,1,-1
201907,SED00544,42,7,1,733390,20,1,2771467,645216,80,1184
201907,SED00547,0,0,0,0,0,0,0,0,1,-1
201907,SED00548,1,0,0,0,1,0,0,0,1,1198
201907,SED00554,47,14,11,6490533,21,4,8145132,4128866,65,992
201907,SED00555,33,11,4,5666904,18,1,650131,5069069,49,1159
201907,SED00556,0,0,0,0,0,0,0,0,1,-1
201907,SED00559,5,3,3,5906655,1,1,955114,4376306,2,578
201907,SED00561,15,3,3,2859084,10,1,563968,2461787,24,1195
201907,SED00565,26,9,5,3717068,15,2,3954222,1914859,65,926
201907,SED00569,24,4,3,1609731,14,1,1242368,1476225,45,1111
201907,SED00571,20,4,3,5835296,13,2,3188525,3247864,31,894
201907,SED00572,37,5,4,6294893,18,2,2594503,3793830,67,1195
201907,SED00573,68,21,13,15960467,28,7,13552224,12380186,71,1151
201907,SED00574,1,0,0,0,1,0,0,0,1,860
201907,SED00576,12,2,0,0,8,0,0,0,32,1169
201907,SED00577,0,0,0,0,0,0,0,0,1,-1
201907,SED00578,37,8,7,7513338,20,3,3137086,3307603,76,1185
201907,SED00581,16,6,1,1326829,7,1,1319250,891549,31,849
201907,SED00582,35,12,8,9856729,16,3,3270937,7866438,53,957
201907,SED00587,48,15,9,7895770,23,4,3200424,5412156,80,1131
201907,SED00588,0,0,0,0,0,0,0,0,1,-1
201907,SED00590,0,0,0,0,0,0,0,0,1,-1
201907,SED00591,11,0,0,0,7,0,0,0,28,933
201907,SED00593,111,17,15,21113980,62,7,8723442,14006728,225,1194
201907,SED00594,0,0,0,0,0,0,0,0,1,-1
201907,SED00595,10,0,0,0,6,0,0,0,41,1152
201907,SED00597,112,42,32,30850691,55,13,17547826,18908714,147,1132
201907,SED00600,0,0,0,0,0,0,0,0,2,-1
201908,SED00003,21,7,5,7327130,9,2,2589152,4967787,30,1166
201908,SED00005,40,15,13,12000264,19,6,12199553,8446972,54,950
201908,SED00007,0,0,0,0,0,0,0,0,1,-1
201908,SED00009,98,30,17,17452520,47,7,10280656,14451956,136,1114
201908,SED00010,24,7,4,862036,13,1,1600977,798096,47,1118
201908,SED00011,20,4,1,1001661,15,1,2550061,422337,48,1009
201908,SED00013,0,0,0,0,0,0,0,0,1,-1
201908,SED00015,47,17,12,10875481,20,5,7840400,6759002,75,1007
201908,SED00021,38,11,9,11245047,14,3,4329637,9563825,57,718
201908,SED00026,17,4,0,0,9,0,0,0,46,1137
201908,SED00027,0,0,0,0,0,0,0,0,1,-1
201908,SED00028,0,0,0,0,0,0,0,0,1,-1
201908,SED00029,21,7,0,0,13,0,0,0,42,1069
201908,SED00031,3,4,4,4540920,1,1,1621341,4098398,1,385
201908,SED00035,23,10,5,5046999,12,2,3099021,4249051,41,1185
201908,SED00038,28,16,8,9607638,13,3,3681420,5540417,35,854
201908,SED00040,0,0,0,0,0,0,0,0,1,-1
201908,SED00042,0,0,0,0,0,0,0,0,1,-1
201908,SED00045,0,0,0,0,0,0,0,0,1,-1
201908,SED00047,1,0,0,0,1,0,0,0,1,1085
201908,SED00049,4,1,1,234229,1,1,1247443,222187,1,73
201908,SED00050,0,0,0,0,0,0,0,0,1,-1
201908,SED00051,21,9,9,15437232,10,3,5184628,6506293,44,1183
201908,SED00055,0,0,0,0,0,0,0,0,1,-1
201908,SED00056,55,15,13,10257344,27,5,9400505,7725239,66,1011
201908,SED00058,1,0,0,0,1,0,0,0,1,256
201908,SED00060,42,7,7,8636036,20,3,5908448,6269405,68,1156
201908,SED00064,59,21,16,20386553,30,6,10872704,11805485,70,1197
201908,SED00066,0,0,0,0,0,0,0,0,1,-1
201908,SED00067,25,3,1,342352,12,1,1455133,181006,64,1187
201908,SED00068,0,0,0,0,0,0,0,0,1,-1
201908,SED00073,0,0,0,0,0,0,0,0,1,-1
201908,SED00074,0,0,0,0,0,0,0,0,1,-1
201908,SED00075,48,17,15,16101139,25,6,9247622,11015494,76,1043
201908,SED00076,0,0,0,0,0,0,0,0,1,-1
201908,SED00078,31,8,5,5498976,16,2,3140547,3634909,41,1145
201908,SED00079,25,0,0,0,16,0,0,0,53,945
201908,SED00080,0,0,0,0,0,0,0,0,1,-1
201908,SED00081,2,0,0,0,1,0,0,0,2,655
201908,SED00082,34,17,7,5880658,21,2,3063995,3362720,63,1171
201908,SED00085,0,0,0,0,0,0,0,0,1,-1
201908,SED00088,18,7,2,966912,11,1,1482391,539127,30,1163
201908,SED00089,0,0,0,0,0,0,0,0,1,-1
201908,SED00090,2,0,0,0,1,0,0,0,1,125
201908,SED00091,0,0,0,0,0,0,0,0,1,-1
201908,SED00099,0,0,0,0,0,0,0,0,1,-1
201908,SED00100,0,0,0,0,0,0,0,0,1,-1
201908,SED00102,0,0,0,0,0,0,0,0,2,-1
201908,SED00109,0,0,0,0,0,0,0,0,2,-1
201908,SED00114,33,13,8,6276290,15,3,5283723,4080993,61,1194
201908,SED00115,22,7,6,8205108,10,2,2490914,7439245,39,1029
201908,SED00116,18,3,0,0,9,0,0,0,23,869
201908,SED00117,37,17,10,8716991,17,4,10520777,5352629,63,1067
201908,SED00121,31,3,2,1890930,17,2,2971802,1605355,74,1141
201908,SED00122,0,0,0,0,0,0,0,0,1,-1
201908,SED00123,48,11,4,5317519,23,2,453520,3327602,91,1182
201908,SED00126,37,10,6,7883017,18,4,4924262,5699220,40,998
201908,SED00127,32,12,7,3211999,15,3,7920965,2523472,67,1198
201908,SED00128,50,15,8,8905150,23,4,4700966,6565446,61,1030
201908,SED00129,0,0,0,0,0,0,0,0,1,-1
201908,SED00130,21,4,2,1540581,10,2,1492757,831729,34,958
201908,SED00131,47,9,5,6502698,28,3,4775040,4131255,90,1127
201908,SED00133,58,9,5,8233738,39,2,3118085,5101630,144,1181
201908,SED00137,0,0,0,0,0,0,0,0,1,-1
201908,SED00140,47,13,4,6143136,25,1,2432413,2513168,72,1195
201908,SED00143,45,15,11,9276491,24,4,6078771,7076684,71,1076
201908,SED00144,36,8,4,4379272,18,3,5472270,3598376,63,985
201908,SED00146,28,13,13,5406664,10,4,8079565,3819518,26,1036
201908,SED00148,211,52,38,36973474,102,14,17613679,27698276,294,1199
201908,SED00152,20,5,3,3635460,13,1,1207794,2133363,32,1154
201908,SED00153,54,24,18,16654258,30,6,6875897,11126938,94,1061
201908,SED00158,0,0,0,0,0,0,0,0,1,-1
201908,SED00160,0,0,0,0,0,0,0,0,2,-1
201908,SED00161,30,7,6,6493952,14,3,5163134,4672603,48,1151
201908,SED00162,23,10,6,6820305,9,2,3432176,5871959,35,798
201908,SED00165,37,3,1,1664814,21,1,2415968,1330383,68,1188
201908,SED00166,59,16,6,5672537,27,4,4833869,4274197,74,1187
201908,SED00167,97,35,22,21716016,46,8,12062040,14956426,191,1129
201908,SED00169,19,6,0,0,13,0,0,0,43,1153
201908,SED00173,0,0,0,0,0,0,0,0,1,-1
201908,SED00174,16,8,4,5891496,10,1,958423,4577130,35,1155
201908,SED00178,0,0,0,0,0,0,0,0,1,-1
201908,SED00181,0,0,0,0,0,0,0,0,1,-1
201908,SED00182,82,23,15,23943585,40,7,14155245,19338277,135,1133
201908,SED00185,93,30,25,24213460,41,9,8320281,17147720,143,1163
201908,SED00192,25,5,3,3289251,13,1,1540220,1960113,32,1118
201908,SED00194,14,4,4,2964140,7,1,1874029,1200142,27,853
201908,SED00195,0,0,0,0,0,0,0,0,1,-1
201908,SED00196,0,0,0,0,0,0,0,0,1,-1
201908,SED00197,27,8,7,10291511,10,3,4483382,5505007,38,698
201908,SED00199,32,9,7,9324854,13,4,6758238,6683976,43,1172
201908,SED00200,0,0,0,0,0,0,0,0,1,-1
201908,SED00202,2,0,0,0,1,0,0,0,1,492
201908,SED00204,9,7,2,819240,6,1,501836,676500,44,1075
201908,SED00208,2,0,0,0,1,0,0,0,2,466
201908,SED00209,21,7,6,9597283,10,3,4284861,5756979,43,1171
201908,SED00210,58,21,17,12711572,26,7,11942013,7353547,71,1113
201908,SED00212,33,10,6,7719796,21,2,2244259,4278115,66,1181
201908,SED00213,36,9,6,10112250,21,2,2788358,5730921,70,1066
201908,SED00216,32,11,8,7673628,10,4,4586712,5361436,25,721
201908,SED00217,3,4,4,7748736,1,1,1603385,7190929,1,491
201908,SED00218,125,34,22,24056552,65,10,15495459,16664361,221,1196
201908,SED00219,47,10,6,6048068,26,3,4396418,3726642,75,1144
201908,SED00221,76,15,4,2282644,42,1,1196885,1848772,135,1144
201908,SED00223,70,11,4,3784442,39,2,3803280,3241206,147,1193
201908,SED00225,22,8,4,887496,12,1,548638,379246,57,990
201908,SED00227,49,18,10,12657412,25,3,7518940,9841513,61,1018
201908,SED00228,0,0,0,0,0,0,0,0,1,-1
201908,SED00230,0,0,0,0,0,0,0,0,1,-1
201908,SED00232,20,8,6,11847718,14,2,2316083,7016076,30,976
201908,SED00233,29,13,9,11686966,13,3,5242024,8755363,54,1143
201908,SED00237,0,0,0,0,0,0,0,0,1,-1
201908,SED00238,42,12,6,5134491,23,2,672568,2925020,81,1160
201908,SED00239,0,0,0,0,0,0,0,0,1,-1
201908,SED00240,60,20,16,15871072,29,5,7630477,12185485,81,1181
201908,SED00242,0,0,0,0,0,0,0,0,1,-1
201908,SED00244,12,0,0,0,9,0,0,0,29,1161
201908,SED00247,0,0,0,0,0,0,0,0,1,-1
201908,SED00251,37,10,4,4479964,22,1,2185220,4077983,75,1114
201908,SED00252,35,9,7,8121859,23,3,6848184,5123331,66,1159
201908,SED00259,30,9,6,4611148,17,4,6973967,2904799,63,1137
201908,SED00261,20,3,1,588716,15,1,1021147,423215,33,1166
201908,SED00262,0,0,0,0,0,0,0,0,2,-1
201908,SED00263,58,18,14,11910872,31,4,6666463,7616135,89,1188
201908,SED00265,16,6,6,8182899,6,2,2846721,4959217,28,1135
201908,SED00267,0,0,0,0,0,0,0,0,1,-1
201908,SED00268,0,0,0,0,0,0,0,0,1,-1
201908,SED00269,25,10,10,3731759,13,4,7107400,2655655,47,1074
201908,SED00270,19,1,0,0,11,0,0,0,32,1167
201908,SED00272,0,0,0,0,0,0,0,0,1,-1
201908,SED00273,98,33,22,19643483,51,8,9291930,14405457,167,1199
201908,SED00275,25,6,5,2264132,15,2,2326475,1309945,47,1048
201908,SED00276,48,23,16,10219579,23,6,6394021,7612753,99,1094
201908,SED00278,0,0,0,0,0,0,0,0,1,-1
201908,SED00285,56,21,14,15072240,28,4,6840433,12470334,68,1169
201908,SED00287,46,8,7,8695829,24,4,9478025,7486307,76,1146
201908,SED00292,0,0,0,0,0,0,0,0,1,-1
201908,SED00294,48,19,17,17535718,23,6,8657903,13601111,60,1125
201908,SED00295,62,12,9,11312785,33,4,6140682,7100304,93,1191
201908,SED00297,25,7,4,2594186,10,2,3573966,1540317,34,1010
201908,SED00299,52,15,12,17639962,26,5,8636813,10733098,75,1188
201908,SED00300,38,8,6,4626647,14,3,4198650,2854590,52,1148
201908,SED00302,37,11,6,5932740,25,2,4050399,3126830,78,1172
201908,SED00303,3,3,3,811089,1,1,874489,380792,1,553
201908,SED00304,36,15,10,6095920,13,5,10050311,3449411,56,1186
201908,SED00305,49,15,12,8720357,27,4,6112397,5286795,79,1090
201908,SED00306,51,12,7,7465986,23,4,6466310,4390594,73,1181
201908,SED00307,16,5,4,6393716,7,1,766519,5352440,23,1164
201908,SED00308,41,8,6,2917860,21,3,4550069,1697566,68,1186
201908,SED00311,24,4,4,4234816,16,2,1627418,2881892,49,1134
201908,SED00314,1,0,0,0,1,0,0,0,1,368
201908,SED00315,0,0,0,0,0,0,0,0,1,-1
201908,SED00318,19,1,1,686494,11,1,2388306,641740,46,1086
201908,SED00322,1,0,0,0,1,0,0,0,1,642
201908,SED00323,0,0,0,0,0,0,0,0,1,-1
201908,SED00324,1,0,0,0,1,0,0,0,1,598
201908,SED00331,73,13,11,6975062,31,5,5158984,4306044,103,1193
201908,SED00332,31,11,7,12246702,13,3,5179843,10896653,55,1153
201908,SED00337,47,18,16,22755440,23,7,14466638,14795510,69,1191
201908,SED00338,48,20,14,12534379,21,5,2450646,6913952,70,1180
201908,SED00340,2,0,0,0,1,0,0,0,1,1191
201908,SED00343,11,5,3,4007097,7,1,861891,2569990,31,518
201908,SED00344,0,0,0,0,0,0,0,0,1,-1
201908,SED00348,2,0,0,0,1,0,0,0,1,1190
201908,SED00350,0,0,0,0,0,0,0,0,1,-1
201908,SED00353,3,3,3,3633111,1,1,1421711,2752885,1,94
201908,SED00355,25,7,7,9014761,10,2,3516494,8500933,22,1196
201908,SED00356,12,2,0,0,8,0,0,0,29,1080
201908,SED00369,71,26,20,18250462,31,7,7418279,13331131,96,1194
201908,SED00370,0,0,0,0,0,0,0,0,1,-1
201908,SED00372,97,21,17,17102012,49,9,17102987,11296101,135,1154
201908,SED00379,64,23,17,15393114,28,7,10299184,8960931,82,1094
201908,SED00393,0,0,0,0,0,0,0,0,1,-1
201908,SED00394,41,19,11,5060635,21,4,8826265,2766128,52,1135
201908,SED00397,5,2,2,1444988,3,1,702917,886210,23,1166
201908,SED00398,17,2,0,0,10,0,0,0,30,987
201908,SED00400,0,0,0,0,0,0,0,0,1,-1
201908,SED00401,63,19,17,9933897,33,6,7055421,7549208,97,1172
201908,SED00402,0,0,0,0,0,0,0,0,1,-1
201908,SED00406,48,9,5,8733746,23,3,3838832,6565744,84,1170
201908,SED00407,0,0,0,0,0,0,0,0,1,-1
201908,SED00412,66,31,22,24727645,27,7,9695211,16439673,84,1043
201908,SED00416,35,11,9,10813809,19,3,4298707,6175698,59,1167
201908,SED00421,39,13,7,9687696,18,4,6620214,5416403,43,1091
201908,SED00425,79,14,7,6179357,41,3,4439636,5139387,146,1178
201908,SED00428,70,27,18,23904028,38,7,11357663,13123612,138,1073
201908,SED00430,13,2,0,0,8,0,0,0,27,1089
201908,SED00431,1,0,0,0,1,0,0,0,2,774
201908,SED00432,0,0,0,0,0,0,0,0,1,-1
201908,SED00434,13,4,2,3746894,6,1,281971,2273496,39,1109
201908,SED00441,43,18,13,15118555,23,4,6547617,11515022,65,1084
201908,SED00446,55,12,7,11549360,30,5,5419437,6732311,85,1168
201908,SED00447,66,16,10,12905908,32,5,8639034,10800309,85,1199
201908,SED00448,41,15,11,4589257,21,4,5438032,3214994,69,1183
201908,SED00449,69,23,18,18461088,35,6,8208652,13000349,122,1177
201908,SED00450,0,0,0,0,0,0,0,0,1,-1
201908,SED00453,41,10,5,1356491,21,3,3421073,1108660,65,1057
201908,SED00454,12,4,4,6357836,8,1,2892984,5102888,31,1105
201908,SED00455,0,0,0,0,0,0,0,0,1,-1
201908,SED00459,0,0,0,0,0,0,0,0,1,-1
201908,SED00460,43,14,7,7711661,23,3,5419898,3964509,53,1088
201908,SED00463,98,30,19,17206407,49,8,11967617,12013321,132,1141
201908,SED00464,2,0,0,0,1,0,0,0,1,961
201908,SED00467,1,0,0,0,1,0,0,0,1,742
201908,SED00468,101,28,17,10572474,53,8,13851314,6389108,182,1191
201908,SED00473,32,11,7,4406019,14,3,4966422,3027687,51,1165
201908,SED00475,0,0,0,0,0,0,0,0,2,-1
201908,SED00476,17,6,4,3967904,10,1,1533620,2333110,41,1162
201908,SED00477,27,9,7,9317644,15,3,2866979,6129401,50,1195
201908,SED00480,2,0,0,0,2,0,0,0,2,583
201908,SED00481,40,14,13,16757223,17,4,7323841,10369733,51,1027
201908,SED00482,36,12,7,6945859,21,3,6499632,4666020,63,1164
201908,SED00483,36,12,5,3549639,21,2,1543075,3061024,71,1198
201908,SED00485,30,9,7,4400318,12,3,5371638,3581873,32,1123
201908,SED00488,25,6,4,6545886,16,2,2294394,2948647,46,1188
201908,SED00489,29,6,5,6315687,13,2,2436127,4904924,31,1117
201908,SED00490,53,14,10,7683036,22,4,7761896,4924810,70,1179
201908,SED00493,0,0,0,0,0,0,0,0,1,-1
201908,SED00495,38,11,8,3132076,19,3,5379771,1952389,54,1095
201908,SED00497,22,11,10,9631406,9,3,6015874,7140202,32,1124
201908,SED00498,21,8,7,6906172,9,2,3456481,4102026,40,1033
201908,SED00499,0,0,0,0,0,0,0,0,1,-1
201908,SED00500,36,12,10,9593471,12,4,5264637,6039437,44,819
201908,SED00502,0,0,0,0,0,0,0,0,1,-1
201908,SED00506,27,6,4,2840224,14,1,1889066,1751784,42,1171
201908,SED00511,21,2,1,303837,10,1,1651134,232278,40,1170
201908,SED00516,39,11,10,7759046,20,5,6950784,5128417,65,1163
201908,SED00517,0,0,0,0,0,0,0,0,1,-1
201908,SED00519,44,10,9,5890764,28,3,2872267,2882321,70,995
201908,SED00521,57,23,19,11054357,28,7,8337778,6507430,83,1052
201908,SED00528,45,20,11,14455854,24,5,8726032,8314299,69,1120
201908,SED00531,0,0,0,0,0,0,0,0,1,-1
201908,SED00538,0,0,0,0,0,0,0,0,1,-1
201908,SED00540,0,0,0,0,0,0,0,0,1,-1
201908,SED00541,44,16,13,13797331,21,5,3819910,8824044,47,1110
201908,SED00544,20,3,3,5712048,15,1,379671,3667634,58,1172
201908,SED00547,0,0,0,0,0,0,0,0,1,-1
201908,SED00554,59,25,16,8576940,22,5,5295278,5363721,78,1176
201908,SED00555,19,12,8,7271998,11,3,5492848,5563245,40,1140
201908,SED00557,0,0,0,0,0,0,0,0,1,-1
201908,SED00560,2,0,0,0,1,0,0,0,1,658
201908,SED00561,12,2,2,3229904,5,1,2852550,2548685,23,1183
201908,SED00563,0,0,0,0,0,0,0,0,1,-1
201908,SED00565,49,14,8,12587803,25,4,5158507,9237198,77,1111
201908,SED00569,33,8,8,5991608,17,3,3552292,3871168,49,1070
201908,SED00570,3,1,0,0,1,0,0,0,1,339
201908,SED00571,19,9,4,5072676,9,2,4613519,4000690,35,1171
201908,SED00572,50,15,14,7551302,27,5,6955285,5620733,72,1039
201908,SED00573,41,19,15,3837345,19,5,8537601,2711843,63,1110
201908,SED00576,20,6,4,4994820,11,1,2186474,3504742,28,1154
201908,SED00578,41,21,8,5073228,22,3,3839866,4278158,60,1138
201908,SED00580,0,0,0,0,0,0,0,0,1,-1
201908,SED00581,19,4,3,5663592,9,1,975210,3212308,46,919
201908,SED00582,21,10,7,7913665,8,2,2913013,5132068,48,628
201908,SED00584,1,0,0,0,1,0,0,0,1,546
201908,SED00586,0,0,0,0,0,0,0,0,1,-1
201908,SED00587,33,7,3,3816145,18,2,4251222,2544936,75,1076
201908,SED00591,23,4,4,3127840,12,1,1989780,1375202,26,1193
201908,SED00593,137,33,26,24933073,75,9,12385480,17382093,218,1144
201908,SED00595,25,12,10,12911596,14,4,1882740,8721422,39,1156
201908,SED00596,0,0,0,0,0,0,0,0,1,-1
201908,SED00597,87,34,19,16809462,39,7,9163974,10118062,140,1170
201909,SED00002,1,0,0,0,1,0,0,0,1,996
201909,SED00003,21,2,2,2100091,9,2,5546715,1108111,31,1047
201909,SED00005,20,6,4,2501020,10,1,844776,1693794,40,1035
201909,SED00007,0,0,0,0,0,0,0,0,1,-1
201909,SED00009,89,34,30,22019201,44,11,14178249,15813693,133,1090
201909,SED00010,41,7,4,3231635,21,2,4218519,2004405,60,1144
201909,SED00011,22,8,4,4438966,13,2,1448093,2287571,46,1158
201909,SED00013,3,1,0,0,1,0,0,0,1,745
201909,SED00015,48,6,6,8438816,25,3,3320604,6359897,70,1136
201909,SED00021,46,18,15,20365514,21,5,6336689,12066088,75,1171
201909,SED00026,27,14,10,10130102,12,4,6277477,5201131,56,1136
201909,SED00029,35,12,9,13115103,18,3,2697985,6169475,48,1162
201909,SED00034,0,0,0,0,0,0,0,0,1,-1
201909,SED00035,32,17,12,4677415,13,4,5897496,3208867,41,1153
201909,SED00038,25,17,15,21118666,13,4,4672717,16016895,31,1178
201909,SED00042,2,2,0,0,1,0,0,0,1,364
201909,SED00045,0,0,0,0,0,0,0,0,1,-1
201909,SED00051,36,13,6,6663714,16,2,2218677,5099448,56,1147
201909,SED00053,0,0,0,0,0,0,0,0,1,-1
201909,SED00056,48,10,5,2322283,23,3,4430217,1447066,56,1107
201909,SED00058,0,0,0,0,0,0,0,0,1,-1
201909,SED00060,41,16,7,6348340,21,2,3935088,4095680,77,1096
201909,SED00064,88,24,15,17733734,37,7,11347213,11830715,83,1190
201909,SED00065,0,0,0,0,0,0,0,0,1,-1
201909,SED00067,24,9,4,4540164,13,1,1962094,4299592,57,974
201909,SED00068,0,0,0,0,0,0,0,0,1,-1
201909,SED00071,0,0,0,0,0,0,0,0,1,-1
201909,SED00075,43,9,9,12874677,20,3,4670271,11038904,68,1074
201909,SED00078,29,6,3,5431479,13,1,1138053,4276812,44,1105
201909,SED00079,31,20,17,22697453,15,5,6952903,14479000,49,1099
201909,SED00082,25,5,4,5579118,11,2,4447053,3090853,54,836
201909,SED00088,14,5,0,0,7,0,0,0,20,736
201909,SED00093,0,0,0,0,0,0,0,0,1,-1
201909,SED00096,1,0,0,0,1,0,0,0,2,551
201909,SED00100,2,0,0,0,1,0,0,0,1,346
201909,SED00103,0,0,0,0,0,0,0,0,1,-1
201909,SED00114,23,2,0,0,13,0,0,0,46,1126
201909,SED00115,25,12,12,14049790,11,4,7492515,9434056,33,1026
201909,SED00116,14,8,7,1573078,8,2,696509,901140,30,1018
201909,SED00117,52,16,4,3700429,23,3,3990502,3013917,65,1183
201909,SED00118,0,0,0,0,0,0,0,0,1,-1
201909,SED00119,0,0,0,0,0,0,0,0,1,-1
201909,SED00120,0,0,0,0,0,0,0,0,1,-1
201909,SED00121,43,6,5,4140182,22,2,3236948,2507200,85,1199
201909,SED00123,59,19,15,12473301,25,6,6008377,9217210,88,1174
201909,SED00126,31,13,5,1333331,11,2,2530895,779687,63,945
201909,SED00127,39,19,14,8566037,17,5,5326792,5210350,78,1042
201909,SED00128,25,8,8,8886384,12,2,2125586,7408784,40,976
201909,SED00130,13,0,0,0,8,0,0,0,38,934
201909,SED00131,49,10,7,7144507,26,4,8021170,5405429,99,1158
201909,SED00133,103,26,12,18369385,52,5,6615716,10600740,143,1182
201909,SED00136,1,0,0,0,1,0,0,0,1,849
201909,SED00137,0,0,0,0,0,0,0,0,1,-1
201909,SED00139,0,0,0,0,0,0,0,0,1,-1
201909,SED00140,46,15,10,9238680,22,4,6287064,6082576,62,1148
201909,SED00143,35,11,9,8850329,23,3,4239839,7276167,71,1006
201909,SED00144,47,19,15,18359029,26,9,13336581,14581050,68,1097
201909,SED00146,18,6,0,0,10,0,0,0,36,1186
201909,SED00147,0,0,0,0,0,0,0,0,1,-1
201909,SED00148,168,43,26,35500054,85,12,22176894,24882697,267,1199
201909,SED00149,0,0,0,0,0,0,0,0,1,-1
201909,SED00150,0,0,0,0,0,0,0,0,1,-1
201909,SED00152,21,4,4,3796856,13,1,2123443,3306918,41,1016
201909,SED00153,49,13,3,1122018,26,1,2175563,600265,86,1129
201909,SED00161,27,8,2,777578,14,1,439684,362444,39,1153
201909,SED00162,16,7,6,7665897,8,2,3048993,7102158,31,1057
201909,SED00165,31,7,6,5079354,18,2,1331013,2467106,74,1115
201909,SED00166,28,7,4,619640,17,1,1047414,346095,75,1183
201909,SED00167,124,36,29,33406914,56,12,21875418,23664981,192,1184
201909,SED00169,13,2,0,0,8,0,0,0,28,818
201909,SED00174,25,6,4,4083376,12,1,486111,3455923,25,1149
201909,SED00176,1,0,0,0,1,0,0,0,2,1037
201909,SED00180,1,0,0,0,1,0,0,0,1,557
201909,SED00182,70,19,12,13054919,34,5,11956651,9754843,153,1173
201909,SED00185,90,35,22,25040822,46,9,14820878,14883893,150,1197
201909,SED00186,0,0,0,0,0,0,0,0,1,-1
201909,SED00187,5,1,1,955222,1,1,2669361,684150,1,192
201909,SED00190,0,0,0,0,0,0,0,0,1,-1
201909,SED00192,14,3,0,0,9,0,0,0,40,1012
201909,SED00194,15,7,7,8078043,7,3,2858534,6543260,22,844
201909,SED00197,22,13,10,10420202,13,3,6658586,7233248,46,1138
201909,SED00199,22,10,5,5971609,12,2,999124,3267171,56,856
201909,SED00202,0,0,0,0,0,0,0,0,1,-1
201909,SED00204,21,8,4,3897992,12,1,1527617,1925708,40,1196
201909,SED00208,1,0,0,0,1,0,0,0,2,421
201909,SED00209,27,4,1,1706684,16,1,234338,1367161,48,1116
201909,SED00210,34,5,2,2178502,14,2,3592786,907365,70,1164
201909,SED00212,53,21,17,18252366,25,7,8803764,12523650,72,1118
201909,SED00213,63,24,13,15149106,24,7,10915083,11748551,66,934
201909,SED00216,25,6,6,8868408,12,2,4088564,4873954,32,1121
201909,SED00217,0,0,0,0,0,0,0,0,2,-1
201909,SED00218,154,64,45,47118914,73,15,15633571,31401937,219,1165
201909,SED00219,38,13,0,0,24,0,0,0,89,1097
201909,SED00221,77,29,24,19680646,31,9,13821528,11815023,126,1181
201909,SED00223,67,22,15,12723009,42,5,7208851,10031784,152,1125
201909,SED00225,34,8,6,6098511,14,3,4168211,3550622,45,1146
201909,SED00227,51,15,10,13096167,25,4,3787859,8382842,88,1128
201909,SED00229,0,0,0,0,0,0,0,0,1,-1
201909,SED00231,0,0,0,0,0,0,0,0,1,-1
201909,SED00232,16,5,3,931767,7,1,2882143,485696,36,657
201909,SED00233,23,2,1,819471,13,1,970631,736940,48,860
201909,SED00238,26,8,3,2377494,16,1,460367,1774111,75,1159
201909,SED00240,36,12,6,1992799,19,3,3778065,1665674,73,1129
201909,SED00244,17,0,0,0,9,0,0,0,34,1145
201909,SED00247,0,0,0,0,0,0,0,0,1,-1
201909,SED00250,0,0,0,0,0,0,0,0,1,-1
201909,SED00251,71,30,20,30112050,35,8,9808595,20905000,75,1190
201909,SED00252,31,9,5,2585594,17,3,7870725,1755394,71,1188
201909,SED00253,0,0,0,0,0,0,0,0,1,-1
201909,SED00254,1,0,0,0,1,0,0,0,1,1155
201909,SED00255,0,0,0,0,0,0,0,0,1,-1
201909,SED00256,2,1,1,413903,1,1,301731,201164,1,128
201909,SED00259,29,20,16,14053510,15,5,8983299,9764180,67,998
201909,SED00261,18,8,3,3137205,10,1,1237216,2467806,32,1006
201909,SED00263,38,10,7,7984224,20,3,6243071,4478046,66,1054
201909,SED00265,25,4,3,4254521,12,2,3861293,3175776,32,1106
201909,SED00269,20,4,3,4990080,10,1,2690978,3782796,32,1022
201909,SED00270,22,9,2,2154700,10,1,2453613,1126268,27,874
201909,SED00272,0,0,0,0,0,0,0,0,1,-1
201909,SED00273,85,31,16,17835821,46,5,8071635,14766876,122,1178
201909,SED00275,24,6,2,2593540,14,1,379756,1673094,43,1086
201909,SED00276,47,11,8,12730341,25,4,4557363,9590238,93,1103
201909,SED00278,1,0,0,0,1,0,0,0,1,894
201909,SED00283,0,0,0,0,0,0,0,0,1,-1
201909,SED00284,2,0,0,0,1,0,0,0,1,541
201909,SED00285,51,15,9,12435293,26,4,4374570,8312757,67,1154
201909,SED00287,42,14,10,15308926,19,4,7751169,12233450,59,1033
201909,SED00294,26,5,4,7381016,15,1,510412,3522196,85,1128
201909,SED00295,43,19,16,19131585,23,5,7465667,13022730,75,908
201909,SED00297,19,8,6,6479320,7,2,1913002,4367182,30,880
201909,SED00299,59,19,9,8123658,30,4,6267217,6568326,91,1193
201909,SED00300,36,14,12,13104082,15,4,6779984,9101040,43,1176
201909,SED00302,39,17,15,13572336,22,5,8839119,8095818,74,1153
201909,SED00304,19,6,4,4823356,13,1,1382959,3918688,43,1098
201909,SED00305,50,16,12,14992201,25,5,6624513,11343724,67,1187
201909,SED00306,25,6,3,4960794,14,1,1063489,2075551,66,1159
201909,SED00307,13,5,4,5334700,7,1,1088789,4555132,29,1190
201909,SED00308,35,4,2,2013472,21,1,242606,1186978,58,1189
201909,SED00311,36,8,8,8776269,14,4,6566350,5922145,46,1118
201909,SED00318,21,9,7,4847450,10,3,2981015,2141983,41,1145
201909,SED00323,2,0,0,0,1,0,0,0,2,1011
201909,SED00331,61,21,17,16895205,29,6,11269739,12895723,98,1110
201909,SED00332,34,15,9,4217851,14,4,5480678,2932716,52,1036
201909,SED00337,46,6,3,1821868,26,2,2495005,1367047,78,1160
201909,SED00338,56,19,11,6538836,25,4,5031085,4338512,76,1184
201909,SED00343,27,10,8,13754731,9,3,5701233,7676006,35,1047
201909,SED00346,0,0,0,0,0,0,0,0,1,-1
201909,SED00351,1,0,0,0,1,0,0,0,1,728
201909,SED00353,0,0,0,0,0,0,0,0,1,-1
201909,SED00355,19,4,4,6009492,7,2,2409598,3203674,30,1074
201909,SED00356,18,1,1,258283,9,1,1554028,198658,29,1127
201909,SED00358,0,0,0,0,0,0,0,0,1,-1
201909,SED00361,0,0,0,0,0,0,0,0,1,-1
201909,SED00367,0,0,0,0,0,0,0,0,1,-1
201909,SED00369,64,15,11,12894734,31,4,5647606,9434922,98,1166
201909,SED00370,0,0,0,0,0,0,0,0,1,-1
201909,SED00371,0,0,0,0,0,0,0,0,1,-1
201909,SED00372,86,27,17,9990046,42,8,10653953,6656934,141,1197
201909,SED00377,0,0,0,0,0,0,0,0,1,-1
201909,SED00378,0,0,0,0,0,0,0,0,1,-1
201909,SED00379,36,12,9,10244784,21,3,5487660,7247742,70,1027
201909,SED00382,1,2,0,0,1,0,0,0,1,721
201909,SED00386,0,0,0,0,0,0,0,0,1,-1
201909,SED00390,0,0,0,0,0,0,0,0,2,-1
201909,SED00394,37,11,11,9775779,12,4,4530828,6237877,49,936
201909,SED00396,0,0,0,0,0,0,0,0,1,-1
201909,SED00397,15,1,1,1382624,7,1,1796308,1007387,26,889
201909,SED00398,31,14,10,11736738,12,3,5384640,7820331,38,1145
201909,SED00399,0,0,0,0,0,0,0,0,1,-1
201909,SED00401,46,6,3,4724922,24,1,1684234,2611030,81,1187
201909,SED00404,0,0,0,0,0,0,0,0,1,-1
201909,SED00405,0,0,0,0,0,0,0,0,1,-1
201909,SED00406,69,26,17,14128983,37,7,10270582,10032345,90,1128
201909,SED00408,0,0,0,0,0,0,0,0,2,-1
201909,SED00412,52,22,7,7987582,28,3,4417790,5834835,93,1087
201909,SED00414,4,1,1,1007818,2,1,1468186,631762,2,958
201909,SED00415,2,1,1,772018,1,1,1709614,398733,1,537
201909,SED00416,26,8,3,4149843,18,1,2033776,2973454,65,1108
201909,SED00419,1,0,0,0,1,0,0,0,1,1103
201909,SED00420,1,0,0,0,1,0,0,0,1,1161
201909,SED00421,41,16,13,15919828,18,4,5605528,12467955,53,1192
201909,SED00424,1,0,0,0,1,0,0,0,2,220
201909,SED00425,83,30,17,15313963,39,7,9653931,9677806,129,1160
201909,SED00427,0,0,0,0,0,0,0,0,1,-1
201909,SED00428,96,31,21,24791665,42,8,8915846,18338943,126,1182
201909,SED00430,21,9,5,4978435,9,2,5005267,4221682,35,1142
201909,SED00434,32,19,15,21835513,15,5,8826084,17653479,35,1135
201909,SED00441,40,10,7,5757297,19,4,4016087,4532238,56,1109
201909,SED00443,0,0,0,0,0,0,0,0,1,-1
201909,SED00446,41,10,9,6296391,24,3,6065911,4217175,66,901
201909,SED00447,64,25,17,19724951,31,7,12037360,14224743,68,1167
201909,SED00448,31,7,4,4183460,18,2,4264105,2474237,66,1195
201909,SED00449,92,18,12,13646487,43,5,6424124,9703701,133,1188
201909,SED00453,43,15,11,16707095,19,4,5742964,11541035,81,1175
201909,SED00454,26,11,5,1884068,9,2,5443705,1274167,30,879
201909,SED00460,35,7,4,960582,20,2,2894498,467320,65,1126
201909,SED00463,68,16,1,400002,40,1,479908,295343,136,1162
201909,SED00464,0,0,0,0,0,0,0,0,1,-1
201909,SED00468,148,41,20,16979590,72,9,13821727,11260033,244,1195
201909,SED00473,11,3,1,122288,6,1,416804,99126,44,1132
201909,SED00476,26,5,3,3218623,16,2,4146973,2237382,53,948
201909,SED00477,18,7,4,1679958,11,2,2801472,1440753,47,1142
201909,SED00481,41,18,17,21237402,15,5,6149807,11593834,47,1132
201909,SED00482,51,19,11,8198507,22,4,4524891,5888672,72,1184
201909,SED00483,49,12,4,5382633,27,2,3683630,2852020,86,1197
201909,SED00485,14,2,2,3233324,7,1,511181,1483309,24,973
201909,SED00488,36,11,9,7324471,17,3,5935473,5565878,47,1152
201909,SED00489,31,6,5,6135603,13,2,3060001,4313590,36,831
201909,SED00490,39,10,7,6530800,22,2,3945540,4457527,79,1193
201909,SED00491,0,0,0,0,0,0,0,0,2,-1
201909,SED00492,0,0,0,0,0,0,0,0,1,-1
201909,SED00493,0,0,0,0,0,0,0,0,1,-1
201909,SED00495,36,7,4,3326438,15,2,2748972,1686374,47,785
201909,SED00497,15,6,4,1474904,8,1,375408,1207707,30,1137
201909,SED00498,37,8,3,2699560,17,2,2730550,1330244,48,1157
201909,SED00500,37,16,11,16523996,15,3,4205049,14629670,47,1147
201909,SED00503,0,0,0,0,0,0,0,0,1,-1
201909,SED00506,31,12,7,8655131,20,4,6897884,5928973,58,1134
201909,SED00509,2,0,0,0,1,0,0,0,1,408
201909,SED00511,20,4,4,1956148,12,1,363866,1489966,36,1186
201909,SED00514,0,0,0,0,0,0,0,0,1,-1
201909,SED00516,61,25,21,22060345,32,8,8969686,16833623,85,1119
201909,SED00517,0,0,0,0,0,0,0,0,1,-1
201909,SED00519,42,8,8,6869045,14,4,8880520,3509224,72,1150
201909,SED00521,29,14,12,16656263,16,4,7378528,9964483,64,1185
201909,SED00528,53,19,17,21371550,26,6,7297737,11713925,85,1154
201909,SED00531,0,0,0,0,0,0,0,0,1,-1
201909,SED00536,2,1,1,539301,1,1,2228881,509797,1,465
201909,SED00539,0,0,0,0,0,0,0,0,1,-1
201909,SED00540,0,0,0,0,0,0,0,0,1,-1
201909,SED00541,32,8,8,6875168,16,4,4733007,5906359,50,1190
201909,SED00544,29,11,4,3171540,16,1,1774470,1756944,61,879
201909,SED00545,0,0,0,0,0,0,0,0,2,-1
201909,SED00548,3,3,3,508626,1,1,1503003,239283,1,244
201909,SED00552,0,0,0,0,0,0,0,0,1,-1
201909,SED00554,26,4,2,2880862,14,1,1343363,1424083,60,1196
201909,SED00555,22,5,2,3866504,10,1,2299825,2595215,45,1125
201909,SED00561,15,6,3,5026185,11,1,580981,2745436,27,795
201909,SED00564,2,0,0,0,1,0,0,0,1,457
201909,SED00565,48,15,12,10357898,21,5,6733850,8007617,73,1197
201909,SED00566,0,0,0,0,0,0,0,0,1,-1
201909,SED00568,0,0,0,0,0,0,0,0,1,-1
201909,SED00569,16,3,2,357808,7,1,1090185,153048,27,955
201909,SED00571,22,3,0,0,13,0,0,0,29,1155
201909,SED00572,32,15,4,5454112,19,1,1995033,5073045,73,1168
201909,SED00573,61,16,14,12672056,26,5,6414153,8861752,77,1144
201909,SED00575,0,0,0,0,0,0,0,0,1,-1
201909,SED00576,16,2,2,3110884,5,2,572027,2041030,20,1177
201909,SED00578,29,12,5,4067811,15,3,5676893,3238978,62,1152
201909,SED00581,31,10,10,8483346,18,4,6442962,6952518,50,1130
201909,SED00582,43,23,16,24127377,18,6,5536420,17732530,47,1148
201909,SED00587,50,20,14,9578552,24,5,7147360,6986650,77,1166
201909,SED00589,0,0,0,0,0,0,0,0,1,-1
201909,SED00590,2,0,0,0,1,0,0,0,2,587
201909,SED00591,21,10,4,6251960,11,1,2240702,5367228,32,864
201909,SED00593,166,53,40,39449261,80,15,27633593,29900981,209,1197
201909,SED00594,0,0,0,0,0,0,0,0,1,-1
201909,SED00595,30,7,3,2449089,16,2,803276,1642507,45,1164
201909,SED00597,71,26,11,12516488,37,5,8221606,9450301,127,1158
201909,SED00599,0,0,0,0,0,0,0,0,1,-1
201909,SED00600,0,0,0,0,0,0,0,0,1,-1
201910,SED00003,19,7,4,3572066,9,2,4183314,2257940,27,1181
201910,SED00005,18,6,4,3969732,9,1,2790364,3503322,35,1098
201910,SED00009,92,25,17,20321177,44,7,13096871,11000184,146,1188
201910,SED00010,23,2,0,0,14,0,0,0,39,1187
201910,SED00011,21,3,1,767621,10,1,1151076,579815,40,1019
201910,SED00015,47,11,4,2737027,22,3,3748914,1410510,74,1164
201910,SED00021,47,13,6,6243218,22,3,4335323,5152778,58,1122
201910,SED00023,0,0,0,0,0,0,0,0,1,-1
201910,SED00026,18,6,3,4954182,11,1,1292866,3972011,48,1002
201910,SED00027,0,0,0,0,0,0,0,0,1,-1
201910,SED00029,30,11,7,7751669,13,3,6617218,3541040,40,1198
201910,SED00033,1,0,0,0,1,0,0,0,1,997
201910,SED00035,21,7,4,5834512,12,1,1810641,4484557,39,974
201910,SED00037,0,0,0,0,0,0,0,0,1,-1
201910,SED00038,9,1,0,0,6,0,0,0,31,871
201910,SED00044,0,0,0,0,0,0,0,0,1,-1
201910,SED00047,0,0,0,0,0,0,0,0,1,-1
201910,SED00051,48,14,10,11942243,20,4,5844740,10115206,54,1051
201910,SED00053,0,0,0,0,0,0,0,0,1,-1
201910,SED00056,30,8,8,7692226,14,3,5781739,6366552,54,1192
201910,SED00057,0,0,0,0,0,0,0,0,1,-1
201910,SED00059,3,2,2,3037184,1,1,2718555,1249208,1,44
201910,SED00060,19,12,10,14760680,12,3,3783123,11675971,55,1199
201910,SED00064,37,15,9,11108196,19,3,2388530,8913558,56,1093
201910,SED00067,35,2,1,1949720,18,1,2631310,1204174,67,1169
201910,SED00068,0,0,0,0,0,0,0,0,1,-1
201910,SED00070,0,0,0,0,0,0,0,0,1,-1
201910,SED00074,0,0,0,0,0,0,0,0,1,-1
201910,SED00075,32,14,8,6057714,17,3,5194488,4877609,66,1149
201910,SED00076,3,0,0,0,1,0,0,0,1,716
201910,SED00078,42,15,12,15921486,19,5,4047027,9115374,63,1139
201910,SED00079,28,7,4,5054682,11,2,4709608,2653180,40,1060
201910,SED00082,44,13,8,12451652,25,2,694550,9433660,77,1151
201910,SED00088,10,0,0,0,6,0,0,0,25,1078
201910,SED00095,0,0,0,0,0,0,0,0,1,-1
201910,SED00111,2,0,0,0,1,0,0,0,1,830
201910,SED00114,45,12,9,2515309,18,4,6884978,1737714,45,1195
201910,SED00115,9,3,3,3945204,5,1,613043,2096344,28,892
201910,SED00116,24,7,5,4773017,9,3,4608879,3597770,29,895
201910,SED00117,48,18,8,4594321,23,4,9325495,3063051,81,988
201910,SED00118,0,0,0,0,0,0,0,0,1,-1
201910,SED00120,2,0,0,0,1,0,0,0,1,243
201910,SED00121,38,9,5,3696769,22,2,2842082,2446057,77,1122
201910,SED00123,39,7,6,6942675,18,4,7798464,5899628,65,1152
201910,SED00126,29,15,12,14040992,13,3,5176412,9544681,45,1190
201910,SED00127,43,20,16,21370069,22,6,11373727,14933222,68,1146
201910,SED00128,25,5,1,775969,11,1,1264133,634045,44,895
201910,SED00130,46,19,13,11586974,18,4,3386665,7419605,42,1070
201910,SED00131,42,5,2,2485892,25,1,2302577,1854905,93,1199
201910,SED00132,0,0,0,0,0,0,0,0,1,-1
201910,SED00133,88,28,17,23535462,50,7,12239282,18188994,156,1198
201910,SED00136,0,0,0,0,0,0,0,0,1,-1
201910,SED00139,0,0,0,0,0,0,0,0,1,-1
201910,SED00140,45,13,11,10030359,24,6,9959644,6045574,64,1171
201910,SED00143,28,12,4,7016804,18,1,1342717,4559917,73,1153
201910,SED00144,30,2,1,1480494,17,1,238512,1272988,69,1110
201910,SED00146,18,9,7,10041215,6,3,2591289,8547461,23,1006
201910,SED00148,186,58,42,51442600,90,15,23450298,36854498,276,1158
201910,SED00152,24,9,9,9359087,12,3,3522460,6919164,33,1095
201910,SED00153,43,15,3,3500811,27,2,3613366,2492712,89,1111
201910,SED00155,0,0,0,0,0,0,0,0,1,-1
201910,SED00161,25,7,7,8194365,11,5,9580632,5049997,48,908
201910,SED00162,19,1,1,1670266,10,1,1955388,687064,35,1133
201910,SED00165,47,17,11,11127128,23,4,8472821,8809110,67,1163
201910,SED00166,27,3,0,0,16,0,0,0,68,1193
201910,SED00167,132,46,37,42533646,57,15,28416612,30469003,206,1139
201910,SED00168,2,0,0,0,1,0,0,0,1,553
201910,SED00169,28,10,6,4729904,15,2,2244921,2857943,48,1085
201910,SED00172,0,0,0,0,0,0,0,0,1,-1
201910,SED00173,0,0,0,0,0,0,0,0,1,-1
201910,SED00174,21,8,3,1934097,10,1,2358067,1032394,31,1166
201910,SED00177,2,0,0,0,1,0,0,0,1,847
201910,SED00179,0,0,0,0,0,0,0,0,1,-1
201910,SED00181,0,0,0,0,0,0,0,0,1,-1
201910,SED00182,80,14,9,12061767,47,4,9628619,9414637,134,1173
201910,SED00185,70,17,7,6834338,35,4,9233787,3881513,148,1159
201910,SED00189,0,0,0,0,0,0,0,0,1,-1
201910,SED00191,3,0,0,0,1,0,0,0,1,182
201910,SED00192,35,12,9,7653665,15,4,6456629,4149063,46,1169
201910,SED00194,10,2,0,0,7,0,0,0,30,1178
201910,SED00195,1,0,0,0,1,0,0,0,1,140
201910,SED00197,24,10,7,4096152,15,2,1737041,3791312,34,800
201910,SED00199,27,14,10,10476054,16,4,7552148,5698099,30,1148
201910,SED00201,0,0,0,0,0,0,0,0,1,-1
201910,SED00204,31,7,5,7528510,13,2,2641040,4656760,50,1048
201910,SED00205,1,1,0,0,1,0,0,0,2,154
201910,SED00209,40,15,13,18758574,14,4,8816260,11742578,47,1083
201910,SED00210,29,11,10,12440893,13,3,4032854,7600995,53,1128
201910,SED00211,2,0,0,0,1,0,0,0,1,252
201910,SED00212,47,13,9,14162556,23,4,4580893,12001780,77,1029
201910,SED00213,54,16,11,12575437,27,4,5701603,6527360,80,1166
201910,SED00215,0,0,0,0,0,0,0,0,1,-1
201910,SED00216,25,15,9,11499233,13,3,5143425,8405819,32,664
201910,SED00218,143,42,29,30031892,70,13,22013517,21945018,218,1197
201910,SED00219,52,15,7,5665800,26,3,5762482,3860761,64,1007
201910,SED00221,72,25,17,16409993,38,6,4456813,11079595,140,1128
201910,SED00223,77,18,8,10552610,45,3,6208592,7337331,134,1193
201910,SED00225,31,11,8,10752864,16,3,4222133,7620899,53,1173
201910,SED00227,39,11,6,8362546,23,3,5222420,4795505,63,1122
201910,SED00232,19,12,10,10465578,11,3,4187068,9037912,31,1175
201910,SED00233,35,12,7,6205514,20,3,6330657,3721072,49,1125
201910,SED00235,2,0,0,0,1,0,0,0,1,567
201910,SED00236,2,0,0,0,1,0,0,0,1,391
201910,SED00238,66,13,8,5591846,32,4,2286050,3723141,77,1174
201910,SED00239,0,0,0,0,0,0,0,0,1,-1
201910,SED00240,48,15,14,14284196,21,6,12348403,9088070,76,1192
201910,SED00244,13,4,2,1374678,9,1,1163438,909755,30,1190
201910,SED00251,38,6,5,7332444,22,3,4466976,4812874,72,1182
201910,SED00252,34,5,4,2005563,20,2,4309452,1563196,76,1159
201910,SED00255,0,0,0,0,0,0,0,0,1,-1
201910,SED00257,0,0,0,0,0,0,0,0,1,-1
201910,SED00259,32,8,4,3840619,21,3,5690909,2661758,62,1171
201910,SED00261,17,4,0,0,11,0,0,0,34,1189
201910,SED00263,66,14,12,12105084,27,5,7451783,8266416,76,1145
201910,SED00264,0,0,0,0,0,0,0,0,1,-1
201910,SED00265,21,9,4,2921648,11,1,193278,2717417,28,1144
201910,SED00266,0,0,0,0,0,0,0,0,1,-1
201910,SED00269,34,12,6,7273434,15,2,4069716,4710454,49,776
201910,SED00270,6,2,0,0,5,0,0,0,26,1193
201910,SED00273,88,23,16,17490082,42,6,6892163,10800115,145,1158
201910,SED00275,35,5,4,2480669,18,2,3986563,2244260,49,1084
201910,SED00276,56,22,14,18519544,28,5,4821745,12560629,111,1117
201910,SED00281,0,0,0,0,0,0,0,0,1,-1
201910,SED00285,60,12,9,9647220,29,3,4060809,7044587,74,1094
201910,SED00287,47,19,10,8768443,25,3,6942083,5585297,71,1032
201910,SED00294,27,5,4,6702524,14,1,2271590,5725796,52,1078
201910,SED00295,49,10,6,9054114,24,3,4744608,6413473,70,1194
201910,SED00297,26,12,11,19450728,10,4,6039258,13804926,33,1172
201910,SED00299,43,15,9,7528822,21,3,5607493,5907118,68,867
201910,SED00300,18,2,0,0,12,0,0,0,50,1096
201910,SED00302,16,1,0,0,10,0,0,0,59,920
201910,SED00304,29,10,7,3307308,12,3,5413735,1910117,46,1171
201910,SED00305,44,14,7,3301408,20,2,5727554,2125523,64,1161
201910,SED00306,40,15,15,20021211,19,5,7168495,14570833,56,1177
201910,SED00307,7,1,0,0,6,0,0,0,22,1014
201910,SED00308,26,6,1,919763,13,1,1699386,579133,78,1109
201910,SED00311,40,9,3,4120407,20,3,4419983,2415245,52,1185
201910,SED00318,31,8,8,11925688,14,4,6607281,8082076,33,1097
201910,SED00326,0,0,0,0,0,0,0,0,1,-1
201910,SED00328,0,0,0,0,0,0,0,0,1,-1
201910,SED00331,62,20,13,14044821,31,4,2628850,11410774,99,1179
201910,SED00332,15,1,0,0,10,0,0,0,42,1182
201910,SED00334,1,0,0,0,1,0,0,0,1,280
201910,SED00336,0,0,0,0,0,0,0,0,1,-1
201910,SED00337,43,7,3,1447130,22,3,2084565,1251105,67,1122
201910,SED00338,37,17,16,16908286,21,6,7570667,11727718,67,1195
201910,SED00339,0,0,0,0,0,0,0,0,1,-1
201910,SED00341,7,1,1,1145393,1,1,2766039,950362,1,382
201910,SED00343,27,13,12,12088290,11,4,7121971,6337802,31,1025
201910,SED00344,0,0,0,0,0,0,0,0,1,-1
201910,SED00355,15,3,0,0,9,0,0,0,29,972
201910,SED00356,12,2,2,2656608,6,2,1824205,1908191,32,1012
201910,SED00357,0,0,0,0,0,0,0,0,1,-1
201910,SED00359,2,2,0,0,1,0,0,0,1,421
201910,SED00363,0,0,0,0,0,0,0,0,1,-1
201910,SED00364,2,0,0,0,1,0,0,0,2,230
201910,SED00369,51,16,11,7035933,29,4,4887665,3767534,92,1199
201910,SED00370,2,0,0,0,1,0,0,0,1,620
201910,SED00372,82,21,14,16131846,39,6,10417103,12302196,144,1196
201910,SED00376,3,4,4,7871164,2,1,134275,6803022,2,573
201910,SED00377,1,0,0,0,1,0,0,0,1,678
201910,SED00379,37,4,1,1380602,24,1,2955070,642560,98,1132
201910,SED00381,0,0,0,0,0,0,0,0,1,-1
201910,SED00384,0,0,0,0,0,0,0,0,1,-1
201910,SED00387,0,0,0,0,0,0,0,0,1,-1
201910,SED00389,2,3,3,2908392,1,1,2219244,2518574,1,184
201910,SED00394,29,8,3,2616342,16,1,580699,1521399,47,1195
201910,SED00397,6,0,0,0,4,0,0,0,21,780
201910,SED00398,12,2,2,3866854,5,1,2800865,3629327,29,940
201910,SED00401,43,12,9,13316128,24,3,4556509,9309982,74,1060
201910,SED00406,57,21,13,17011238,31,4,5055485,10483645,100,984
201910,SED00410,2,0,0,0,1,0,0,0,2,405
201910,SED00412,36,11,5,5626317,17,2,4321242,3939683,61,1160
201910,SED00413,0,0,0,0,0,0,0,0,1,-1
201910,SED00416,45,17,15,14656506,23,4,4369423,11812261,74,1193
201910,SED00421,17,2,2,223620,8,1,1267241,129388,39,1008
201910,SED00425,84,22,20,19592117,45,7,10990994,14335407,153,1174
201910,SED00427,0,0,0,0,0,0,0,0,1,-1
201910,SED00428,81,19,15,17219622,36,6,10320128,9721817,134,1192
201910,SED00430,36,16,7,10682728,16,2,1947244,7912668,45,1154
201910,SED00434,13,7,4,2051944,7,1,1787951,1348934,38,878
201910,SED00441,47,14,9,15164293,23,4,5032718,12631378,76,996
201910,SED00442,0,0,0,0,0,0,0,0,1,-1
201910,SED00443,0,0,0,0,0,0,0,0,1,-1
201910,SED00446,33,13,6,8199973,18,3,4330967,4849954,79,1198
201910,SED00447,49,10,9,5022333,22,3,5188529,3244479,66,1143
201910,SED00448,30,10,9,3843683,14,3,5126076,2292679,53,1113
201910,SED00449,43,11,5,9869146,29,2,990988,5604419,123,1132
201910,SED00451,2,0,0,0,1,0,0,0,1,426
201910,SED00453,41,12,10,9941716,19,5,7952550,6326518,78,1169
201910,SED00454,6,0,0,0,4,0,0,0,18,613
201910,SED00456,0,0,0,0,0,0,0,0,1,-1
201910,SED00460,51,18,12,18846796,26,3,5506189,12323962,77,1180
201910,SED00463,91,32,22,23219085,39,8,10084806,14775987,132,1188
201910,SED00465,0,0,0,0,0,0,0,0,1,-1
201910,SED00468,144,39,24,33486197,73,11,16961451,23807104,196,1190
201910,SED00473,50,21,19,26155993,20,6,9183568,21989473,48,1140
201910,SED00476,38,15,11,15123035,20,4,7514994,11161709,54,1063
201910,SED00477,21,11,11,9783588,11,3,2305564,8186712,38,1026
201910,SED00478,0,0,0,0,0,0,0,0,1,-1
201910,SED00481,46,16,14,14756530,20,5,8759601,11430351,43,1163
201910,SED00482,68,19,13,15690644,29,6,7411445,9554688,80,1143
201910,SED00483,36,9,9,8851329,18,5,8679234,6555012,66,1152
201910,SED00485,20,4,4,5572315,11,2,3118880,3755614,34,1174
201910,SED00488,27,12,6,752116,14,2,3416991,483952,51,1101
201910,SED00489,13,4,4,7143424,8,1,2292795,4641948,32,920
201910,SED00490,29,3,2,1100888,15,1,259086,904287,63,1166
201910,SED00491,0,0,0,0,0,0,0,0,1,-1
201910,SED00495,32,8,7,6926278,15,4,5728979,4472336,46,1145
201910,SED00497,23,7,7,9611989,9,3,3516270,8005997,34,1183
201910,SED00498,27,5,4,2445247,13,2,3717512,1260777,38,1178
201910,SED00500,32,8,8,14086208,16,3,4599891,10383069,46,1037
201910,SED00504,0,0,0,0,0,0,0,0,1,-1
201910,SED00505,0,0,0,0,0,0,0,0,1,-1
201910,SED00506,31,6,1,507893,17,1,1057817,379774,41,991
201910,SED00511,28,8,8,6719300,16,3,3778895,5054098,56,1132
201910,SED00513,1,0,0,0,1,0,0,0,1,441
201910,SED00515,1,0,0,0,1,0,0,0,1,427
201910,SED00516,45,19,15,9332745,28,4,4706631,5325819,73,1155
201910,SED00519,34,6,3,2118130,20,2,2490307,1446585,69,1196
201910,SED00520,0,0,0,0,0,0,0,0,1,-1
201910,SED00521,53,12,12,13596857,20,5,8753493,8914703,76,1120
201910,SED00526,0,0,0,0,0,0,0,0,2,-1
201910,SED00527,2,0,0,0,1,0,0,0,2,1120
201910,SED00528,30,12,9,10346608,19,3,3945979,8761832,76,1181
201910,SED00537,2,0,0,0,1,0,0,0,2,1080
201910,SED00539,0,0,0,0,0,0,0,0,1,-1
201910,SED00541,26,5,2,1548982,18,1,844080,1035449,50,1179
201910,SED00542,0,0,0,0,0,0,0,0,2,-1
201910,SED00544,38,10,10,9292768,19,3,3248794,5718780,59,1185
201910,SED00547,0,0,0,0,0,0,0,0,1,-1
201910,SED00554,37,10,8,10224716,17,4,3381360,7009199,65,1139
201910,SED00555,37,19,13,15614733,16,5,10459738,9054182,49,955
201910,SED00557,7,1,1,1471158,1,1,1288442,1022912,1,248
201910,SED00561,15,2,0,0,9,0,0,0,30,1017
201910,SED00565,46,20,10,8640565,23,3,6321201,6175033,71,1123
201910,SED00569,35,13,12,11801729,13,4,3124710,5545551,41,1059
201910,SED00571,14,2,0,0,8,0,0,0,25,1110
201910,SED00572,25,0,0,0,16,0,0,0,80,1173
201910,SED00573,59,10,8,7214421,28,4,3612147,4865220,64,1186
201910,SED00576,6,3,0,0,5,0,0,0,26,840
201910,SED00578,34,9,6,4622685,19,3,5184398,2399526,70,1148
201910,SED00581,37,9,8,13339464,16,4,4684898,7071564,50,992
201910,SED00582,49,24,20,21008153,22,8,13957228,15165079,55,1177
201910,SED00587,45,16,8,7977637,20,4,5671500,4062571,72,1164
201910,SED00591,18,5,4,6858920,9,1,2584812,3985863,28,786
201910,SED00593,144,38,28,31646700,74,10,13376996,20604465,196,1178
201910,SED00594,0,0,0,0,0,0,0,0,1,-1
201910,SED00595,27,9,1,271481,17,1,2536995,117894,57,1143
201910,SED00596,2,0,0,0,1,0,0,0,1,836
201910,SED00597,97,24,10,11666241,48,4,10587120,8402046,131,1134
201911,SED00003,12,2,0,0,7,0,0,0,34,684
201911,SED00005,43,10,4,5974608,20,1,2000902,5166157,54,1191
201911,SED00006,0,0,0,0,0,0,0,0,1,-1
201911,SED00007,1,0,0,0,1,0,0,0,2,1195
201911,SED00009,65,15,12,11793015,39,6,8535435,9725338,148,1141
201911,SED00010,16,5,4,4787156,8,1,1468794,3552761,38,733
201911,SED00011,50,13,9,10318118,26,3,4318914,5684809,55,1160
201911,SED00015,56,17,14,16781369,28,5,7830851,12799066,86,1182
201911,SED00021,47,14,6,5328785,23,3,4469126,2715722,84,1102
201911,SED00022,0,0,0,0,0,0,0,0,1,-1
201911,SED00025,0,0,0,0,0,0,0,0,1,-1
201911,SED00026,26,14,13,10926990,18,4,7038994,7643098,44,1167
201911,SED00029,26,4,1,238111,13,1,1022263,200817,46,1158
201911,SED00034,0,0,0,0,0,0,0,0,1,-1
201911,SED00035,17,4,4,4643172,8,2,1793182,2810724,34,1011
201911,SED00036,0,0,0,0,0,0,0,0,1,-1
201911,SED00038,14,0,0,0,8,0,0,0,33,1084
201911,SED00041,0,0,0,0,0,0,0,0,1,-1
201911,SED00042,0,0,0,0,0,0,0,0,1,-1
201911,SED00050,0,0,0,0,0,0,0,0,1,-1
201911,SED00051,33,9,8,4529383,11,4,4753646,2549802,46,948
201911,SED00054,1,2,2,1963734,1,1,353894,1344155,1,130
201911,SED00056,28,8,6,4094810,15,2,4198047,2818187,64,1092
201911,SED00057,1,0,0,0,1,0,0,0,1,357
201911,SED00058,0,0,0,0,0,0,0,0,1,-1
201911,SED00059,0,0,0,0,0,0,0,0,1,-1
201911,SED00060,34,10,3,4485438,23,1,2337756,3175000,68,1131
201911,SED00062,3,1,0,0,1,0,0,0,1,842
201911,SED00064,33,9,7,5601724,22,2,2784357,2869055,63,1135
201911,SED00066,2,0,0,0,2,0,0,0,2,999
201911,SED00067,28,12,10,7556868,19,4,6395927,4773488,71,1185
201911,SED00071,0,0,0,0,0,0,0,0,1,-1
201911,SED00074,0,0,0,0,0,0,0,0,1,-1
201911,SED00075,35,11,6,4084652,17,2,3877733,2224840,80,1134
201911,SED00077,0,0,0,0,0,0,0,0,1,-1
201911,SED00078,19,9,9,6836717,9,3,2506782,3124256,40,1187
201911,SED00079,20,8,6,6862346,9,2,3471629,5368676,39,854
201911,SED00080,3,3,3,2021241,1,1,800363,1419013,1,565
201911,SED00082,44,14,8,11967572,21,2,4311061,6945974,79,1083
201911,SED00085,1,0,0,0,1,0,0,0,2,195
201911,SED00088,19,5,0,0,12,0,0,0,35,1079
201911,SED00094,6,4,4,408608,1,1,764782,165268,1,153
201911,SED00101,0,0,0,0,0,0,0,0,1,-1
201911,SED00103,2,0,0,0,1,0,0,0,1,422
201911,SED00114,35,14,14,10831986,14,4,6610201,5195461,55,1185
201911,SED00115,22,4,3,2448939,13,1,1870386,1525906,34,1182
201911,SED00116,17,5,0,0,9,0,0,0,24,810
201911,SED00117,43,12,12,14094790,22,6,7674929,9155017,65,1185
201911,SED00118,0,0,0,0,0,0,0,0,1,-1
201911,SED00121,37,8,2,3005942,22,1,1401691,1928327,57,1105
201911,SED00123,44,21,11,12302660,22,4,5875338,8321306,68,1158
201911,SED00125,0,0,0,0,0,0,0,0,1,-1
201911,SED00126,39,13,13,18526534,14,5,7028799,11168261,51,1017
201911,SED00127,38,8,7,9629115,17,3,6651172,6806139,61,825
201911,SED00128,17,7,6,3462630,9,2,2868230,2003686,41,782
201911,SED00129,0,0,0,0,0,0,0,0,1,-1
201911,SED00130,14,5,3,4371381,9,2,924310,2681836,39,1035
201911,SED00131,55,12,10,12792418,32,5,6149750,9386387,102,1162
201911,SED00132,0,0,0,0,0,0,0,0,1,-1
201911,SED00133,98,36,26,18249324,50,9,15352558,12694803,147,1171
201911,SED00140,60,14,11,12585384,28,6,9763015,9630094,80,1147
201911,SED00143,56,27,23,30323932,21,9,15349886,22639578,77,895
201911,SED00144,27,11,10,16676064,18,4,5654353,13952460,72,1152
201911,SED00146,27,6,4,1156868,11,1,2339735,704819,23,1091
201911,SED00147,0,0,0,0,0,0,0,0,1,-1
201911,SED00148,204,55,45,54917191,97,19,27006932,40276233,270,1192
201911,SED00150,3,2,0,0,1,0,0,0,1,804
201911,SED00151,4,2,2,443144,1,1,1209720,214810,1,218
201911,SED00152,26,9,7,10469277,11,2,2046201,5651936,36,1055
201911,SED00153,34,6,3,4609155,19,1,2635613,2527432,81,1118
201911,SED00154,0,0,0,0,0,0,0,0,1,-1
201911,SED00155,5,4,4,2584412,1,1,502714,1666460,1,41
201911,SED00159,0,0,0,0,0,0,0,0,2,-1
201911,SED00160,0,0,0,0,0,0,0,0,1,-1
201911,SED00161,34,14,9,7514388,12,3,3469179,4606608,38,1026
201911,SED00162,17,4,2,1639293,11,2,4808471,1365938,40,1084
201911,SED00163,0,0,0,0,0,0,0,0,1,-1
201911,SED00165,46,9,1,1594637,27,1,2235078,1082063,70,1145
201911,SED00166,49,12,10,14245988,22,3,5182711,7981579,69,1179
201911,SED00167,112,27,24,24065070,61,9,17404452,17254882,218,1165
201911,SED00169,40,12,6,5888064,19,3,7623154,3767113,54,1141
201911,SED00172,0,0,0,0,0,0,0,0,2,-1
201911,SED00174,21,12,11,11718334,8,4,5375475,9752866,29,1181
201911,SED00182,107,26,15,20515012,54,7,11965280,14047646,147,1194
201911,SED00185,115,37,31,31072412,61,11,19905059,20479206,155,1171
201911,SED00191,0,0,0,0,0,0,0,0,1,-1
201911,SED00192,31,12,8,6996683,14,5,5838435,5353748,40,1051
201911,SED00194,19,5,5,4104416,6,2,2849409,2353448,26,1105
201911,SED00197,18,6,4,4108986,11,2,2547274,2370150,31,966
201911,SED00199,20,5,4,6566144,12,1,573528,4769343,35,1110
201911,SED00200,2,1,0,0,1,0,0,0,1,355
201911,SED00204,42,11,7,8266307,18,4,7191408,6285310,52,1148
201911,SED00208,2,0,0,0,1,0,0,0,1,1054
201911,SED00209,52,24,18,17367200,23,8,10848041,13248820,64,1195
201911,SED00210,36,11,7,7293818,17,3,3556739,4195842,83,995
201911,SED00212,37,12,8,4590504,17,2,4307624,4051057,60,1172
201911,SED00213,50,15,8,14739256,28,2,2889028,12267516,73,1119
201911,SED00216,23,5,3,3661533,9,3,3464980,1635194,30,1176
201911,SED00218,134,42,33,39900143,74,10,18018589,26831988,214,1180
201911,SED00219,38,12,8,6249260,20,5,8235038,4281636,67,1078
201911,SED00221,84,30,19,23252460,46,8,13403167,18047071,154,1158
201911,SED00223,101,30,22,21503866,51,7,8188409,12811083,141,1175
201911,SED00225,40,13,7,7574645,21,3,3824340,6733812,57,1116
201911,SED00227,53,14,10,12355776,25,4,4322087,9147051,67,1142
201911,SED00228,2,0,0,0,1,0,0,0,1,755
201911,SED00230,0,0,0,0,0,0,0,0,1,-1
201911,SED00232,57,23,13,9692613,18,6,9386539,6963366,54,1160
201911,SED00233,22,12,9,9768386,11,3,6020398,6940839,39,616
201911,SED00238,39,13,8,10278302,17,3,5142571,8311496,59,1120
201911,SED00240,51,21,18,20593466,21,6,11501425,15306843,61,1109
201911,SED00242,2,0,0,0,1,0,0,0,2,1088
201911,SED00244,18,12,8,4599576,10,3,4013770,4002181,29,1086
201911,SED00246,2,0,0,0,1,0,0,0,1,653
201911,SED00248,1,2,0,0,1,0,0,0,1,67
201911,SED00251,57,15,13,11389781,25,5,6144920,9089396,75,1122
201911,SED00252,37,16,9,15686729,19,3,2625470,9131004,64,1115
201911,SED00259,40,10,7,5076415,18,4,5076951,3851717,55,1053
201911,SED00261,23,8,8,3405476,7,3,1787410,2995418,28,1017
201911,SED00263,44,5,2,2954326,26,1,1743300,2053960,76,1124
201911,SED00265,26,4,4,1836451,11,2,2450241,1354851,35,1190
201911,SED00267,0,0,0,0,0,0,0,0,1,-1
201911,SED00269,19,2,0,0,12,0,0,0,48,1166
201911,SED00270,8,4,4,7607760,6,1,2159405,6514341,29,1161
201911,SED00273,82,23,18,17103172,41,8,10851767,10132418,155,1195
201911,SED00275,19,8,6,4921532,13,3,3661315,2803681,47,986
201911,SED00276,58,16,12,11190898,28,6,5526931,7708573,99,1085
201911,SED00277,0,0,0,0,0,0,0,0,1,-1
201911,SED00281,4,3,3,1900224,1,1,661716,797087,2,420
201911,SED00285,45,24,19,14280713,24,8,16955092,11024389,72,1171
201911,SED00286,1,1,0,0,1,0,0,0,1,596
201911,SED00287,31,9,5,5469104,15,3,4189701,3633342,56,1169
201911,SED00288,0,0,0,0,0,0,0,0,1,-1
201911,SED00289,0,0,0,0,0,0,0,0,1,-1
201911,SED00293,0,0,0,0,0,0,0,0,1,-1
201911,SED00294,61,21,15,18588879,23,5,4856641,12638551,72,1195
201911,SED00295,54,17,10,10538144,27,4,8465220,5743191,81,1149
201911,SED00296,1,0,0,0,1,0,0,0,1,246
201911,SED00297,40,12,11,6843971,17,4,5323111,4337431,42,1104
201911,SED00299,30,9,3,5358116,18,2,1948886,2773431,79,1152
201911,SED00300,38,13,8,10716530,22,3,3335927,8063786,46,1104
201911,SED00302,32,4,3,430386,16,1,1885034,221251,61,1028
201911,SED00304,32,14,9,12405241,19,3,5983010,8810403,53,1114
201911,SED00305,34,1,1,1228610,15,1,2117965,706167,72,1152
201911,SED00306,37,11,5,5793267,19,3,5962758,4082264,70,1165
201911,SED00307,20,6,6,6679357,6,3,4162505,3851668,24,893
201911,SED00308,33,16,9,8539615,23,3,3225728,5498783,68,1197
201911,SED00309,2,0,0,0,1,0,0,0,1,1080
201911,SED00311,36,20,11,5434303,19,4,7583700,4224265,43,1146
201911,SED00317,1,1,0,0,1,0,0,0,1,664
201911,SED00318,22,3,2,3894608,15,1,1177260,3593552,54,1034
201911,SED00319,0,0,0,0,0,0,0,0,1,-1
201911,SED00322,0,0,0,0,0,0,0,0,1,-1
201911,SED00331,58,13,8,7623950,30,5,10666899,4946567,99,1189
201911,SED00332,32,2,2,3891506,19,1,182433,2762132,59,1146
201911,SED00337,46,9,1,981785,24,1,2796526,740173,77,1133
201911,SED00338,40,22,16,16890727,21,5,8162954,11074817,81,1093
201911,SED00343,14,1,0,0,10,0,0,0,34,1030
201911,SED00346,0,0,0,0,0,0,0,0,1,-1
201911,SED00351,0,0,0,0,0,0,0,0,1,-1
201911,SED00355,21,5,0,0,13,0,0,0,31,1118
201911,SED00356,8,4,4,5936400,5,1,1026240,2956861,26,1191
201911,SED00358,0,0,0,0,0,0,0,0,1,-1
201911,SED00369,46,15,12,16303529,24,5,9011111,9493797,87,1041
201911,SED00370,0,0,0,0,0,0,0,0,1,-1
201911,SED00372,105,38,26,23815126,47,11,18912322,16389570,141,1086
201911,SED00377,0,0,0,0,0,0,0,0,1,-1
201911,SED00379,37,15,7,7721156,18,3,2722318,5399019,65,1102
201911,SED00380,0,0,0,0,0,0,0,0,1,-1
201911,SED00381,0,0,0,0,0,0,0,0,1,-1
201911,SED00391,0,0,0,0,0,0,0,0,1,-1
201911,SED00394,20,1,0,0,12,0,0,0,48,1089
201911,SED00397,16,5,1,179375,9,1,1726846,123075,25,724
201911,SED00398,23,4,3,3979035,11,1,1277021,3023835,25,1144
201911,SED00401,46,8,7,8932343,23,4,7266553,6708324,64,1067
201911,SED00402,0,0,0,0,0,0,0,0,1,-1
201911,SED00404,0,0,0,0,0,0,0,0,1,-1
201911,SED00406,44,17,14,13153032,25,5,6731064,7275472,88,1189
201911,SED00408,2,0,0,0,1,0,0,0,2,332
201911,SED00412,39,13,11,10298358,21,4,9239555,8065851,80,1057
201911,SED00416,38,19,12,10920204,18,4,6244272,5089181,76,943
201911,SED00421,39,9,4,2990311,18,2,2931583,2680391,53,1062
201911,SED00424,0,0,0,0,0,0,0,0,1,-1
201911,SED00425,60,14,10,13546341,33,4,7767262,10221426,137,1098
201911,SED00428,79,20,9,11418070,36,4,6647260,6414064,134,1081
201911,SED00430,14,2,2,3975566,6,1,1002386,3289611,40,1174
201911,SED00434,8,2,0,0,5,0,0,0,29,1019
201911,SED00437,0,0,0,0,0,0,0,0,1,-1
201911,SED00438,0,0,0,0,0,0,0,0,1,-1
201911,SED00441,66,25,19,11772409,26,7,11519461,7321752,71,1180
201911,SED00446,38,11,5,7095413,24,3,6818511,4964118,76,1197
201911,SED00447,38,6,1,1090679,20,1,2061696,986429,74,1039
201911,SED00448,29,2,2,2730544,16,1,754399,2091837,46,1149
201911,SED00449,57,14,10,6182521,31,4,7908214,3808099,135,1056
201911,SED00450,0,0,0,0,0,0,0,0,1,-1
201911,SED00452,0,0,0,0,0,0,0,0,1,-1
201911,SED00453,33,10,7,3459081,18,2,2768568,1851827,63,1192
201911,SED00454,23,11,11,6816681,7,3,2364135,5450505,28,1190
201911,SED00457,1,0,0,0,1,0,0,0,1,1009
201911,SED00459,3,1,0,0,1,0,0,0,1,246
201911,SED00460,36,5,2,2417930,22,2,1992645,1887727,75,898
201911,SED00463,97,39,26,31946390,50,11,21968669,23193584,153,1178
201911,SED00468,175,58,45,48334635,81,19,28413323,36228716,225,1167
201911,SED00470,0,0,0,0,0,0,0,0,1,-1
201911,SED00471,1,0,0,0,1,0,0,0,1,1159
201911,SED00472,0,0,0,0,0,0,0,0,1,-1
201911,SED00473,45,10,7,8144303,19,5,6736252,6858232,53,1144
201911,SED00476,39,12,5,8149097,16,2,2594994,5024721,53,1011
201911,SED00477,36,7,6,7548112,17,2,3276517,3427724,39,1155
201911,SED00481,38,11,9,4434092,16,4,5951671,3426201,39,1101
201911,SED00482,45,10,6,2589822,26,2,1736532,1791573,69,1090
201911,SED00483,25,4,4,6004082,19,2,3199519,5073389,75,1175
201911,SED00485,26,9,9,11945023,9,3,2461187,7335142,31,1025
201911,SED00488,45,18,17,13278615,22,6,4313845,8153137,55,1068
201911,SED00489,24,6,4,5949828,10,1,2223879,4123094,34,1110
201911,SED00490,36,16,8,7623915,21,3,7178025,4715873,58,1114
201911,SED00492,1,0,0,0,1,0,0,0,1,469
201911,SED00493,0,0,0,0,0,0,0,0,1,-1
201911,SED00495,40,12,8,11019572,21,3,1950142,6459711,64,1184
201911,SED00497,24,9,5,5791776,14,2,1994000,3727286,38,1138
201911,SED00498,31,5,0,0,18,0,0,0,56,1152
201911,SED00500,27,7,2,952744,17,1,2483926,717009,42,1151
201911,SED00504,5,1,1,392622,1,1,1817592,285524,1,492
201911,SED00506,37,18,17,13122873,17,5,7764820,9173510,54,1161
201911,SED00511,18,2,1,510869,11,1,101250,461304,34,952
201911,SED00513,0,0,0,0,0,0,0,0,1,-1
201911,SED00515,2,0,0,0,1,0,0,0,1,225
201911,SED00516,62,29,21,23009153,26,8,13113777,18246974,78,1193
201911,SED00519,60,20,18,18708151,26,8,15060731,12424942,74,1183
201911,SED00521,55,12,12,12496975,23,5,8650544,8448275,63,1133
201911,SED00525,2,0,0,0,1,0,0,0,1,121
201911,SED00527,0,0,0,0,0,0,0,0,1,-1
201911,SED00528,34,14,10,11004855,14,4,8994527,6734781,62,1096
201911,SED00541,41,7,3,2369106,21,2,3413052,1772869,49,990
201911,SED00542,0,0,0,0,0,0,0,0,1,-1
201911,SED00544,36,17,11,9191606,19,3,5074166,7431484,69,1185
201911,SED00553,0,0,0,0,0,0,0,0,1,-1
201911,SED00554,68,21,15,15928412,25,6,11561227,9571161,79,1190
201911,SED00555,26,2,0,0,16,0,0,0,41,1157
201911,SED00556,1,2,0,0,1,0,0,0,2,536
201911,SED00559,1,0,0,0,1,0,0,0,1,1190
201911,SED00561,3,3,3,1237401,2,1,2338250,1108534,19,934
201911,SED00564,0,0,0,0,0,0,0,0,1,-1
201911,SED00565,51,14,11,9686738,26,4,7241423,6750754,74,1159
201911,SED00569,19,8,8,4811073,12,4,3824755,3798640,35,1124
201911,SED00571,43,15,14,10825483,20,6,11107075,6416637,43,1100
201911,SED00572,41,9,7,7454735,19,5,7279390,5262239,69,1152
201911,SED00573,64,26,21,31074402,25,8,13562412,23808339,76,1180
201911,SED00576,14,7,5,3941093,6,2,2272580,2288016,22,920
201911,SED00578,52,16,12,7365045,24,5,8937157,5258077,83,1178
201911,SED00580,2,1,0,0,1,0,0,0,1,784
201911,SED00581,25,7,4,3652332,12,1,2551407,2271548,47,1152
201911,SED00582,25,8,6,1414509,15,2,1169312,949390,44,1116
201911,SED00584,2,0,0,0,1,0,0,0,3,682
201911,SED00586,0,0,0,0,0,0,0,0,1,-1
201911,SED00587,38,7,6,6214390,22,2,4454212,3666711,57,1140
201911,SED00591,29,11,9,11876346,13,3,5919607,10183318,38,1070
201911,SED00592,0,0,0,0,0,0,0,0,1,-1
201911,SED00593,124,34,19,15240669,63,7,13759297,11162943,196,1146
201911,SED00594,0,0,0,0,0,0,0,0,1,-1
201911,SED00595,31,6,4,4040588,15,2,5235316,2616215,52,1168
201911,SED00597,76,26,18,21977074,38,9,17345174,16575869,130,1158
201911,SED00599,2,0,0,0,1,0,0,0,2,933
201912,SED00001,0,0,0,0,0,0,0,0,1,-1
201912,SED00003,29,6,3,3373979,12,2,3316644,1918526,35,807
201912,SED00005,32,17,13,18053284,18,4,5391684,13204866,53,1185
201912,SED00009,105,36,22,24325549,50,8,9574111,18204043,132,1173
201912,SED00010,14,0,0,0,8,0,0,0,47,1198
201912,SED00011,17,5,0,0,11,0,0,0,42,1126
201912,SED00015,55,25,18,21856055,21,6,10127731,17596567,73,1195
201912,SED00020,0,0,0,0,0,0,0,0,1,-1
201912,SED00021,50,17,13,10638091,23,5,5150889,5991668,85,1186
201912,SED00026,34,7,5,7704434,17,2,2570691,5418029,54,1185
201912,SED00027,0,0,0,0,0,0,0,0,1,-1
201912,SED00029,50,11,7,5895496,22,3,4698884,4691987,54,1141
201912,SED00030,0,0,0,0,0,0,0,0,2,-1
201912,SED00034,6,3,3,1819209,1,1,1640179,1652360,1,68
201912,SED00035,19,11,3,2070747,11,2,2576796,1532059,28,1192
201912,SED00038,9,2,0,0,5,0,0,0,24,1159
201912,SED00039,0,0,0,0,0,0,0,0,1,-1
201912,SED00040,1,2,0,0,1,0,0,0,1,756
201912,SED00041,3,1,0,0,1,0,0,0,1,150
201912,SED00046,6,2,2,1532018,1,1,1577447,812759,2,224
201912,SED00049,0,0,0,0,0,0,0,0,1,-1
201912,SED00051,47,18,15,18071353,21,5,6557749,11489942,44,1170
201912,SED00054,1,0,0,0,1,0,0,0,1,990
201912,SED00056,39,5,2,2657773,19,2,2994597,1408686,62,1144
201912,SED00060,42,17,13,17039280,20,5,9101320,10391980,57,1192
201912,SED00061,0,0,0,0,0,0,0,0,1,-1
201912,SED00064,56,21,12,13637857,28,4,6519217,9003708,70,1095
201912,SED00066,0,0,0,0,0,0,0,0,2,-1
201912,SED00067,54,14,12,12786417,26,5,7500209,7185768,71,1167
201912,SED00073,0,0,0,0,0,0,0,0,1,-1
201912,SED00075,46,19,17,17815568,23,6,12130866,13302647,75,1134
201912,SED00076,0,0,0,0,0,0,0,0,1,-1
201912,SED00078,30,9,6,4789623,15,2,1527342,3994945,53,1016
201912,SED00079,36,3,1,586812,17,1,1030679,350068,57,1032
201912,SED00080,1,0,0,0,1,0,0,0,1,726
201912,SED00082,53,12,4,2800398,27,3,6149256,1630164,85,1023
201912,SED00086,0,0,0,0,0,0,0,0,1,-1
201912,SED00087,0,0,0,0,0,0,0,0,2,-1
201912,SED00088,17,9,8,6363766,6,4,8235956,4285965,22,731
201912,SED00092,1,0,0,0,1,0,0,0,1,744
201912,SED00097,2,1,0,0,1,0,0,0,1,229
201912,SED00098,0,0,0,0,0,0,0,0,2,-1
201912,SED00100,0,0,0,0,0,0,0,0,1,-1
201912,SED00102,2,0,0,0,1,0,0,0,1,1064
201912,SED00106,0,0,0,0,0,0,0,0,1,-1
201912,SED00109,1,0,0,0,1,0,0,0,1,216
201912,SED00110,0,0,0,0,0,0,0,0,1,-1
201912,SED00112,0,0,0,0,0,0,0,0,1,-1
201912,SED00114,33,9,5,7833258,16,2,1007641,5079949,53,1011
201912,SED00115,22,12,0,0,15,0,0,0,40,930
201912,SED00116,19,8,3,1027830,10,1,1820596,772676,28,1191
201912,SED00117,24,6,3,2827835,14,2,1276790,1852973,52,1146
201912,SED00121,35,13,7,7405674,22,3,6818834,6159403,67,1189
201912,SED00123,50,17,8,7193208,23,3,5665031,6110448,76,1157
201912,SED00124,1,0,0,0,1,0,0,0,1,693
201912,SED00125,0,0,0,0,0,0,0,0,1,-1
201912,SED00126,48,14,12,8728746,20,6,9583134,6148191,50,1083
201912,SED00127,46,10,8,10309734,26,3,3974101,6893989,74,904
201912,SED00128,37,12,6,7908642,18,2,2947423,4064493,56,1130
201912,SED00129,0,0,0,0,0,0,0,0,1,-1
201912,SED00130,13,7,7,3637348,5,2,2229187,2145656,37,823
201912,SED00131,57,19,12,10606636,31,4,5183535,7838700,103,996
201912,SED00133,99,18,11,13161578,52,5,4121825,8903502,159,1149
201912,SED00136,7,3,3,2152203,1,1,923422,872215,1,561
201912,SED00137,0,0,0,0,0,0,0,0,1,-1
201912,SED00140,38,7,3,4534860,25,2,2663802,3019682,76,1191
201912,SED00143,38,16,13,9150323,21,4,5912626,6390956,79,1029
201912,SED00144,30,15,9,9172695,18,3,3233877,6841190,56,1186
201912,SED00146,12,0,0,0,8,0,0,0,32,969
201912,SED00148,172,60,54,57918050,80,18,27379519,41822389,282,1176
201912,SED00151,0,0,0,0,0,0,0,0,1,-1
201912,SED00152,25,4,2,1879872,12,1,1721599,1742372,35,1055
201912,SED00153,81,24,14,17681792,37,5,7511206,11012216,102,1187
201912,SED00155,0,0,0,0,0,0,0,0,1,-1
201912,SED00158,0,0,0,0,0,0,0,0,1,-1
201912,SED00160,4,2,2,3637652,1,1,2309907,1609824,1,129
201912,SED00161,21,3,3,785115,11,1,295415,572212,46,1038
201912,SED00162,24,11,10,4695591,9,3,4348827,2504236,32,855
201912,SED00164,0,0,0,0,0,0,0,0,1,-1
201912,SED00165,48,19,16,19193028,22,6,5488803,12437725,80,1125
201912,SED00166,45,16,11,11517661,19,4,4845702,8389687,66,1006
201912,SED00167,125,46,32,27956802,63,12,20699217,16431518,209,1177
201912,SED00169,14,2,2,3179792,9,1,2411174,2258377,37,1182
201912,SED00171,0,0,0,0,0,0,0,0,1,-1
201912,SED00174,24,3,3,4372922,11,2,4984180,2208254,33,1026
201912,SED00175,0,0,0,0,0,0,0,0,1,-1
201912,SED00176,0,0,0,0,0,0,0,0,1,-1
201912,SED00178,1,0,0,0,1,0,0,0,1,902
201912,SED00179,3,0,0,0,1,0,0,0,1,792
201912,SED00180,1,0,0,0,1,0,0,0,1,474
201912,SED00181,0,0,0,0,0,0,0,0,1,-1
201912,SED00182,97,22,17,16804568,43,10,14946503,11936695,159,1195
201912,SED00185,82,22,14,13077740,41,7,10106268,8741404,141,1198
201912,SED00191,0,0,0,0,0,0,0,0,1,-1
201912,SED00192,27,6,5,1844440,13,2,2079273,926863,43,1021
201912,SED00194,24,9,8,7957392,9,4,6224291,4761008,33,1173
201912,SED00197,12,6,0,0,10,0,0,0,33,1135
201912,SED00199,36,9,6,5388107,14,4,8281126,3009758,32,925
201912,SED00200,0,0,0,0,0,0,0,0,1,-1
201912,SED00201,2,0,0,0,1,0,0,0,1,1127
201912,SED00204,39,14,9,11509456,17,4,7119995,6808655,46,1170
201912,SED00209,31,16,14,19252083,17,6,3739823,11821190,50,1172
201912,SED00210,48,14,11,12121619,23,4,5406913,6194827,66,1157
201912,SED00211,0,0,0,0,0,0,0,0,1,-1
201912,SED00212,30,3,0,0,18,0,0,0,65,1189
201912,SED00213,32,7,5,3790582,21,2,3711583,1969752,62,1172
201912,SED00216,31,8,7,9156962,16,2,1835682,7834157,37,1173
201912,SED00218,167,68,49,48394832,76,15,28633075,36093882,218,1196
201912,SED00219,38,12,10,10882312,21,4,6619298,6648414,64,1177
201912,SED00220,0,0,0,0,0,0,0,0,1,-1
201912,SED00221,112,30,22,14488285,45,10,15011768,8994480,146,1150
201912,SED00223,63,19,10,13749253,34,4,6659578,7910473,144,1193
201912,SED00224,1,4,4,5158576,1,1,2172327,3287796,1,62
201912,SED00225,15,4,4,3716586,8,2,2929668,3403982,38,1040
201912,SED00227,58,23,19,21944203,22,6,12912127,16838513,77,1129
201912,SED00229,0,0,0,0,0,0,0,0,2,-1
201912,SED00231,0,0,0,0,0,0,0,0,1,-1
201912,SED00232,20,7,5,6322931,11,2,1896886,4779586,43,1105
201912,SED00233,33,11,6,10362138,16,2,936806,9283470,48,1155
201912,SED00238,45,19,16,14822324,22,4,6081321,12412740,70,1099
201912,SED00240,41,16,12,9946367,18,5,7710321,6116011,76,1185
201912,SED00242,0,0,0,0,0,0,0,0,2,-1
201912,SED00244,16,3,0,0,9,0,0,0,38,1166
201912,SED00247,0,0,0,0,0,0,0,0,1,-1
201912,SED00250,0,0,0,0,0,0,0,0,1,-1
201912,SED00251,51,11,10,10439375,24,5,9888194,7716328,86,905
201912,SED00252,38,10,6,5968418,21,3,5607721,3187196,69,1138
201912,SED00259,50,9,2,448181,29,2,2972683,265759,75,1198
201912,SED00261,13,9,6,2488581,8,2,4547157,1321582,34,927
201912,SED00263,56,21,12,11386306,28,4,6216403,6807902,63,1048
201912,SED00265,7,0,0,0,5,0,0,0,35,873
201912,SED00267,0,0,0,0,0,0,0,0,2,-1
201912,SED00269,34,8,4,6365363,21,2,1901289,5445716,52,1197
201912,SED00270,14,3,1,997226,8,1,351529,899232,37,1060
201912,SED00271,0,0,0,0,0,0,0,0,1,-1
201912,SED00272,7,4,4,6596632,2,1,1786108,3935554,2,526
201912,SED00273,77,27,21,29912118,35,7,10952716,16943463,131,1192
201912,SED00274,5,2,2,2643778,1,1,760903,2288162,1,100
201912,SED00275,34,6,5,5272357,17,2,3443113,4641842,50,1084
201912,SED00276,59,11,6,6724240,35,3,4139624,4441069,92,1195
201912,SED00282,1,0,0,0,1,0,0,0,1,295
201912,SED00285,45,11,7,7693780,27,3,4980691,4978138,81,1195
201912,SED00287,35,11,10,7695606,19,4,5909459,4904726,62,1090
201912,SED00294,38,12,12,10986692,21,4,7911206,8055634,68,1158
201912,SED00295,43,13,7,8160183,24,3,3760232,4408614,75,1196
201912,SED00297,17,2,2,3316239,9,2,2005250,2023652,24,905
201912,SED00299,43,8,7,11475783,18,5,10168982,7121529,69,1081
201912,SED00300,45,12,11,12363729,15,5,7362806,7629142,44,907
201912,SED00302,38,7,3,2147277,23,2,519809,1071060,68,1157
201912,SED00304,24,11,7,6998646,12,3,4790918,4140469,41,854
201912,SED00305,50,16,13,13112860,18,6,5682912,9552363,68,1073
201912,SED00306,39,7,6,3017294,19,2,2904165,2265393,64,1183
201912,SED00307,21,10,10,12776451,7,3,3801812,8471051,20,995
201912,SED00308,39,10,4,5097063,24,2,1165162,3230248,65,1156
201912,SED00311,33,5,3,3253895,18,2,2791404,1886384,50,1112
201912,SED00312,0,0,0,0,0,0,0,0,1,-1
201912,SED00314,0,0,0,0,0,0,0,0,1,-1
201912,SED00318,35,6,4,7540122,16,2,2499200,5600631,49,1137
201912,SED00326,1,0,0,0,1,0,0,0,1,1171
201912,SED00331,36,12,8,3710340,22,2,2820004,3199899,78,1141
201912,SED00332,18,8,5,7335943,11,2,1451733,6644225,35,1085
201912,SED00333,0,0,0,0,0,0,0,0,1,-1
201912,SED00337,24,6,5,7003218,14,2,3312494,4575756,46,946
201912,SED00338,48,9,4,2006281,30,2,2588155,1105484,69,959
201912,SED00342,1,0,0,0,1,0,0,0,1,1134
201912,SED00343,21,4,4,7367560,12,1,2780378,3004157,32,1159
201912,SED00346,0,0,0,0,0,0,0,0,1,-1
201912,SED00347,0,0,0,0,0,0,0,0,1,-1
201912,SED00353,1,0,0,0,1,0,0,0,1,1178
201912,SED00354,0,0,0,0,0,0,0,0,1,-1
201912,SED00355,25,9,7,7488304,11,3,5865752,4548095,33,998
201912,SED00356,23,10,7,7284662,9,3,3809670,4457050,32,798
201912,SED00359,0,0,0,0,0,0,0,0,1,-1
201912,SED00360,0,0,0,0,0,0,0,0,1,-1
201912,SED00368,0,0,0,0,0,0,0,0,2,-1
201912,SED00369,45,22,17,10414848,23,6,13707369,6541819,95,1174
201912,SED00372,98,26,19,20376998,51,8,12700955,12553559,150,1166
201912,SED00374,2,0,0,0,1,0,0,0,1,944
201912,SED00377,0,0,0,0,0,0,0,0,1,-1
201912,SED00378,1,0,0,0,1,0,0,0,1,861
201912,SED00379,47,17,12,15293274,17,4,6882216,10028997,74,1199
201912,SED00384,0,0,0,0,0,0,0,0,1,-1
201912,SED00394,16,10,10,10655844,9,3,4891014,7376328,50,930
201912,SED00397,13,6,1,1158151,8,1,577126,730338,22,1177
201912,SED00398,12,2,0,0,8,0,0,0,32,997
201912,SED00401,43,9,5,3955604,25,3,4729986,2907069,83,1183
201912,SED00406,56,12,9,10111383,27,4,7447560,7245880,103,1158
201912,SED00408,0,0,0,0,0,0,0,0,2,-1
201912,SED00412,34,6,4,4776065,19,3,6271151,3089931,64,1145
201912,SED00416,54,20,16,14312202,22,5,8127274,9183573,76,1187
201912,SED00421,30,8,6,5304082,15,2,4687774,4323069,62,1191
201912,SED00425,89,36,21,23787421,44,6,11275348,19168022,162,1093
201912,SED00427,0,0,0,0,0,0,0,0,1,-1
201912,SED00428,77,23,14,13497202,38,4,4812169,9937054,139,1166
201912,SED00430,13,3,1,532511,9,1,2672760,454187,47,850
201912,SED00431,2,0,0,0,1,0,0,0,2,1090
201912,SED00434,8,0,0,0,7,0,0,0,35,1166
201912,SED00436,1,0,0,0,1,0,0,0,1,504
201912,SED00438,0,0,0,0,0,0,0,0,1,-1
201912,SED00441,49,7,5,3055768,25,3,4958273,2053105,70,1144
201912,SED00446,16,2,0,0,9,0,0,0,53,1142
201912,SED00447,49,16,8,10108632,27,4,5513030,6532815,72,1164
201912,SED00448,15,1,0,0,9,0,0,0,41,1158
201912,SED00449,90,15,8,11393986,52,4,5301045,7768112,143,1190
201912,SED00451,0,0,0,0,0,0,0,0,1,-1
201912,SED00452,1,0,0,0,1,0,0,0,1,904
201912,SED00453,61,18,12,11913056,27,5,9020892,6825941,70,1129
201912,SED00454,21,7,7,6063683,9,2,4884874,4417246,29,1125
201912,SED00460,69,20,10,11709205,28,4,4681679,6731082,73,1152
201912,SED00463,86,31,24,15741957,40,10,10845426,10493172,149,1165
201912,SED00468,116,34,23,20095213,56,10,14632059,14824940,199,1197
201912,SED00469,2,0,0,0,2,0,0,0,2,1136
201912,SED00473,10,1,0,0,6,0,0,0,33,1164
201912,SED00476,27,4,4,6319792,13,1,2568485,3876588,54,1184
201912,SED00477,25,6,2,801900,14,1,1138311,566764,46,1177
201912,SED00481,19,5,0,0,10,0,0,0,45,988
201912,SED00482,40,9,9,12431714,22,4,8529682,6551610,76,1109
201912,SED00483,45,17,13,17771305,26,4,4723253,12995920,77,1109
201912,SED00484,0,0,0,0,0,0,0,0,1,-1
201912,SED00485,19,2,2,1851998,10,1,649145,1312922,37,1133
201912,SED00488,30,7,3,5721128,17,2,3078166,3798977,50,1118
201912,SED00489,28,3,1,1588732,13,1,1301087,1388737,32,1006
201912,SED00490,57,19,17,16163561,26,6,7923620,10421330,84,1152
201912,SED00494,2,0,0,0,1,0,0,0,1,405
201912,SED00495,27,9,9,6290771,11,4,7155744,4613882,46,1135
201912,SED00497,14,1,0,0,9,0,0,0,23,920
201912,SED00498,38,15,10,10817676,14,3,3741541,9279470,46,1062
201912,SED00499,2,2,2,597376,1,1,398518,486522,1,526
201912,SED00500,22,6,6,7799287,10,3,4422136,4879461,37,943
201912,SED00504,0,0,0,0,0,0,0,0,1,-1
201912,SED00506,43,6,1,793622,22,1,551779,340294,66,1127
201912,SED00511,34,7,3,1235631,18,2,4523471,819487,55,1154
201912,SED00516,43,5,2,3015890,26,2,5019746,1411523,69,1187
201912,SED00519,51,25,16,18082808,27,4,6103576,12717702,79,1055
201912,SED00521,46,7,5,4455931,26,2,2877788,2463374,73,1156
201912,SED00523,0,0,0,0,0,0,0,0,1,-1
201912,SED00524,0,0,0,0,0,0,0,0,1,-1
201912,SED00526,0,0,0,0,0,0,0,0,1,-1
201912,SED00527,2,2,2,2329176,1,1,805446,2151716,1,306
201912,SED00528,44,12,7,4371609,25,3,7605955,3423640,79,1052
201912,SED00534,0,0,0,0,0,0,0,0,2,-1
201912,SED00536,0,0,0,0,0,0,0,0,1,-1
201912,SED00541,25,10,8,6305012,13,2,2921097,5692475,50,1174
201912,SED00543,1,0,0,0,1,0,0,0,1,740
201912,SED00544,58,16,13,10466518,24,6,8885470,6448032,78,1157
201912,SED00554,48,6,2,2332637,22,2,2309983,1541330,58,1148
201912,SED00555,43,9,6,9317476,16,4,5928599,5385358,54,1150
201912,SED00557,0,0,0,0,0,0,0,0,1,-1
201912,SED00561,21,4,4,1848025,11,2,3042506,1217849,29,1109
201912,SED00562,0,0,0,0,0,0,0,0,1,-1
201912,SED00564,4,0,0,0,2,0,0,0,2,571
201912,SED00565,34,8,3,794823,22,1,1128159,750405,73,1176
201912,SED00569,18,8,4,1986228,10,1,2049943,1022998,31,1116
201912,SED00571,22,5,0,0,12,0,0,0,31,1147
201912,SED00572,71,23,13,18518911,32,6,9123266,15021348,80,1139
201912,SED00573,43,13,11,13648121,23,5,6299423,9100545,81,1164
201912,SED00574,3,1,0,0,1,0,0,0,1,114
201912,SED00575,0,0,0,0,0,0,0,0,1,-1
201912,SED00576,30,14,8,7204049,14,3,2812101,4098653,31,1178
201912,SED00578,28,6,6,1733582,14,2,2832956,1147535,56,1123
201912,SED00581,30,14,7,6745581,15,3,6370316,5749295,52,1129
201912,SED00582,30,7,7,7709475,16,3,4269352,6646328,41,1122
201912,SED00583,0,0,0,0,0,0,0,0,1,-1
201912,SED00587,40,11,6,3891110,18,3,4167550,2843843,59,1016
201912,SED00591,17,6,4,6439239,6,2,4257211,5859103,26,1152
201912,SED00593,141,49,30,32788452,69,12,15677730,21724864,219,1198
201912,SED00595,21,5,5,7488475,9,2,4174679,3723310,43,1049
201912,SED00597,72,18,10,10146013,44,4,3987074,8046374,142,1161
201912,SED00598,1,0,0,0,1,0,0,0,1,943
201912,SED00600,0,0,0,0,0,0,0,0,1,-1
202001,SED00003,27,12,10,8546620,13,3,4453760,5487436,34,1022
202001,SED00004,0,0,0,0,0,0,0,0,1,-1
202001,SED00005,26,7,3,3450031,17,2,4146483,1688692,50,1160
202001,SED00009,69,28,15,10428632,38,6,8102160,7979661,131,1116
202001,SED00010,25,10,5,5072381,15,2,2871423,4500133,48,1092
202001,SED00011,17,2,0,0,11,0,0,0,39,1134
202001,SED00014,0,0,0,0,0,0,0,0,1,-1
202001,SED00015,53,24,22,13244547,20,7,11359111,8909383,68,1194
202001,SED00017,0,0,0,0,0,0,0,0,1,-1
202001,SED00018,0,0,0,0,0,0,0,0,1,-1
202001,SED00021,26,8,4,6744309,16,2,3281451,5188713,59,1131
202001,SED00026,14,2,0,0,7,0,0,0,40,863
202001,SED00029,32,8,7,4949722,12,3,2465059,2726810,48,1113
202001,SED00035,29,9,7,5802184,13,3,4650990,3796879,39,1188
202001,SED00038,13,2,2,3062206,8,1,1812217,1929247,33,1129
202001,SED00040,0,0,0,0,0,0,0,0,1,-1
202001,SED00051,29,7,3,5121603,15,1,1476383,4496482,49,1194
202001,SED00052,0,0,0,0,0,0,0,0,1,-1
202001,SED00053,0,0,0,0,0,0,0,0,1,-1
202001,SED00056,56,20,11,14706886,31,6,10444621,10448753,85,1093
202001,SED00060,36,6,2,3880026,20,1,791946,2625290,77,1146
202001,SED00064,53,12,10,5098194,26,3,4338816,3367337,65,1197
202001,SED00065,0,0,0,0,0,0,0,0,1,-1
202001,SED00067,51,12,8,5055423,24,4,5777328,3905734,81,1134
202001,SED00069,0,0,0,0,0,0,0,0,1,-1
202001,SED00070,0,0,0,0,0,0,0,0,1,-1
202001,SED00074,0,0,0,0,0,0,0,0,1,-1
202001,SED00075,39,6,4,7627254,21,2,3510041,3481386,74,1160
202001,SED00078,41,13,7,5114391,19,3,4941066,4328133,45,1175
202001,SED00079,20,2,0,0,11,0,0,0,42,1166
202001,SED00082,79,14,7,6037455,40,5,7446015,4660489,99,1183
202001,SED00088,12,2,0,0,7,0,0,0,27,1047
202001,SED00089,1,0,0,0,1,0,0,0,1,988
202001,SED00092,0,0,0,0,0,0,0,0,1,-1
202001,SED00095,0,0,0,0,0,0,0,0,1,-1
202001,SED00096,0,0,0,0,0,0,0,0,1,-1
202001,SED00108,1,0,0,0,1,0,0,0,1,462
202001,SED00110,1,0,0,0,1,0,0,0,1,776
202001,SED00114,38,8,1,1055197,21,1,986932,545300,61,1125
202001,SED00115,21,6,3,1631676,9,1,1291565,954271,34,1022
202001,SED00116,25,7,7,1273292,11,2,909183,874864,40,1038
202001,SED00117,43,6,3,2841693,25,2,3876245,2410096,60,1113
202001,SED00121,38,21,15,13047590,20,4,8812047,10005036,58,1121
202001,SED00123,44,9,2,3588673,24,2,3617395,3266318,76,1193
202001,SED00126,35,13,8,6273747,14,3,1179959,4307609,42,1188
202001,SED00127,51,15,11,11873472,22,6,7148064,7989162,66,1042
202001,SED00128,20,15,11,9922162,8,4,8017753,7044860,37,619
202001,SED00130,19,3,0,0,10,0,0,0,30,774
202001,SED00131,46,10,6,6287594,26,3,5478763,3665604,94,1024
202001,SED00133,112,40,30,38782147,43,11,18152758,25230729,144,867
202001,SED00140,30,6,4,3079611,14,2,4766312,1574873,55,1136
202001,SED00143,45,11,9,14210469,20,4,5606776,7603429,67,999
202001,SED00144,54,15,7,5324702,23,4,5089170,3366864,71,1030
202001,SED00146,9,2,0,0,7,0,0,0,19,1154
202001,SED00147,0,0,0,0,0,0,0,0,1,-1
202001,SED00148,141,33,29,32701460,72,12,15001285,22989856,259,1115
202001,SED00152,34,13,9,5141699,18,3,6938126,4584710,39,1101
202001,SED00153,69,14,9,8723903,34,5,9125263,4552022,107,1167
202001,SED00157,0,0,0,0,0,0,0,0,1,-1
202001,SED00161,36,11,8,4779007,17,3,6958511,3811655,52,1022
202001,SED00162,24,7,6,9294000,11,3,4361947,6558085,38,948
202001,SED00163,0,0,0,0,0,0,0,0,1,-1
202001,SED00165,41,9,7,8303646,22,3,1855008,3888865,57,1124
202001,SED00166,43,16,7,10154427,23,2,3082358,6494748,62,1183
202001,SED00167,155,58,43,51222222,73,15,20132564,32395300,217,1195
202001,SED00169,16,0,0,0,11,0,0,0,24,1115
202001,SED00174,10,0,0,0,6,0,0,0,27,920
202001,SED00176,0,0,0,0,0,0,0,0,1,-1
202001,SED00182,91,21,19,17387779,45,8,13720730,12666268,142,1179
202001,SED00185,81,23,18,25060997,42,7,8637633,14728701,149,1131
202001,SED00188,0,0,0,0,0,0,0,0,1,-1
202001,SED00190,3,2,2,2854432,2,1,1295743,1823995,2,278
202001,SED00192,33,13,12,15108668,11,4,4629520,9279544,45,1194
202001,SED00194,5,3,3,4214220,2,1,862170,2588896,21,1038
202001,SED00197,31,9,5,4100880,12,2,4196579,3692574,46,993
202001,SED00199,7,0,0,0,6,0,0,0,28,1054
202001,SED00204,50,17,11,16813302,22,4,3743350,13010779,50,1159
202001,SED00209,24,2,0,0,13,0,0,0,44,965
202001,SED00210,49,19,17,21822923,24,6,8112506,14988065,63,1125
202001,SED00212,42,14,11,12002215,17,3,6261184,7426050,80,1193
202001,SED00213,65,18,9,9937224,32,4,5983719,6251605,77,1192
202001,SED00216,14,6,3,4310607,9,1,211191,2231481,25,1174
202001,SED00218,144,50,25,13377874,77,10,17151174,8009548,206,1186
202001,SED00219,65,19,15,16302536,27,7,10078807,12394442,71,1107
202001,SED00221,91,22,9,6159318,53,3,3405751,3239969,153,1193
202001,SED00223,92,29,24,26751125,44,10,13695171,14355013,141,1189
202001,SED00225,46,7,4,4798641,24,2,3111637,3118733,68,1154
202001,SED00227,43,15,11,10640076,19,4,6094682,7395700,67,1191
202001,SED00232,17,6,3,5049426,8,2,2367106,3886504,35,971
202001,SED00233,37,7,1,1810900,22,1,1169906,1338482,57,1083
202001,SED00236,0,0,0,0,0,0,0,0,1,-1
202001,SED00238,36,15,15,20604300,17,7,12404488,14056597,69,1098
202001,SED00240,63,16,12,9848605,25,6,7966154,6239282,78,1142
202001,SED00244,19,6,4,7230856,9,1,2942331,4444618,40,1171
202001,SED00251,33,22,13,9212094,17,4,6432306,6501131,57,937
202001,SED00252,40,16,14,12381091,17,5,8992663,8946048,59,1104
202001,SED00255,0,0,0,0,0,0,0,0,1,-1
202001,SED00256,0,0,0,0,0,0,0,0,1,-1
202001,SED00257,0,0,0,0,0,0,0,0,2,-1
202001,SED00259,52,16,9,8820002,23,4,7093814,7099534,65,1118
202001,SED00261,13,4,3,2946357,7,1,2927088,1508583,34,1178
202001,SED00262,0,0,0,0,0,0,0,0,2,-1
202001,SED00263,29,13,11,16540020,18,5,9049378,10874029,69,1171
202001,SED00265,19,3,1,461116,12,1,766836,387973,38,1064
202001,SED00269,22,2,0,0,12,0,0,0,37,1073
202001,SED00270,16,4,1,623346,9,1,2825934,408543,30,1194
202001,SED00273,76,15,6,4508551,42,3,2954961,3312739,135,1188
202001,SED00275,14,7,5,6564318,12,2,1919871,5264802,63,1189
202001,SED00276,58,23,15,19818566,27,4,3962964,15771331,116,1147
202001,SED00284,2,0,0,0,1,0,0,0,1,215
202001,SED00285,45,10,8,8854760,23,3,4225087,5486798,77,1111
202001,SED00286,0,0,0,0,0,0,0,0,1,-1
202001,SED00287,52,15,9,12437736,21,5,7390637,7989215,66,1179
202001,SED00288,0,0,0,0,0,0,0,0,1,-1
202001,SED00293,0,0,0,0,0,0,0,0,1,-1
202001,SED00294,45,6,4,5027436,23,2,5082312,4175766,84,1186
202001,SED00295,46,14,10,10131968,22,4,5861660,6834906,70,1167
202001,SED00297,13,1,0,0,7,0,0,0,27,1149
202001,SED00299,44,12,8,8673779,24,3,5800854,7453549,69,1118
202001,SED00300,23,10,10,8863952,10,3,3815290,6527920,38,1058
202001,SED00302,38,16,14,12361945,16,5,10981017,7432514,68,1100
202001,SED00304,22,12,11,11773592,9,3,5789081,8813109,33,1041
202001,SED00305,74,26,24,20003548,32,9,15193317,14164727,89,1134
202001,SED00306,46,20,14,7481688,29,6,6432789,5182093,83,1057
202001,SED00307,14,2,0,0,8,0,0,0,24,1062
202001,SED00308,33,11,5,6429154,18,2,4139021,5578996,65,937
202001,SED00311,21,10,8,3809760,14,2,1971050,2593262,35,1019
202001,SED00312,2,0,0,0,1,0,0,0,1,91
202001,SED00315,0,0,0,0,0,0,0,0,1,-1
202001,SED00318,40,19,17,13179768,18,5,9414217,8834107,60,1066
202001,SED00325,0,0,0,0,0,0,0,0,2,-1
202001,SED00329,2,0,0,0,1,0,0,0,1,228
202001,SED00331,80,32,28,26607564,37,11,13154279,18981918,111,1106
202001,SED00332,33,8,5,8847622,18,2,2634926,4636421,49,930
202001,SED00334,0,0,0,0,0,0,0,0,1,-1
202001,SED00336,1,0,0,0,1,0,0,0,1,403
202001,SED00337,49,16,8,8190359,20,3,3770985,5733786,68,1136
202001,SED00338,40,9,6,5002523,18,3,5650180,3187565,67,992
202001,SED00343,28,7,2,1760102,14,1,2810205,1241444,40,1190
202001,SED00344,2,1,0,0,1,0,0,0,1,855
202001,SED00354,5,2,2,2680698,1,1,1271842,1306014,1,511
202001,SED00355,9,4,4,501832,8,1,2279818,315585,41,1079
202001,SED00356,17,6,5,6806664,11,2,4343598,3674177,38,961
202001,SED00359,0,0,0,0,0,0,0,0,1,-1
202001,SED00366,0,0,0,0,0,0,0,0,1,-1
202001,SED00367,0,0,0,0,0,0,0,0,1,-1
202001,SED00368,0,0,0,0,0,0,0,0,1,-1
202001,SED00369,42,16,7,5868572,23,3,4657343,4142786,96,1126
202001,SED00371,0,0,0,0,0,0,0,0,1,-1
202001,SED00372,91,29,24,32725224,43,9,14373947,22545404,133,1111
202001,SED00379,50,10,7,2993237,25,4,7433102,1993585,64,1089
202001,SED00393,0,0,0,0,0,0,0,0,1,-1
202001,SED00394,42,16,11,17032127,14,4,4958126,10348231,36,967
202001,SED00396,0,0,0,0,0,0,0,0,1,-1
202001,SED00397,9,1,0,0,6,0,0,0,20,853
202001,SED00398,28,12,8,11008269,11,4,7393390,6927050,26,665
202001,SED00401,38,6,5,8654767,15,3,2327566,5437690,55,834
202001,SED00406,61,16,12,15950505,28,4,5604740,10278565,89,1008
202001,SED00407,0,0,0,0,0,0,0,0,1,-1
202001,SED00412,62,18,9,8918967,28,5,8503372,5258198,90,1147
202001,SED00416,50,15,14,12703241,23,5,6267910,10368018,64,1152
202001,SED00421,23,10,0,0,12,0,0,0,37,1176
202001,SED00423,0,0,0,0,0,0,0,0,1,-1
202001,SED00425,89,33,18,22548620,48,7,9336548,13523480,149,1126
202001,SED00428,104,26,17,21936684,54,8,15720833,16573883,163,1165
202001,SED00430,16,9,7,5286361,6,3,5961380,3688325,35,602
202001,SED00434,21,5,2,2882988,14,1,632340,2696830,37,955
202001,SED00441,57,25,16,16069436,29,4,5677248,11896802,78,1115
202001,SED00444,6,4,4,4952520,1,1,1475514,3049415,1,37
202001,SED00446,46,16,11,9649880,20,5,10011037,5086561,77,1037
202001,SED00447,32,10,9,2684299,17,3,4088081,1747083,48,1018
202001,SED00448,37,10,8,9351192,20,2,3686650,4664688,55,1044
202001,SED00449,57,11,4,5596322,32,2,3250567,4170248,119,1198
202001,SED00453,34,10,8,9572186,16,3,4860506,6118298,66,1160
202001,SED00454,17,3,0,0,10,0,0,0,27,1193
202001,SED00455,0,0,0,0,0,0,0,0,1,-1
202001,SED00457,0,0,0,0,0,0,0,0,1,-1
202001,SED00460,42,7,6,7533981,22,2,5650193,5227983,59,1161
202001,SED00463,88,25,14,10533217,43,6,11136981,6082845,139,1192
202001,SED00465,0,0,0,0,0,0,0,0,1,-1
202001,SED00467,0,0,0,0,0,0,0,0,1,-1
202001,SED00468,150,51,35,31152880,73,14,24496390,20262729,202,1189
202001,SED00471,2,0,0,0,1,0,0,0,2,693
202001,SED00472,0,0,0,0,0,0,0,0,1,-1
202001,SED00473,27,3,1,829295,15,1,937048,359921,51,1195
202001,SED00476,41,8,6,5581678,15,4,9167307,3889999,33,1168
202001,SED00477,20,13,8,8729528,11,2,3827634,7175013,43,1123
202001,SED00478,0,0,0,0,0,0,0,0,1,-1
202001,SED00481,20,13,12,13039088,9,4,7194569,9126023,46,1180
202001,SED00482,57,25,13,10973880,26,5,7348010,6880695,63,1155
202001,SED00483,47,17,12,9240902,25,5,7390955,7260856,74,1149
202001,SED00484,0,0,0,0,0,0,0,0,2,-1
202001,SED00485,17,9,7,7821972,10,3,3237339,3620437,24,1193
202001,SED00487,0,0,0,0,0,0,0,0,1,-1
202001,SED00488,57,16,14,17763533,16,7,10856188,12777469,53,1154
202001,SED00489,23,4,3,3304209,11,2,3162063,2138253,37,1015
202001,SED00490,50,16,16,13417039,17,6,10767619,9350594,62,1179
202001,SED00492,2,1,0,0,1,0,0,0,1,783
202001,SED00495,40,7,5,8514052,20,2,5321433,7563710,47,1170
202001,SED00497,26,4,0,0,14,0,0,0,42,1168
202001,SED00498,46,10,8,8940942,16,3,5216214,4250957,49,1066
202001,SED00500,40,17,16,19614634,18,6,10525447,13480527,54,1189
202001,SED00501,0,0,0,0,0,0,0,0,1,-1
202001,SED00503,0,0,0,0,0,0,0,0,1,-1
202001,SED00505,0,0,0,0,0,0,0,0,1,-1
202001,SED00506,20,0,0,0,15,0,0,0,46,1178
202001,SED00507,0,0,0,0,0,0,0,0,1,-1
202001,SED00511,14,4,4,411896,10,1,510384,297883,32,1192
202001,SED00515,0,0,0,0,0,0,0,0,1,-1
202001,SED00516,60,14,10,9593975,26,6,10824355,6152238,76,1086
202001,SED00517,2,2,2,405052,1,1,1542811,313965,1,275
202001,SED00519,41,12,8,8257639,21,3,6339503,5497008,60,1050
202001,SED00521,40,7,3,2903757,22,1,1523396,2334160,86,1097
202001,SED00527,0,0,0,0,0,0,0,0,1,-1
202001,SED00528,46,14,8,3435228,24,4,7343714,2932874,75,1190
202001,SED00529,0,0,0,0,0,0,0,0,1,-1
202001,SED00530,0,0,0,0,0,0,0,0,1,-1
202001,SED00532,0,0,0,0,0,0,0,0,1,-1
202001,SED00534,0,0,0,0,0,0,0,0,1,-1
202001,SED00541,18,9,7,9899098,13,2,1411955,7349964,44,1186
202001,SED00542,2,0,0,0,1,0,0,0,2,670
202001,SED00544,31,11,11,11565072,14,5,5902709,8267081,57,1149
202001,SED00547,6,1,1,1991078,1,1,372320,1183743,1,69
202001,SED00548,0,0,0,0,0,0,0,0,1,-1
202001,SED00554,35,10,4,3388440,21,2,4223262,1599072,66,1105
202001,SED00555,32,5,2,1049436,16,1,1259993,884317,39,922
202001,SED00557,0,0,0,0,0,0,0,0,1,-1
202001,SED00561,20,3,1,1725711,11,1,2228743,911621,37,1106
202001,SED00565,42,15,13,12891234,19,4,4614753,10499591,60,1197
202001,SED00566,1,0,0,0,1,0,0,0,1,182
202001,SED00567,0,0,0,0,0,0,0,0,1,-1
202001,SED00568,4,1,1,1201964,1,1,1142443,856070,2,236
202001,SED00569,20,2,1,1991751,11,1,838281,1027045,41,1196
202001,SED00571,13,4,2,1401012,6,1,1879825,936966,32,1017
202001,SED00572,44,6,6,6695339,23,3,5460200,4100922,71,1151
202001,SED00573,55,22,19,19335882,22,9,13661566,13729208,71,986
202001,SED00574,3,1,0,0,1,0,0,0,1,783
202001,SED00575,0,0,0,0,0,0,0,0,1,-1
202001,SED00576,13,9,9,10898634,6,3,6922560,6137793,26,619
202001,SED00578,25,5,3,3544353,13,2,3337753,1907890,68,1120
202001,SED00579,0,0,0,0,0,0,0,0,1,-1
202001,SED00580,0,0,0,0,0,0,0,0,1,-1
202001,SED00581,35,17,15,19733548,20,5,6669452,16285102,57,1140
202001,SED00582,32,10,5,6339556,16,3,4109910,4856399,54,1108
202001,SED00586,0,0,0,0,0,0,0,0,2,-1
202001,SED00587,46,11,8,8264874,20,4,5072547,5465547,74,1022
202001,SED00588,2,2,0,0,1,0,0,0,1,389
202001,SED00589,3,0,0,0,1,0,0,0,1,531
202001,SED00591,20,3,1,1825543,13,1,1549319,1713593,30,1159
202001,SED00593,150,62,39,38354315,77,17,27897230,26380919,223,1171
202001,SED00594,0,0,0,0,0,0,0,0,1,-1
202001,SED00595,23,11,8,10185704,11,3,5110309,7478331,51,1174
202001,SED00597,75,22,17,12138952,39,7,8691728,7096162,131,1153
202001,SED00598,3,1,0,0,1,0,0,0,1,689
202002,SED00003,19,7,5,6040837,9,2,1641125,4590574,39,1164
202002,SED00005,40,15,5,3406084,22,2,1632095,1905118,56,1049
202002,SED00009,119,34,24,16817729,57,9,10679265,11828165,139,1105
202002,SED00010,31,10,3,3873805,16,2,5764079,3119312,41,1121
202002,SED00011,30,3,0,0,18,0,0,0,39,971
202002,SED00015,51,11,4,6132362,27,2,4010155,3124343,69,1176
202002,SED00021,44,14,12,9201050,23,4,7136502,5708640,73,1108
202002,SED00026,10,2,0,0,6,0,0,0,35,1032
202002,SED00027,0,0,0,0,0,0,0,0,1,-1
202002,SED00029,29,8,3,3367534,15,2,263388,2843589,55,1126
202002,SED00035,29,9,7,6546335,14,2,2856512,3942280,43,1116
202002,SED00036,0,0,0,0,0,0,0,0,1,-1
202002,SED00037,1,0,0,0,1,0,0,0,1,982
202002,SED00038,20,4,4,3783466,10,3,3169972,2932903,39,1191
202002,SED00047,0,0,0,0,0,0,0,0,1,-1
202002,SED00051,19,2,0,0,11,0,0,0,51,1028
202002,SED00056,59,15,12,11484612,29,5,7315963,8423424,80,1192
202002,SED00060,40,7,5,7886882,17,2,3331798,4208773,75,1134
202002,SED00064,51,24,14,15200414,26,6,9202968,10747218,84,1081
202002,SED00065,2,0,0,0,1,0,0,0,1,835
202002,SED00067,51,13,7,8467998,28,2,3742221,6658150,81,1085
202002,SED00068,0,0,0,0,0,0,0,0,1,-1
202002,SED00075,39,7,3,800928,21,1,1789202,609455,82,1157
202002,SED00078,16,10,6,8924067,8,2,4590071,5218954,40,999
202002,SED00079,21,3,0,0,11,0,0,0,40,1113
202002,SED00082,25,3,0,0,19,0,0,0,80,1146
202002,SED00085,2,0,0,0,1,0,0,0,1,1023
202002,SED00088,16,10,9,7434550,7,3,559028,6230205,25,959
202002,SED00090,1,0,0,0,1,0,0,0,1,424
202002,SED00093,0,0,0,0,0,0,0,0,1,-1
202002,SED00098,0,0,0,0,0,0,0,0,1,-1
202002,SED00100,0,0,0,0,0,0,0,0,1,-1
202002,SED00106,0,0,0,0,0,0,0,0,1,-1
202002,SED00108,1,0,0,0,1,0,0,0,1,248
202002,SED00114,33,9,7,6863254,19,2,2031428,4080405,52,1181
202002,SED00115,17,6,3,3304696,7,2,3641326,2120556,26,735
202002,SED00116,17,6,4,3716372,9,2,2355545,2372366,31,1094
202002,SED00117,62,26,19,22172486,31,7,11364742,12525480,78,1169
202002,SED00118,2,0,0,0,1,0,0,0,1,472
202002,SED00121,35,9,8,9016118,18,3,4743006,5837053,62,1167
202002,SED00123,47,9,2,1600580,25,1,2707415,1092994,73,1085
202002,SED00126,44,6,2,2355603,23,2,949254,1954900,63,1093
202002,SED00127,39,12,11,10530782,21,5,12235907,8511952,77,1180
202002,SED00128,50,16,11,15222147,23,3,5927547,8545572,59,1180
202002,SED00129,0,0,0,0,0,0,0,0,1,-1
202002,SED00130,13,4,0,0,7,0,0,0,20,1179
202002,SED00131,54,4,3,3393433,32,2,4508254,1930367,87,1088
202002,SED00132,1,0,0,0,1,0,0,0,1,600
202002,SED00133,81,28,17,16470503,46,6,8823342,11365133,142,1147
202002,SED00140,45,14,14,14286947,25,6,12464870,9747883,82,1177
202002,SED00143,36,15,10,12763938,19,4,5261528,8109135,77,1137
202002,SED00144,40,10,4,3994028,23,1,697792,3790743,71,1080
202002,SED00146,11,2,0,0,7,0,0,0,27,863
202002,SED00148,218,81,57,58118094,89,21,37042804,43013052,280,1189
202002,SED00149,0,0,0,0,0,0,0,0,1,-1
202002,SED00152,27,7,7,9144411,10,2,3170883,4670092,21,1169
202002,SED00153,50,19,11,16067092,21,5,7551542,11295548,93,1183
202002,SED00157,1,0,0,0,1,0,0,0,1,340
202002,SED00161,37,14,8,12647305,17,3,3946027,11169968,47,1069
202002,SED00162,22,5,4,5934032,11,1,1989257,4089249,25,1108
202002,SED00165,84,30,25,26584078,33,10,16276049,15592075,84,1174
202002,SED00166,57,18,16,18196916,26,7,13177585,13432120,81,993
202002,SED00167,105,42,23,26046038,52,8,11174570,20047856,207,1176
202002,SED00169,21,5,0,0,11,0,0,0,31,1128
202002,SED00172,0,0,0,0,0,0,0,0,1,-1
202002,SED00174,11,5,3,4235104,6,2,2074631,1952148,16,786
202002,SED00176,0,0,0,0,0,0,0,0,1,-1
202002,SED00177,0,0,0,0,0,0,0,0,1,-1
202002,SED00178,2,0,0,0,1,0,0,0,1,902
202002,SED00179,2,0,0,0,1,0,0,0,2,1190
202002,SED00182,97,32,28,35463276,44,11,17585356,19160617,154,1173
202002,SED00185,84,22,10,9418796,43,4,8875561,5572023,124,1139
202002,SED00187,0,0,0,0,0,0,0,0,1,-1
202002,SED00192,34,8,7,5205843,17,2,3041391,4018664,51,1054
202002,SED00193,2,0,0,0,1,0,0,0,1,181
202002,SED00194,31,1,1,661141,14,1,1309839,296359,34,1154
202002,SED00196,3,3,3,4026636,1,1,1469073,2567985,1,36
202002,SED00197,31,17,8,9416232,16,3,4401590,5970294,44,1100
202002,SED00199,19,2,2,1590526,9,1,1891942,1416825,33,602
202002,SED00201,0,0,0,0,0,0,0,0,1,-1
202002,SED00204,17,9,4,2853240,9,1,1439076,1187424,48,1174
202002,SED00209,37,12,11,15728834,16,3,7041527,13911527,53,1021
202002,SED00210,37,11,4,5465765,26,2,3513484,3259258,78,1194
202002,SED00212,45,14,6,5778243,25,2,3098703,4935159,69,1165
202002,SED00213,40,9,3,1037313,25,1,1525366,653875,74,1180
202002,SED00214,0,0,0,0,0,0,0,0,1,-1
202002,SED00215,0,0,0,0,0,0,0,0,1,-1
202002,SED00216,18,6,6,8142753,9,2,3196365,5586655,28,1139
202002,SED00218,154,58,35,31259235,66,13,18229366,22049984,219,1199
202002,SED00219,40,16,14,13422152,17,7,11305504,6822222,69,1132
202002,SED00221,106,25,21,18328607,51,9,11974903,11514667,134,1185
202002,SED00222,1,0,0,0,1,0,0,0,1,338
202002,SED00223,98,35,25,31799461,50,8,10987568,19899086,135,1170
202002,SED00225,39,7,3,4870482,21,1,1838890,3351176,56,1134
202002,SED00227,49,22,19,16761232,20,6,7657238,13521866,57,1183
202002,SED00232,18,4,3,3951534,11,1,2903954,2476508,38,1108
202002,SED00233,24,8,5,7498946,15,2,4966633,3844905,48,1101
202002,SED00238,43,14,11,9917782,20,3,5813179,8044309,78,1186
202002,SED00240,49,21,21,18172080,23,9,14169829,13663202,74,1048
202002,SED00241,2,0,0,0,1,0,0,0,2,814
202002,SED00244,35,16,8,6106534,15,4,8431288,4658371,35,1076
202002,SED00251,48,15,11,12723455,26,4,6313801,10693207,84,1105
202002,SED00252,60,16,12,16753209,26,4,5607818,10282406,71,1151
202002,SED00256,1,0,0,0,1,0,0,0,1,324
202002,SED00258,2,0,0,0,1,0,0,0,1,886
202002,SED00259,44,14,10,13303050,27,4,5919830,7332299,80,1039
202002,SED00261,16,2,1,1492203,9,1,2737848,683698,43,1138
202002,SED00262,0,0,0,0,0,0,0,0,1,-1
202002,SED00263,58,24,16,18574175,30,6,7242532,16193111,77,1062
202002,SED00264,1,2,0,0,1,0,0,0,1,498
202002,SED00265,19,3,1,416748,10,1,2729571,339456,45,1170
202002,SED00269,45,15,10,11152606,24,4,6277632,6790439,57,1195
202002,SED00270,22,8,8,6808368,9,2,3514459,5023558,30,1047
202002,SED00273,124,35,17,20850864,56,9,12407934,11957011,159,1183
202002,SED00274,3,1,0,0,1,0,0,0,1,838
202002,SED00275,30,8,5,6249978,14,3,6490416,4471337,46,1154
202002,SED00276,77,21,13,11901472,42,7,9544561,6970366,94,1165
202002,SED00279,0,0,0,0,0,0,0,0,1,-1
202002,SED00285,32,10,7,2847160,19,2,1529102,1522922,64,1154
202002,SED00287,38,15,9,11722527,23,3,3998150,9332990,78,1074
202002,SED00291,0,0,0,0,0,0,0,0,1,-1
202002,SED00293,0,0,0,0,0,0,0,0,1,-1
202002,SED00294,56,18,14,17427430,26,6,11967358,9722359,71,1151
202002,SED00295,62,25,8,9249533,33,3,4948342,6340019,84,1037
202002,SED00296,2,0,0,0,1,0,0,0,1,785
202002,SED00297,22,1,0,0,12,0,0,0,27,1128
202002,SED00299,35,8,6,3096720,18,3,5680537,2384715,66,1000
202002,SED00300,44,21,17,25470049,15,7,8673047,18748608,53,841
202002,SED00302,33,13,8,7718200,17,3,4783940,4843018,55,900
202002,SED00304,25,4,4,5488876,17,1,837309,3396508,52,1074
202002,SED00305,35,12,6,8059178,19,3,3539383,6230706,76,1039
202002,SED00306,32,7,5,1935952,17,2,2594074,1475249,48,1155
202002,SED00307,24,4,2,1275204,12,1,989633,664719,31,1103
202002,SED00308,53,15,12,13634970,22,7,10897670,8380575,72,1119
202002,SED00310,0,0,0,0,0,0,0,0,1,-1
202002,SED00311,21,2,2,1470344,11,1,2133084,688302,45,1160
202002,SED00315,1,0,0,0,1,0,0,0,1,95
202002,SED00318,33,14,8,7362123,12,3,3492937,4763956,44,1002
202002,SED00320,0,0,0,0,0,0,0,0,1,-1
202002,SED00321,1,1,0,0,1,0,0,0,1,367
202002,SED00322,0,0,0,0,0,0,0,0,1,-1
202002,SED00325,1,0,0,0,1,0,0,0,1,841
202002,SED00326,0,0,0,0,0,0,0,0,2,-1
202002,SED00329,1,0,0,0,1,0,0,0,3,316
202002,SED00331,48,13,9,12254544,27,4,8335089,8430694,89,1192
202002,SED00332,38,19,17,26133618,18,6,8066786,18680548,51,1156
202002,SED00333,2,0,0,0,1,0,0,0,2,1086
202002,SED00336,0,0,0,0,0,0,0,0,1,-1
202002,SED00337,54,16,10,13998516,28,4,8168830,8131517,94,1187
202002,SED00338,29,11,5,5544463,14,2,3657813,4885141,64,1054
202002,SED00340,0,0,0,0,0,0,0,0,1,-1
202002,SED00343,20,2,0,0,13,0,0,0,38,1020
202002,SED00345,0,0,0,0,0,0,0,0,1,-1
202002,SED00346,0,0,0,0,0,0,0,0,1,-1
202002,SED00347,0,0,0,0,0,0,0,0,1,-1
202002,SED00351,2,0,0,0,1,0,0,0,1,782
202002,SED00352,1,2,0,0,1,0,0,0,1,164
202002,SED00355,37,13,9,5975597,12,4,5343399,5106048,37,1048
202002,SED00356,28,6,4,2901742,14,2,1622830,1863538,45,1198
202002,SED00359,0,0,0,0,0,0,0,0,1,-1
202002,SED00362,0,0,0,0,0,0,0,0,1,-1
202002,SED00365,1,0,0,0,1,0,0,0,1,219
202002,SED00369,51,13,10,7116180,22,3,3865828,4497840,90,1141
202002,SED00372,84,20,10,12920276,43,4,4930249,7743543,148,1194
202002,SED00373,0,0,0,0,0,0,0,0,1,-1
202002,SED00374,2,0,0,0,1,0,0,0,2,106
202002,SED00379,43,18,11,5634690,26,4,8902837,3654499,84,1160
202002,SED00382,0,0,0,0,0,0,0,0,1,-1
202002,SED00383,0,0,0,0,0,0,0,0,1,-1
202002,SED00387,1,0,0,0,1,0,0,0,1,383
202002,SED00389,0,0,0,0,0,0,0,0,1,-1
202002,SED00392,1,0,0,0,1,0,0,0,1,750
202002,SED00394,29,6,6,8603750,12,2,2880861,3969320,44,840
202002,SED00397,17,5,2,1791310,6,1,144441,1058116,30,723
202002,SED00398,36,15,12,11451720,18,4,4315108,6674963,49,1003
202002,SED00400,0,0,0,0,0,0,0,0,1,-1
202002,SED00401,21,11,8,8653776,11,2,1554679,4094238,59,1178
202002,SED00403,1,0,0,0,1,0,0,0,1,836
202002,SED00406,77,21,15,16132868,45,5,7101721,8944875,114,1115
202002,SED00409,0,0,0,0,0,0,0,0,1,-1
202002,SED00412,49,13,6,6253242,23,2,5175135,4697570,71,1142
202002,SED00416,41,10,7,9052543,21,3,5412510,6862458,67,1178
202002,SED00418,0,0,0,0,0,0,0,0,1,-1
202002,SED00421,27,4,4,7739222,12,2,2887825,5957167,43,1156
202002,SED00422,2,0,0,0,1,0,0,0,1,894
202002,SED00424,0,0,0,0,0,0,0,0,2,-1
202002,SED00425,84,27,17,17552052,41,6,9070434,11488470,133,1187
202002,SED00427,0,0,0,0,0,0,0,0,1,-1
202002,SED00428,77,25,19,18988439,38,7,7072543,11275220,141,1191
202002,SED00429,0,0,0,0,0,0,0,0,1,-1
202002,SED00430,21,6,1,1442562,11,1,841345,750055,24,1054
202002,SED00432,1,0,0,0,1,0,0,0,1,836
202002,SED00433,0,0,0,0,0,0,0,0,1,-1
202002,SED00434,21,14,11,15242570,13,3,5640470,10777222,40,1088
202002,SED00438,2,0,0,0,1,0,0,0,2,1058
202002,SED00440,2,1,0,0,2,0,0,0,2,892
202002,SED00441,58,24,16,17377640,24,7,7349486,10093300,69,1152
202002,SED00442,0,0,0,0,0,0,0,0,1,-1
202002,SED00446,33,5,2,557496,17,1,423253,486733,48,1196
202002,SED00447,46,21,17,16448957,25,6,12958311,10330186,79,1104
202002,SED00448,27,7,3,4875334,15,2,1540607,4127187,49,939
202002,SED00449,105,30,17,19366160,49,7,9962274,13000004,145,1125
202002,SED00450,0,0,0,0,0,0,0,0,1,-1
202002,SED00453,40,7,7,6748860,22,3,6980837,4129416,69,1178
202002,SED00454,13,2,0,0,10,0,0,0,31,1192
202002,SED00459,0,0,0,0,0,0,0,0,1,-1
202002,SED00460,41,9,8,5097315,19,3,4311799,3259935,68,1068
202002,SED00462,1,0,0,0,1,0,0,0,1,781
202002,SED00463,122,47,40,35884690,53,14,20089486,25323534,148,1155
202002,SED00468,152,43,27,35821579,80,9,13328478,27030899,223,1187
202002,SED00472,0,0,0,0,0,0,0,0,1,-1
202002,SED00473,36,11,8,7912744,17,4,9952164,5923018,46,1124
202002,SED00475,0,0,0,0,0,0,0,0,1,-1
202002,SED00476,29,7,7,9290281,15,3,5249963,5800116,53,1144
202002,SED00477,28,8,6,7490352,12,3,8472528,4943060,38,1156
202002,SED00478,0,0,0,0,0,0,0,0,2,-1
202002,SED00481,41,11,9,3111002,19,4,6141509,2383643,53,966
202002,SED00482,53,13,12,16201825,26,5,6583286,9742604,75,918
202002,SED00483,26,8,6,4706582,18,3,2973333,4167736,54,1143
202002,SED00485,23,5,3,2483859,12,2,3742026,1383282,29,1106
202002,SED00488,34,18,16,19118344,16,6,7502081,15611964,47,1125
202002,SED00489,7,1,0,0,6,0,0,0,25,1032
202002,SED00490,30,10,2,2130830,18,1,258091,1635050,63,1185
202002,SED00495,19,4,3,860358,12,1,2069761,622962,43,992
202002,SED00497,33,11,8,7028896,18,3,6524937,3704350,40,1086
202002,SED00498,36,10,6,8554299,19,2,2762589,4312489,48,1173
202002,SED00500,37,13,9,11530814,16,3,4670053,8822341,49,979
202002,SED00504,0,0,0,0,0,0,0,0,1,-1
202002,SED00506,35,17,14,16223544,13,4,7550030,8918374,43,1169
202002,SED00510,0,0,0,0,0,0,0,0,1,-1
202002,SED00511,13,5,3,5290230,9,1,1041406,3208315,46,1115
202002,SED00516,41,14,9,12508618,18,3,4203159,9640542,70,1005
202002,SED00518,1,0,0,0,1,0,0,0,1,432
202002,SED00519,37,12,10,17875610,19,3,3162026,15399584,69,1195
202002,SED00521,18,6,2,2722466,12,1,961070,2582146,69,1131
202002,SED00523,0,0,0,0,0,0,0,0,1,-1
202002,SED00528,48,7,5,1305361,25,3,3118844,947621,70,1196
202002,SED00530,0,0,0,0,0,0,0,0,1,-1
202002,SED00533,2,0,0,0,1,0,0,0,1,801
202002,SED00534,0,0,0,0,0,0,0,0,1,-1
202002,SED00541,49,15,10,8704750,20,6,7194517,6576145,57,1091
202002,SED00544,46,13,12,13633098,22,5,5929082,6934276,77,993
202002,SED00546,0,0,0,0,0,0,0,0,1,-1
202002,SED00549,0,0,0,0,0,0,0,0,1,-1
202002,SED00554,56,16,12,14303857,27,4,3583222,10408019,67,1190
202002,SED00555,54,18,12,12022334,21,7,11394298,7663451,55,1092
202002,SED00561,23,6,5,3258424,10,2,5015601,1592796,27,1121
202002,SED00565,36,9,5,5042834,18,2,4378812,2403532,67,1098
202002,SED00566,0,0,0,0,0,0,0,0,2,-1
202002,SED00569,18,8,5,5672965,11,2,2766280,4046520,31,1124
202002,SED00571,19,9,5,6016441,10,2,3347547,5260224,28,1189
202002,SED00572,75,22,19,23341218,33,6,9686050,14841558,81,1014
202002,SED00573,31,5,1,870242,16,1,2254116,417279,75,1082
202002,SED00576,12,3,0,0,8,0,0,0,26,1145
202002,SED00577,0,0,0,0,0,0,0,0,1,-1
202002,SED00578,27,4,1,616543,14,1,1631145,357913,57,1082
202002,SED00581,25,8,5,1718441,14,2,3168435,817981,44,1046
202002,SED00582,24,10,8,5679430,11,3,4394038,4409060,48,1197
202002,SED00583,0,0,0,0,0,0,0,0,1,-1
202002,SED00587,66,15,8,3936526,29,3,5065006,2799233,76,894
202002,SED00591,29,9,8,7891084,11,3,6135743,4384502,37,1164
202002,SED00593,139,35,25,26496501,71,9,14346113,19929954,221,1154
202002,SED00595,36,13,12,15962829,13,5,8025199,12484996,37,1173
202002,SED00597,107,23,15,15861732,50,8,11732497,9896099,142,1188
202003,SED00002,0,0,0,0,0,0,0,0,1,-1
202003,SED00003,12,2,0,0,7,0,0,0,26,839
202003,SED00005,23,7,6,6115570,12,3,3363765,5134147,36,1148
202003,SED00008,0,0,0,0,0,0,0,0,1,-1
202003,SED00009,102,26,12,13253365,51,6,7752659,8037778,143,1113
202003,SED00010,20,0,0,0,15,0,0,0,53,1188
202003,SED00011,14,1,0,0,10,0,0,0,36,1019
202003,SED00013,1,0,0,0,1,0,0,0,1,172
202003,SED00015,55,13,9,13076450,29,4,5714144,10830136,77,1114
202003,SED00020,0,0,0,0,0,0,0,0,1,-1
202003,SED00021,48,15,12,11416750,22,5,6701853,6146975,75,1110
202003,SED00026,30,12,10,5588929,16,3,6102561,3365580,60,941
202003,SED00029,14,7,4,3258796,8,1,2776791,2753309,48,871
202003,SED00030,2,0,0,0,1,0,0,0,1,800
202003,SED00035,9,2,0,0,6,0,0,0,36,939
202003,SED00038,7,4,2,758382,6,1,1938440,654979,24,842
202003,SED00041,0,0,0,0,0,0,0,0,1,-1
202003,SED00042,0,0,0,0,0,0,0,0,2,-1
202003,SED00051,26,6,6,4118912,12,3,7770602,3061153,37,1117
202003,SED00056,39,12,7,8768756,18,5,5889999,7710024,71,1168
202003,SED00059,2,0,0,0,1,0,0,0,1,431
202003,SED00060,41,8,4,2438292,23,1,2805402,1376265,70,1144
202003,SED00063,0,0,0,0,0,0,0,0,1,-1
202003,SED00064,49,14,9,14208324,23,4,6600632,9270018,70,1171
202003,SED00067,51,16,12,11742089,16,6,11296314,7803006,61,1169
202003,SED00071,6,4,4,6644848,1,1,2899477,5860573,1,122
202003,SED00075,40,12,11,8606399,24,4,8337841,6535890,75,988
202003,SED00078,39,15,9,8792467,19,5,8571921,6458638,54,1048
202003,SED00079,18,13,11,17430776,10,4,4571849,11157269,39,1114
202003,SED00081,0,0,0,0,0,0,0,0,1,-1
202003,SED00082,32,8,4,6576844,17,1,2615506,4568012,67,1158
202003,SED00086,0,0,0,0,0,0,0,0,2,-1
202003,SED00088,26,6,3,1096707,15,1,300911,613179,36,1106
202003,SED00092,0,0,0,0,0,0,0,0,2,-1
202003,SED00094,3,0,0,0,1,0,0,0,1,529
202003,SED00103,0,0,0,0,0,0,0,0,1,-1
202003,SED00114,34,5,1,525595,21,1,2282590,463713,46,1151
202003,SED00115,14,2,2,458856,11,1,2502655,413402,28,1142
202003,SED00116,23,6,1,1615193,12,1,1108686,1506485,34,1140
202003,SED00117,40,13,12,11600208,22,5,9474675,8474339,62,1020
202003,SED00121,37,5,5,7584571,24,3,3465280,4687936,74,1194
202003,SED00123,31,15,12,20301364,18,3,3969385,12325776,64,1106
202003,SED00125,0,0,0,0,0,0,0,0,1,-1
202003,SED00126,31,9,7,6435809,13,4,7224476,4725615,46,1174
202003,SED00127,45,15,10,11595233,24,6,11456436,7008679,86,1128
202003,SED00128,30,5,3,4890162,14,1,2810190,4514456,35,1079
202003,SED00130,17,1,0,0,10,0,0,0,34,1166
202003,SED00131,45,13,12,15489759,21,4,10209605,11699941,85,1142
202003,SED00132,1,0,0,0,1,0,0,0,1,1134
202003,SED00133,66,15,11,5220332,38,5,9301517,3734408,144,1173
202003,SED00140,34,18,6,4117295,22,3,3977376,3197740,64,1172
202003,SED00143,30,11,2,1096514,17,1,1343675,533586,69,872
202003,SED00144,41,8,2,3645927,22,2,4001071,2515152,72,949
202003,SED00146,34,17,15,9777776,14,5,7960040,7070898,30,1060
202003,SED00148,155,30,14,19631873,77,7,9214348,12616416,254,1130
202003,SED00152,12,7,3,5346276,6,1,1301803,4609491,31,849
202003,SED00153,40,10,10,11219881,21,5,7162507,6966864,83,1159
202003,SED00155,0,0,0,0,0,0,0,0,1,-1
202003,SED00156,0,0,0,0,0,0,0,0,1,-1
202003,SED00158,0,0,0,0,0,0,0,0,1,-1
202003,SED00161,43,11,7,7362590,17,3,2727246,4895061,50,1158
202003,SED00162,30,8,7,9228408,17,3,5187341,4402330,33,1164
202003,SED00165,38,9,5,8052654,20,3,4903877,5091284,74,1149
202003,SED00166,37,10,5,6426399,20,3,3152725,3868940,67,1191
202003,SED00167,121,34,27,32712895,65,11,14823663,24450666,210,1140
202003,SED00169,18,0,0,0,10,0,0,0,33,957
202003,SED00170,0,0,0,0,0,0,0,0,1,-1
202003,SED00171,0,0,0,0,0,0,0,0,2,-1
202003,SED00174,37,10,5,8313935,14,2,1007387,6308236,34,1145
202003,SED00175,0,0,0,0,0,0,0,0,1,-1
202003,SED00178,0,0,0,0,0,0,0,0,1,-1
202003,SED00179,0,0,0,0,0,0,0,0,1,-1
202003,SED00182,81,18,8,6659068,44,4,7461481,3586308,124,1110
202003,SED00185,103,37,26,36925270,51,10,18603683,24905595,150,1165
202003,SED00189,0,0,0,0,0,0,0,0,1,-1
202003,SED00190,1,0,0,0,1,0,0,0,1,1055
202003,SED00192,23,9,6,8814006,13,2,4302732,5995069,43,981
202003,SED00194,13,5,5,4748957,7,2,1632061,4057754,27,989
202003,SED00196,2,0,0,0,1,0,0,0,1,1107
202003,SED00197,9,4,4,1500716,8,1,887676,772857,33,930
202003,SED00198,1,0,0,0,1,0,0,0,1,605
202003,SED00199,12,4,4,7531032,7,1,2358248,5921775,36,918
202003,SED00204,27,13,9,10430814,12,4,6284824,6955881,44,1050
202003,SED00208,0,0,0,0,0,0,0,0,3,-1
202003,SED00209,31,11,5,5661477,16,2,4693869,5173559,56,1111
202003,SED00210,71,15,11,11614733,31,5,5593853,8604799,88,1120
202003,SED00212,44,11,3,1163211,28,1,702818,1034788,87,1185
202003,SED00213,25,5,2,795718,17,2,2523874,430496,64,1070
202003,SED00216,4,0,0,0,3,0,0,0,25,1092
202003,SED00218,138,39,27,31299594,60,13,21468178,18852779,213,1195
202003,SED00219,34,7,4,6454212,21,1,442174,5820434,89,1161
202003,SED00221,71,28,19,21293519,40,7,12439799,15926180,144,1140
202003,SED00223,83,26,13,10175593,44,8,9175446,7619165,149,1097
202003,SED00225,29,4,0,0,16,0,0,0,43,1057
202003,SED00227,46,24,13,16211395,23,5,7734415,8846918,65,1081
202003,SED00228,0,0,0,0,0,0,0,0,1,-1
202003,SED00230,0,0,0,0,0,0,0,0,1,-1
202003,SED00232,16,0,0,0,10,0,0,0,32,861
202003,SED00233,28,12,9,6368205,15,3,4258078,3758857,40,1137
202003,SED00238,44,11,4,5688671,27,2,2419785,4353083,63,1181
202003,SED00240,46,13,8,13015728,28,2,3123092,9711020,85,1177
202003,SED00244,18,6,6,9939208,9,2,3630558,6522538,30,1079
202003,SED00248,0,0,0,0,0,0,0,0,2,-1
202003,SED00251,60,22,18,23053478,23,7,8392003,13540370,77,1191
202003,SED00252,33,15,10,14881867,20,3,2377847,11132658,59,1149
202003,SED00257,0,0,0,0,0,0,0,0,1,-1
202003,SED00259,47,20,15,13224040,27,8,13381335,10083200,72,1095
202003,SED00261,15,4,4,5489388,6,2,1920762,2596435,32,625
202003,SED00263,46,15,15,6827282,22,4,5569349,4006154,62,1114
202003,SED00265,20,5,1,1098577,11,1,957676,466931,43,1188
202003,SED00269,31,15,11,9979620,16,4,4576222,6926762,56,1132
202003,SED00270,31,11,8,5405878,13,3,6532744,3921679,32,1132
202003,SED00273,65,15,10,9806262,36,4,3399383,5437175,115,1158
202003,SED00275,44,18,14,19741704,14,5,9068780,11704632,43,1164
202003,SED00276,50,18,8,8056109,26,3,2865794,6437215,92,1107
202003,SED00278,0,0,0,0,0,0,0,0,1,-1
202003,SED00279,0,0,0,0,0,0,0,0,2,-1
202003,SED00282,0,0,0,0,0,0,0,0,1,-1
202003,SED00284,1,0,0,0,1,0,0,0,1,830
202003,SED00285,35,11,7,6218388,19,3,2686853,4018689,67,1034
202003,SED00287,20,2,0,0,12,0,0,0,58,1115
202003,SED00294,46,20,19,16582862,21,6,10458531,11635289,64,1151
202003,SED00295,30,8,6,5760006,14,2,4613248,4814898,79,1113
202003,SED00296,0,0,0,0,0,0,0,0,1,-1
202003,SED00297,10,2,1,1503623,6,1,1678134,929802,23,1169
202003,SED00299,51,14,7,3582092,25,2,2462274,2037026,82,1177
202003,SED00300,17,8,8,7888918,7,3,4248563,6205051,35,917
202003,SED00302,57,17,16,13989362,26,7,11232845,7035030,65,1040
202003,SED00304,30,16,14,15750482,11,5,7701430,11343864,37,920
202003,SED00305,49,14,14,13946273,25,4,5635557,9619787,74,1153
202003,SED00306,50,13,8,4178048,27,4,5604184,2736064,85,1147
202003,SED00307,17,4,2,3536956,8,1,1513542,1784312,26,1193
202003,SED00308,66,22,15,13548474,33,6,6704778,7587364,87,1177
202003,SED00311,35,6,3,3106809,16,1,1497100,2907586,42,1199
202003,SED00314,0,0,0,0,0,0,0,0,2,-1
202003,SED00318,16,9,6,4677397,10,3,1864821,3319539,43,762
202003,SED00325,0,0,0,0,0,0,0,0,1,-1
202003,SED00331,60,16,11,11022663,36,4,7198569,6873711,100,1195
202003,SED00332,32,14,13,6274418,14,4,5831498,4089391,60,848
202003,SED00337,39,9,6,3653529,23,3,5191093,2088886,63,1187
202003,SED00338,58,11,9,7936937,26,5,10085885,4473044,84,1180
202003,SED00343,9,2,2,1814850,5,1,516872,1015978,38,673
202003,SED00344,1,0,0,0,1,0,0,0,1,144
202003,SED00345,0,0,0,0,0,0,0,0,1,-1
202003,SED00350,0,0,0,0,0,0,0,0,1,-1
202003,SED00355,34,14,10,6212932,13,4,7372433,4014845,35,1132
202003,SED00356,17,2,2,891950,7,1,2582133,475519,24,1031
202003,SED00358,0,0,0,0,0,0,0,0,1,-1
202003,SED00365,0,0,0,0,0,0,0,0,1,-1
202003,SED00369,91,27,15,6176615,46,5,6571563,4521268,105,1132
202003,SED00372,104,42,31,38845401,48,10,17865739,29890441,146,1170
202003,SED00376,2,0,0,0,1,0,0,0,1,851
202003,SED00378,0,0,0,0,0,0,0,0,1,-1
202003,SED00379,52,18,16,12029215,23,5,8079520,9912943,65,1114
202003,SED00389,0,0,0,0,0,0,0,0,1,-1
202003,SED00394,31,15,8,10922516,16,2,4178360,5240071,54,1167
202003,SED00397,16,7,6,2560424,7,2,2321467,1619997,25,968
202003,SED00398,15,5,5,2236347,11,2,1686399,1837105,39,1075
202003,SED00401,26,6,1,1407651,17,1,805418,577485,67,1103
202003,SED00406,47,14,11,11759457,22,5,6020612,7231872,74,1170
202003,SED00407,0,0,0,0,0,0,0,0,1,-1
202003,SED00412,50,21,16,10339509,20,6,10018128,6892867,60,1185
202003,SED00416,30,11,10,9103720,16,3,4909624,5719596,61,850
202003,SED00418,0,0,0,0,0,0,0,0,2,-1
202003,SED00419,0,0,0,0,0,0,0,0,1,-1
202003,SED00421,39,11,10,5242716,15,4,7864148,3694237,42,920
202003,SED00425,90,20,12,11001553,42,6,8060505,7246601,146,1148
202003,SED00427,0,0,0,0,0,0,0,0,1,-1
202003,SED00428,122,39,28,28237733,54,10,12009525,18706510,143,1091
202003,SED00430,20,4,3,4192029,9,1,690526,3132097,34,1149
202003,SED00433,1,0,0,0,1,0,0,0,1,592
202003,SED00434,16,9,8,8429652,6,2,1940611,4095643,37,1094
202003,SED00439,0,0,0,0,0,0,0,0,1,-1
202003,SED00440,2,0,0,0,1,0,0,0,1,942
202003,SED00441,40,12,9,7992038,18,4,3943516,4879374,65,1109
202003,SED00442,0,0,0,0,0,0,0,0,2,-1
202003,SED00446,55,23,16,20002667,27,5,7739416,14428797,73,1193
202003,SED00447,43,8,8,6245858,20,4,6414951,4328001,84,1194
202003,SED00448,26,12,11,13748575,13,4,5048885,8073491,43,1178
202003,SED00449,65,12,5,4119966,40,2,5032025,3376457,133,1151
202003,SED00450,0,0,0,0,0,0,0,0,1,-1
202003,SED00453,41,12,7,6433221,18,3,3278684,3377941,69,1166
202003,SED00454,13,9,4,3486124,7,1,760139,2398304,26,1080
202003,SED00455,0,0,0,0,0,0,0,0,1,-1
202003,SED00457,1,0,0,0,1,0,0,0,3,896
202003,SED00459,0,0,0,0,0,0,0,0,1,-1
202003,SED00460,31,7,3,4128009,18,1,2935321,3883632,81,968
202003,SED00461,0,0,0,0,0,0,0,0,1,-1
202003,SED00463,93,32,13,18274854,50,6,8230548,15644527,142,1172
202003,SED00465,0,0,0,0,0,0,0,0,1,-1
202003,SED00468,118,41,27,30337019,66,8,10154601,23308845,189,1177
202003,SED00473,19,4,3,3537471,12,1,1180971,1749682,50,1071
202003,SED00474,0,0,0,0,0,0,0,0,1,-1
202003,SED00476,39,8,3,1412481,19,2,3294858,1161605,51,789
202003,SED00477,28,6,1,939018,17,1,245475,862572,45,1187
202003,SED00481,26,5,4,998840,12,1,431747,492504,46,1165
202003,SED00482,22,4,3,5668497,15,1,1505311,4832802,61,1055
202003,SED00483,36,9,8,6715259,17,4,3569317,3602567,70,1154
202003,SED00484,1,0,0,0,1,0,0,0,1,405
202003,SED00485,13,7,4,3572477,8,2,3794965,2929862,33,855
202003,SED00486,0,0,0,0,0,0,0,0,1,-1
202003,SED00488,16,4,2,245102,12,1,1543684,218192,37,1168
202003,SED00489,22,4,3,5234724,12,1,990076,3950013,34,1173
202003,SED00490,40,13,12,14253393,19,5,10499927,9760286,68,1182
202003,SED00495,35,11,4,1628770,18,2,1685589,1229631,45,1108
202003,SED00497,22,7,5,4404194,8,2,4172476,4009335,27,1087
202003,SED00498,31,3,1,1695209,16,1,1884511,1265052,50,1151
202003,SED00500,43,19,16,19407002,16,5,10471920,13573851,47,1166
202003,SED00503,1,4,4,2179608,1,1,387643,1446861,1,30
202003,SED00504,0,0,0,0,0,0,0,0,1,-1
202003,SED00505,0,0,0,0,0,0,0,0,1,-1
202003,SED00506,44,13,11,11829140,20,6,8345785,7751492,54,1014
202003,SED00511,29,6,5,3663662,13,3,5058099,2280552,49,1052
202003,SED00512,0,0,0,0,0,0,0,0,1,-1
202003,SED00516,44,5,5,2488658,25,2,3166264,1542773,73,1151
202003,SED00519,39,11,5,4133717,21,2,1231656,2265870,74,1158
202003,SED00521,53,19,12,12405159,20,5,9620134,8931247,60,1080
202003,SED00523,2,0,0,0,1,0,0,0,1,1160
202003,SED00528,42,17,13,16472077,22,6,6635486,10087443,69,1106
202003,SED00539,2,0,0,0,1,0,0,0,3,459
202003,SED00541,28,3,2,2141780,15,1,1101061,1557221,55,1158
202003,SED00543,2,0,0,0,1,0,0,0,1,375
202003,SED00544,56,19,13,13907881,29,5,8227230,9560010,82,1099
202003,SED00548,0,0,0,0,0,0,0,0,1,-1
202003,SED00550,0,0,0,0,0,0,0,0,1,-1
202003,SED00551,2,0,0,0,1,0,0,0,1,688
202003,SED00554,45,12,8,10774358,28,3,2022943,7746184,74,1177
202003,SED00555,33,8,4,3588130,14,3,4503528,2039757,56,1147
202003,SED00557,0,0,0,0,0,0,0,0,1,-1
202003,SED00559,0,0,0,0,0,0,0,0,1,-1
202003,SED00561,13,8,8,4632603,5,3,3436983,3774151,31,726
202003,SED00563,0,0,0,0,0,0,0,0,1,-1
202003,SED00565,42,9,6,7786297,22,3,4366914,5507572,58,1080
202003,SED00569,20,9,8,6182576,10,2,1829720,4419317,26,966
202003,SED00571,23,2,2,2298858,13,1,1948906,1364871,42,1157
202003,SED00572,33,7,6,7110118,20,2,3882585,5889902,71,1180
202003,SED00573,58,10,7,7716439,27,3,1317264,5685844,70,1156
202003,SED00576,30,8,5,4801706,13,2,2211444,3601891,32,1147
202003,SED00578,39,7,7,6498585,20,3,6216456,4180502,68,1101
202003,SED00581,23,6,4,7083557,12,2,3628645,6002421,41,1094
202003,SED00582,28,12,5,8642855,16,2,4674526,6762939,51,1199
202003,SED00586,0,0,0,0,0,0,0,0,1,-1
202003,SED00587,32,6,1,1401687,16,1,1041431,600989,70,998
202003,SED00591,9,3,0,0,7,0,0,0,21,1157
202003,SED00593,131,34,21,23165670,65,8,9277081,19572778,191,1181
202003,SED00595,35,14,9,14285361,19,4,6554262,9526091,46,1139
202003,SED00597,86,22,10,8018663,46,5,10356905,4855489,143,1185
202003,SED00598,0,0,0,0,0,0,0,0,1,-1
202003,SED00600,2,0,0,0,1,0,0,0,1,598
202004,SED00002,0,0,0,0,0,0,0,0,1,-1
202004,SED00003,18,4,2,734072,8,1,528269,569309,32,1023
202004,SED00005,18,7,7,10241494,10,2,1447016,6978296,40,1054
202004,SED00009,71,21,17,11404464,41,6,7296258,7580448,126,1180
202004,SED00010,41,12,7,9574280,19,3,2661276,5202961,43,1142
202004,SED00011,37,12,6,4253962,17,2,1654472,2923485,44,1146
202004,SED00015,52,17,16,13881899,25,6,9909856,8575197,64,1103
202004,SED00021,35,15,11,9863357,17,3,3768091,7276831,65,1104
202004,SED00023,3,0,0,0,2,0,0,0,2,1163
202004,SED00026,37,5,5,4685158,20,2,737925,2261374,45,1151
202004,SED00029,34,1,1,319604,18,1,500355,286114,49,1173
202004,SED00030,1,0,0,0,1,0,0,0,1,1137
202004,SED00035,21,1,1,1910621,12,1,887744,1539847,36,1192
202004,SED00038,18,3,3,3933132,11,1,2587689,1748055,25,929
202004,SED00046,0,0,0,0,0,0,0,0,2,-1
202004,SED00048,4,4,4,5641804,1,1,2576449,4272797,1,281
202004,SED00051,27,8,7,7725840,12,2,4428258,5317196,39,1177
202004,SED00052,0,0,0,0,0,0,0,0,1,-1
202004,SED00056,44,15,10,10443074,23,3,7395074,6577629,70,1183
202004,SED00060,46,10,5,3959791,20,3,7722218,2768552,73,1152
202004,SED00064,38,9,6,3978377,20,4,3513001,2488015,67,1078
202004,SED00067,46,17,13,22913495,22,4,7521735,15228594,87,1195
202004,SED00074,1,0,0,0,1,0,0,0,1,1042
202004,SED00075,44,11,7,9739055,27,3,3391175,5258218,76,1191
202004,SED00076,0,0,0,0,0,0,0,0,1,-1
202004,SED00078,35,5,3,5187172,17,2,5327545,4110717,55,1182
202004,SED00079,27,2,0,0,17,0,0,0,42,1178
202004,SED00082,45,15,12,13995722,22,6,11374328,8747293,81,1151
202004,SED00088,7,1,0,0,4,0,0,0,29,779
202004,SED00093,2,0,0,0,1,0,0,0,1,522
202004,SED00096,2,0,0,0,1,0,0,0,1,95
202004,SED00097,0,0,0,0,0,0,0,0,1,-1
202004,SED00098,2,1,1,1650555,1,1,231094,968047,1,113
202004,SED00100,1,0,0,0,1,0,0,0,1,667
202004,SED00104,0,0,0,0,0,0,0,0,1,-1
202004,SED00111,0,0,0,0,0,0,0,0,1,-1
202004,SED00112,0,0,0,0,0,0,0,0,1,-1
202004,SED00114,18,5,4,4861828,9,1,563770,2754158,38,1117
202004,SED00115,18,8,3,1288518,11,1,2033739,1165709,34,1167
202004,SED00116,26,9,6,6472314,9,2,1949937,5275357,17,1011
202004,SED00117,54,10,1,1475296,32,1,927778,932491,87,1199
202004,SED00119,0,0,0,0,0,0,0,0,1,-1
202004,SED00121,34,18,12,16218546,21,4,3841461,12453595,69,1099
202004,SED00123,49,17,15,12122459,21,5,10877564,8508825,74,1173
202004,SED00125,0,0,0,0,0,0,0,0,2,-1
202004,SED00126,30,9,9,12292848,15,3,3830874,7296094,49,1145
202004,SED00127,41,10,5,4636480,22,2,4176835,2871372,73,1191
202004,SED00128,24,8,7,8440708,11,3,5573346,4857317,38,1034
202004,SED00130,16,7,5,6378210,11,2,3424018,3647888,30,831
202004,SED00131,68,24,18,17888050,31,8,8070605,11876767,102,1157
202004,SED00133,84,27,15,8460563,45,6,4833969,5719431,142,1183
202004,SED00140,57,24,15,16445632,30,5,7096060,11361075,73,1051
202004,SED00142,1,0,0,0,1,0,0,0,1,702
202004,SED00143,67,14,5,5598163,32,3,6349427,3363171,72,1141
202004,SED00144,44,8,8,8273164,21,4,8583932,4528709,69,1012
202004,SED00146,8,4,3,2349405,5,1,996108,2066000,31,768
202004,SED00148,184,42,26,18548106,84,12,21542272,13253063,301,1177
202004,SED00152,37,11,11,15291369,15,4,4565093,8831139,41,1172
202004,SED00153,64,30,23,30582474,31,8,13793753,23175348,104,1009
202004,SED00155,0,0,0,0,0,0,0,0,1,-1
202004,SED00161,29,9,4,3718784,12,2,3361349,2236293,45,1195
202004,SED00162,12,2,2,1487124,8,1,804228,1171312,38,1175
202004,SED00163,1,2,0,0,1,0,0,0,1,705
202004,SED00165,61,13,12,15757957,29,5,5840178,13106711,90,1164
202004,SED00166,35,10,7,9637889,23,3,1946559,6954594,81,1116
202004,SED00167,182,65,50,46855006,79,17,23351068,30436832,229,1186
202004,SED00169,15,4,3,3919944,10,1,2039427,2912235,39,1077
202004,SED00174,12,2,2,2675202,5,1,2018736,2516301,18,955
202004,SED00176,2,0,0,0,1,0,0,0,1,758
202004,SED00182,105,36,25,21601616,47,12,24542624,17239516,134,1179
202004,SED00185,90,24,17,19737134,45,7,10284948,11713173,140,1187
202004,SED00192,34,6,5,2464699,20,2,3919375,1334634,48,1114
202004,SED00194,9,6,5,6923520,8,2,3281156,3573877,24,1114
202004,SED00197,14,7,3,670035,8,1,475667,585477,27,1070
202004,SED00199,17,5,5,4659617,11,2,2213216,3071018,31,1093
202004,SED00204,17,3,0,0,11,0,0,0,43,1151
202004,SED00209,14,0,0,0,8,0,0,0,52,895
202004,SED00210,52,6,4,919039,26,2,4455722,575149,79,1159
202004,SED00212,26,5,3,2459604,16,1,2255596,1541937,66,1116
202004,SED00213,39,10,6,6595608,20,3,3590946,5801138,74,1137
202004,SED00216,28,6,1,125307,12,1,1598534,87853,26,1195
202004,SED00218,130,38,31,40356902,69,13,25888078,31325738,205,1184
202004,SED00219,67,20,16,21773042,26,7,15705045,13876591,85,1069
202004,SED00220,0,0,0,0,0,0,0,0,1,-1
202004,SED00221,94,29,18,12854681,41,7,6122580,8163601,151,1168
202004,SED00223,101,26,13,13475215,49,5,8371726,8109072,148,1178
202004,SED00225,25,4,0,0,15,0,0,0,47,1162
202004,SED00227,44,12,5,6822826,26,2,1463499,4983559,64,1185
202004,SED00232,20,6,5,7605604,11,2,2556474,4678535,33,968
202004,SED00233,37,18,16,21093701,15,5,8761687,12714291,38,1156
202004,SED00234,0,0,0,0,0,0,0,0,1,-1
202004,SED00238,45,10,8,12641454,20,4,3382489,7793539,79,859
202004,SED00240,32,6,5,7527709,17,3,5612221,5703104,70,1016
202004,SED00241,0,0,0,0,0,0,0,0,1,-1
202004,SED00243,1,0,0,0,1,0,0,0,2,647
202004,SED00244,31,10,6,7485158,15,3,3734500,5512298,33,1179
202004,SED00246,1,0,0,0,1,0,0,0,1,413
202004,SED00250,0,0,0,0,0,0,0,0,1,-1
202004,SED00251,33,6,0,0,19,0,0,0,73,1068
202004,SED00252,45,9,4,2037717,24,2,2854091,1610225,76,1113
202004,SED00253,0,0,0,0,0,0,0,0,2,-1
202004,SED00256,1,0,0,0,1,0,0,0,1,225
202004,SED00258,0,0,0,0,0,0,0,0,1,-1
202004,SED00259,38,9,4,2162852,23,2,4435326,1764167,69,1068
202004,SED00261,25,7,7,6443352,11,3,3892070,5512068,32,1117
202004,SED00263,31,8,4,3084428,17,1,1890837,1564524,57,1181
202004,SED00265,32,11,4,4902570,14,2,2689023,3357804,39,1077
202004,SED00269,7,4,4,5888808,6,1,1668275,2950498,30,812
202004,SED00270,13,6,6,4488588,4,2,1958216,3465389,25,889
202004,SED00271,0,0,0,0,0,0,0,0,1,-1
202004,SED00273,95,24,22,19783799,45,9,17432068,11830815,166,1180
202004,SED00275,37,13,8,9835192,20,3,6850422,4335034,58,1150
202004,SED00276,73,21,15,19109743,37,6,9313873,12076224,98,1198
202004,SED00277,0,0,0,0,0,0,0,0,2,-1
202004,SED00285,43,9,9,13564340,19,4,4099554,7153239,67,1171
202004,SED00286,0,0,0,0,0,0,0,0,1,-1
202004,SED00287,40,9,4,3904790,21,2,4300350,3282969,67,1187
202004,SED00288,1,0,0,0,1,0,0,0,1,787
202004,SED00294,51,15,12,10836845,22,5,7269869,8565199,57,1092
202004,SED00295,50,18,12,13995860,21,6,9957298,10530942,62,1145
202004,SED00297,15,8,8,4833592,6,2,2520500,4235156,23,1043
202004,SED00298,0,0,0,0,0,0,0,0,1,-1
202004,SED00299,43,9,6,3564114,21,2,2480690,1847636,57,1199
202004,SED00300,18,10,7,6205184,9,2,1728616,5685101,46,727
202004,SED00302,56,25,16,12189240,24,5,6930128,9259672,67,917
202004,SED00304,16,1,1,607103,10,1,857700,479529,38,1189
202004,SED00305,49,8,4,4506378,24,2,4747844,3959955,67,1196
202004,SED00306,50,11,7,6560782,17,3,4483336,5009637,66,1185
202004,SED00307,31,10,8,7639404,9,3,6285661,5646934,25,1103
202004,SED00308,32,7,3,5446125,15,1,2681850,3112094,68,1100
202004,SED00311,25,9,8,9840941,12,3,4393059,6450397,43,1071
202004,SED00313,0,0,0,0,0,0,0,0,2,-1
202004,SED00314,0,0,0,0,0,0,0,0,1,-1
202004,SED00318,29,7,6,4710926,16,2,4802049,3118044,48,1158
202004,SED00331,57,23,13,12601242,29,4,2864888,9737888,90,1119
202004,SED00332,10,1,0,0,7,0,0,0,48,719
202004,SED00337,65,20,13,12766708,26,5,11227513,10904779,64,1177
202004,SED00338,58,14,9,11759335,28,3,5048750,9227178,76,1198
202004,SED00343,24,6,4,4775945,13,4,7531831,3148794,38,804
202004,SED00352,3,2,0,0,1,0,0,0,1,349
202004,SED00354,2,0,0,0,1,0,0,0,1,1036
202004,SED00355,16,7,5,2885366,10,2,4028808,1456168,39,1038
202004,SED00356,27,5,3,1479975,17,1,1878043,830787,33,1065
202004,SED00358,0,0,0,0,0,0,0,0,1,-1
202004,SED00360,0,0,0,0,0,0,0,0,1,-1
202004,SED00361,0,0,0,0,0,0,0,0,2,-1
202004,SED00366,0,0,0,0,0,0,0,0,1,-1
202004,SED00369,77,17,9,7401281,34,5,9032481,5080594,101,1187
202004,SED00370,1,1,1,1596107,1,1,964126,847587,1,279
202004,SED00371,2,0,0,0,1,0,0,0,1,426
202004,SED00372,87,17,8,10674590,45,4,7799790,6497564,135,1157
202004,SED00373,0,0,0,0,0,0,0,0,1,-1
202004,SED00375,1,0,0,0,1,0,0,0,1,932
202004,SED00379,29,9,4,7923700,17,1,2382924,4837889,74,1176
202004,SED00380,6,1,1,1034391,1,1,1465014,494501,1,208
202004,SED00385,0,0,0,0,0,0,0,0,1,-1
202004,SED00391,4,1,1,1361048,1,1,1132245,560988,1,222
202004,SED00394,28,6,2,962302,12,1,2418622,413972,43,1038
202004,SED00397,24,6,4,7044080,12,1,834216,5476215,27,1192
202004,SED00398,23,9,6,6025719,11,2,1612305,5490270,29,1193
202004,SED00399,0,0,0,0,0,0,0,0,1,-1
202004,SED00401,48,11,11,11802022,22,5,4359339,8140083,65,1169
202004,SED00403,0,0,0,0,0,0,0,0,1,-1
202004,SED00406,51,28,22,25520383,26,7,8934916,17964684,106,1153
202004,SED00408,0,0,0,0,0,0,0,0,1,-1
202004,SED00409,0,0,0,0,0,0,0,0,1,-1
202004,SED00410,0,0,0,0,0,0,0,0,1,-1
202004,SED00412,40,12,8,7743137,17,3,5566691,4572222,71,1178
202004,SED00416,77,21,13,15228062,36,6,11498908,8261399,85,1062
202004,SED00420,0,0,0,0,0,0,0,0,1,-1
202004,SED00421,32,8,3,3591470,12,2,3275382,2597894,46,1171
202004,SED00423,0,0,0,0,0,0,0,0,1,-1
202004,SED00424,0,0,0,0,0,0,0,0,1,-1
202004,SED00425,79,31,16,13203846,46,5,5686880,9163885,124,1153
202004,SED00428,89,33,24,34289796,39,8,12143117,21373212,126,1068
202004,SED00430,13,2,0,0,9,0,0,0,43,1030
202004,SED00431,0,0,0,0,0,0,0,0,1,-1
202004,SED00434,32,15,14,17202706,13,4,6532796,13211010,34,1110
202004,SED00440,0,0,0,0,0,0,0,0,1,-1
202004,SED00441,45,13,8,6625898,20,4,7373229,3917757,72,1151
202004,SED00446,62,16,9,5618530,27,5,8896475,3737045,78,1190
202004,SED00447,58,17,14,12872484,27,6,12138981,8291252,81,1199
202004,SED00448,27,10,5,6137019,15,2,1306592,3174435,52,1037
202004,SED00449,82,28,19,23763494,44,7,9150632,14414584,125,1178
202004,SED00450,2,0,0,0,1,0,0,0,1,880
202004,SED00451,2,2,0,0,1,0,0,0,3,363
202004,SED00452,2,0,0,0,1,0,0,0,1,130
202004,SED00453,49,18,16,14516375,22,5,7284357,7537711,76,1023
202004,SED00454,23,3,3,3363354,12,1,107721,2390642,39,1182
202004,SED00458,0,0,0,0,0,0,0,0,1,-1
202004,SED00460,29,4,0,0,17,0,0,0,81,1040
202004,SED00463,86,21,14,14689332,43,5,3480191,12316330,150,1144
202004,SED00464,1,0,0,0,1,0,0,0,1,661
202004,SED00467,2,0,0,0,2,0,0,0,2,1146
202004,SED00468,119,41,28,20986439,60,11,17110808,13145051,190,1139
202004,SED00473,24,4,2,1047522,13,1,1961167,958977,46,1181
202004,SED00474,0,0,0,0,0,0,0,0,1,-1
202004,SED00476,20,2,2,2622265,12,2,1371087,1541424,49,1066
202004,SED00477,25,11,4,3834074,12,3,3569661,2373268,51,1092
202004,SED00481,22,4,2,345407,11,2,2179349,255629,41,1179
202004,SED00482,34,12,7,9826893,21,2,3641098,7965257,66,1196
202004,SED00483,32,7,4,5725259,16,2,1743804,4515973,73,1108
202004,SED00484,1,0,0,0,1,0,0,0,1,362
202004,SED00485,13,9,7,3316991,9,2,5069333,2532788,27,1155
202004,SED00488,41,11,9,9962291,20,5,7938680,6941894,53,1190
202004,SED00489,19,11,11,12883973,11,3,5838966,8212292,35,1198
202004,SED00490,46,7,0,0,29,0,0,0,75,1174
202004,SED00492,0,0,0,0,0,0,0,0,1,-1
202004,SED00495,18,1,0,0,12,0,0,0,41,1183
202004,SED00497,19,8,5,7403275,9,2,2467961,5313810,30,852
202004,SED00498,26,7,3,2614366,13,2,5494076,1814111,44,1141
202004,SED00499,0,0,0,0,0,0,0,0,1,-1
202004,SED00500,28,3,2,3919044,16,1,2240242,1946273,56,1160
202004,SED00506,24,4,2,627144,15,1,132401,262438,44,1023
202004,SED00511,22,4,4,7818942,12,2,4900135,5659328,45,1092
202004,SED00516,49,5,5,6681063,25,3,4957970,4346167,66,1149
202004,SED00519,46,10,5,5241762,26,2,5617882,3735063,70,1186
202004,SED00521,39,15,10,5719921,18,4,8357552,3617648,75,983
202004,SED00528,26,5,5,4501608,12,2,3038851,3631043,64,1171
202004,SED00529,2,0,0,0,1,0,0,0,1,391
202004,SED00537,1,1,0,0,1,0,0,0,1,361
202004,SED00539,0,0,0,0,0,0,0,0,1,-1
202004,SED00540,0,0,0,0,0,0,0,0,1,-1
202004,SED00541,32,5,3,1239684,13,1,2447329,517730,50,1134
202004,SED00544,48,15,11,13537947,22,4,7120085,8755657,72,1167
202004,SED00548,0,0,0,0,0,0,0,0,1,-1
202004,SED00550,0,0,0,0,0,0,0,0,1,-1
202004,SED00554,54,8,1,633233,27,1,2121289,430063,70,1164
202004,SED00555,32,16,8,8987112,15,3,7190697,6899242,58,983
202004,SED00557,3,2,0,0,1,0,0,0,1,225
202004,SED00561,16,2,0,0,10,0,0,0,26,996
202004,SED00565,29,2,1,688756,18,1,2218862,652732,70,1195
202004,SED00566,0,0,0,0,0,0,0,0,1,-1
202004,SED00568,0,0,0,0,0,0,0,0,1,-1
202004,SED00569,26,11,8,14097048,14,2,3685282,12948172,32,1003
202004,SED00570,0,0,0,0,0,0,0,0,1,-1
202004,SED00571,24,9,8,11849450,11,3,3961108,8846831,37,1142
202004,SED00572,47,14,12,17118186,27,4,3361119,9767174,74,1166
202004,SED00573,43,8,6,7662496,23,3,3425928,5456382,70,1167
202004,SED00576,12,2,0,0,8,0,0,0,39,1188
202004,SED00577,0,0,0,0,0,0,0,0,1,-1
202004,SED00578,62,22,14,9835409,29,6,9863183,8647928,83,913
202004,SED00580,0,0,0,0,0,0,0,0,1,-1
202004,SED00581,17,5,5,4451764,12,3,6227132,3484687,43,969
202004,SED00582,36,6,3,2441664,20,1,700656,1549983,54,1170
202004,SED00584,1,0,0,0,1,0,0,0,1,1080
202004,SED00587,36,9,4,6387812,24,2,3214026,4041214,64,1179
202004,SED00590,1,2,0,0,1,0,0,0,1,801
202004,SED00591,12,1,0,0,10,0,0,0,26,1144
202004,SED00592,0,0,0,0,0,0,0,0,1,-1
202004,SED00593,135,45,36,29876939,58,15,18449378,20770720,206,1166
202004,SED00595,47,7,7,6909309,19,4,3708259,5993955,49,1106
202004,SED00597,73,22,18,23050851,33,8,12414828,16112017,132,1127
202005,SED00001,0,0,0,0,0,0,0,0,1,-1
202005,SED00003,19,2,2,840026,10,1,1733468,386231,31,860
202005,SED00005,28,15,14,7402235,15,5,9725258,4807053,44,1113
202005,SED00009,103,22,15,14484028,51,7,7777887,11293865,143,1199
202005,SED00010,15,8,3,5861649,9,1,470809,2991822,37,791
202005,SED00011,33,12,10,10670127,18,3,6656111,6699095,44,1062
202005,SED00015,65,23,15,14114357,27,5,8778928,11368190,78,1145
202005,SED00018,0,0,0,0,0,0,0,0,1,-1
202005,SED00021,35,9,7,7965399,19,3,4394644,5323752,56,1179
202005,SED00026,30,9,8,11792431,18,3,3526000,6024325,53,1187
202005,SED00028,0,0,0,0,0,0,0,0,1,-1
202005,SED00029,22,6,2,2419493,12,2,3304504,1902150,47,1071
202005,SED00033,0,0,0,0,0,0,0,0,1,-1
202005,SED00035,19,6,6,6796302,7,2,1688075,5884482,35,908
202005,SED00038,38,5,3,3210673,17,2,1738492,2284581,43,1064
202005,SED00042,1,0,0,0,1,0,0,0,2,457
202005,SED00045,3,4,4,6301988,1,1,939626,3484013,1,593
202005,SED00051,48,11,10,9263058,22,5,5643770,5882409,48,1080
202005,SED00056,59,17,15,15330213,26,7,12200583,11404166,78,1159
202005,SED00059,0,0,0,0,0,0,0,0,1,-1
202005,SED00060,43,17,13,3500892,25,4,6743425,2924670,61,1026
202005,SED00062,0,0,0,0,0,0,0,0,1,-1
202005,SED00064,34,10,10,11201941,18,4,5775248,5688226,78,928
202005,SED00065,0,0,0,0,0,0,0,0,1,-1
202005,SED00067,90,28,24,32433707,33,9,10351804,23708140,92,1181
202005,SED00075,47,14,8,4708476,21,3,3634163,3438822,62,1147
202005,SED00078,28,6,3,3550768,17,2,1823511,2278198,44,1158
202005,SED00079,54,15,9,3224504,20,5,4863627,2454029,55,1120
202005,SED00082,56,12,10,13310990,24,5,7077598,10340642,86,1198
202005,SED00086,0,0,0,0,0,0,0,0,1,-1
202005,SED00088,30,9,9,8529619,13,4,5469827,4982078,31,967
202005,SED00091,0,0,0,0,0,0,0,0,1,-1
202005,SED00093,3,4,4,5280028,1,1,2916354,4482950,1,125
202005,SED00096,2,0,0,0,1,0,0,0,1,758
202005,SED00097,0,0,0,0,0,0,0,0,1,-1
202005,SED00101,1,2,0,0,1,0,0,0,1,251
202005,SED00105,0,0,0,0,0,0,0,0,1,-1
202005,SED00106,0,0,0,0,0,0,0,0,1,-1
202005,SED00108,0,0,0,0,0,0,0,0,2,-1
202005,SED00114,24,7,2,3220050,13,1,2863285,2188533,38,1161
202005,SED00115,28,7,5,4149705,11,3,3859502,2392520,33,1194
202005,SED00116,10,4,0,0,5,0,0,0,31,1158
202005,SED00117,37,11,9,11544508,18,3,5178618,7902102,75,870
202005,SED00121,36,7,4,2208319,18,2,2860701,1459563,60,1098
202005,SED00123,26,10,7,5973255,13,2,3088511,4551412,64,1132
202005,SED00124,2,0,0,0,1,0,0,0,1,124
202005,SED00125,0,0,0,0,0,0,0,0,1,-1
202005,SED00126,33,11,6,4754868,17,2,1535330,3183595,43,1128
202005,SED00127,37,9,4,7985468,23,1,2559370,4955794,73,1054
202005,SED00128,50,12,8,12709282,24,3,4079245,7271068,63,1169
202005,SED00129,2,1,0,0,1,0,0,0,1,500
202005,SED00130,20,8,8,5328440,10,2,3728303,4892436,29,1077
202005,SED00131,55,26,15,14088182,31,6,12900072,9510842,85,1181
202005,SED00133,108,42,28,27625029,46,12,17429734,19589826,143,1143
202005,SED00140,46,22,16,14267416,23,6,8638350,8947341,75,1174
202005,SED00143,60,26,20,22871776,32,8,12044886,17618618,69,1187
202005,SED00144,54,15,10,12034472,22,5,9859130,8311705,74,939
202005,SED00145,0,0,0,0,0,0,0,0,1,-1
202005,SED00146,9,1,0,0,7,0,0,0,25,1063
202005,SED00148,171,52,24,24272455,92,11,12608594,16471874,281,1156
202005,SED00152,27,16,16,21734058,11,5,7026555,13114375,42,932
202005,SED00153,48,12,4,2146896,24,2,3401188,1799461,110,1068
202005,SED00161,39,8,2,2194190,19,1,122609,1875698,50,1143
202005,SED00162,21,13,11,12156194,9,5,9008834,8155804,25,689
202005,SED00165,53,9,8,8211056,21,4,5894767,6772600,69,1197
202005,SED00166,34,7,1,1991509,20,1,1569129,958834,67,1191
202005,SED00167,107,31,24,26204556,52,11,17630715,19567657,220,1175
202005,SED00169,14,1,0,0,9,0,0,0,31,1166
202005,SED00174,26,7,5,4572148,10,2,2196725,3779680,36,1003
202005,SED00176,0,0,0,0,0,0,0,0,1,-1
202005,SED00181,0,0,0,0,0,0,0,0,1,-1
202005,SED00182,80,45,29,32132464,45,10,17386661,19188421,132,1180
202005,SED00183,1,0,0,0,1,0,0,0,1,113
202005,SED00185,100,37,33,43035926,49,13,14827756,28772229,146,1195
202005,SED00188,0,0,0,0,0,0,0,0,1,-1
202005,SED00191,0,0,0,0,0,0,0,0,1,-1
202005,SED00192,25,1,0,0,14,0,0,0,53,1181
202005,SED00194,19,10,4,6552664,12,1,1394491,5548239,28,1096
202005,SED00196,0,0,0,0,0,0,0,0,1,-1
202005,SED00197,25,12,9,8795510,9,3,4605949,5097386,36,1044
202005,SED00198,2,0,0,0,1,0,0,0,1,208
202005,SED00199,12,3,3,3179680,5,2,3337113,1846535,34,1100
202005,SED00204,20,7,3,2093289,11,1,1871123,1791100,46,1121
202005,SED00207,0,0,0,0,0,0,0,0,1,-1
202005,SED00209,22,7,5,2382605,12,3,3156111,1373864,42,833
202005,SED00210,52,14,8,12222864,29,2,5072552,8657843,76,1143
202005,SED00211,0,0,0,0,0,0,0,0,1,-1
202005,SED00212,35,20,17,22245520,18,6,7048734,14896805,68,1157
202005,SED00213,34,11,6,2397441,18,3,4897535,1906446,75,1154
202005,SED00216,16,2,2,2234916,12,1,1376664,1587375,33,1184
202005,SED00218,132,46,27,27689474,66,10,9805615,18725499,211,1133
202005,SED00219,41,8,7,4231908,24,3,2541563,3304661,71,1089
202005,SED00221,54,18,11,15936829,31,4,6660688,10037931,131,1092
202005,SED00223,64,14,12,10190997,28,6,6874673,7709778,117,1184
202005,SED00225,29,14,8,5618380,12,3,1719201,4052870,41,1043
202005,SED00227,34,6,1,1496082,20,1,546868,1276715,68,1192
202005,SED00232,47,13,13,14433592,21,4,9254797,9593888,49,1105
202005,SED00233,15,5,2,254866,9,1,231880,208803,40,1168
202005,SED00234,0,0,0,0,0,0,0,0,1,-1
202005,SED00235,0,0,0,0,0,0,0,0,1,-1
202005,SED00236,0,0,0,0,0,0,0,0,1,-1
202005,SED00237,0,0,0,0,0,0,0,0,1,-1
202005,SED00238,54,22,17,18336933,19,7,7410528,12578663,81,1166
202005,SED00240,49,28,22,17084454,24,7,10739017,12889519,69,1150
202005,SED00244,17,3,2,3342926,10,2,1906804,2428634,35,984
202005,SED00246,3,1,0,0,1,0,0,0,1,790
202005,SED00247,1,0,0,0,1,0,0,0,1,419
202005,SED00251,63,19,17,6448518,26,7,10136368,4881401,69,1174
202005,SED00252,45,12,5,3788321,25,2,2770395,2015465,75,1181
202005,SED00257,0,0,0,0,0,0,0,0,1,-1
202005,SED00259,51,25,16,21898213,23,6,10452013,17214660,76,1165
202005,SED00261,19,7,1,1971642,9,1,1617830,1431970,45,1104
202005,SED00263,54,11,9,9975482,27,4,4195255,7141146,72,1162
202005,SED00265,16,5,3,3999981,7,1,2291623,3193718,28,801
202005,SED00267,2,0,0,0,1,0,0,0,2,1002
202005,SED00269,38,14,11,13340164,18,4,5812261,10328075,51,1199
202005,SED00270,21,7,5,2480865,9,2,3575063,1234969,31,777
202005,SED00271,0,0,0,0,0,0,0,0,1,-1
202005,SED00273,86,28,17,16944710,53,6,6921220,9437105,166,1164
202005,SED00275,49,26,20,17456136,19,6,6238365,14283181,63,1078
202005,SED00276,61,20,10,14881029,34,5,6114349,10286537,99,1097
202005,SED00278,0,0,0,0,0,0,0,0,1,-1
202005,SED00285,34,11,10,7252237,15,4,5038836,6055410,64,1172
202005,SED00286,0,0,0,0,0,0,0,0,1,-1
202005,SED00287,53,14,8,10565417,25,4,7657109,6704139,76,1124
202005,SED00291,1,0,0,0,1,0,0,0,2,396
202005,SED00294,44,23,19,18691016,20,7,9998294,10974499,75,1168
202005,SED00295,44,15,12,19223939,21,5,8471911,13231414,67,1189
202005,SED00297,8,1,0,0,5,0,0,0,23,1166
202005,SED00299,56,19,15,18373491,25,4,6349992,11495590,58,997
202005,SED00300,28,16,12,19590660,14,3,5203619,12826316,50,884
202005,SED00302,45,17,11,9706621,27,6,9867803,7028642,71,1046
202005,SED00304,33,11,5,8301424,17,2,2813009,7006779,62,1047
202005,SED00305,56,19,16,16365137,26,7,9353465,10153748,69,1185
202005,SED00306,37,17,14,14380169,20,5,9775255,7060314,69,1102
202005,SED00307,17,9,5,3074361,9,2,2778071,2517938,35,1012
202005,SED00308,58,16,11,14962142,25,5,7734992,10959343,64,1182
202005,SED00311,20,7,7,9482334,10,2,3019745,6693598,35,1143
202005,SED00313,0,0,0,0,0,0,0,0,1,-1
202005,SED00314,1,0,0,0,1,0,0,0,1,965
202005,SED00318,19,4,4,1302901,8,2,5471621,554397,48,975
202005,SED00329,0,0,0,0,0,0,0,0,1,-1
202005,SED00330,0,0,0,0,0,0,0,0,1,-1
202005,SED00331,66,28,17,17846333,28,6,12978394,10463460,103,1120
202005,SED00332,37,20,15,13855845,16,4,5675885,8208597,53,1030
202005,SED00334,7,3,3,1995549,1,1,638095,1700478,1,294
202005,SED00337,42,11,9,9422465,18,4,7126508,7642679,55,1053
202005,SED00338,41,18,14,14414387,21,6,10949189,8853118,61,1192
202005,SED00343,24,13,10,8705234,8,3,3714035,5455922,28,806
202005,SED00344,0,0,0,0,0,0,0,0,1,-1
202005,SED00347,2,0,0,0,1,0,0,0,1,533
202005,SED00352,0,0,0,0,0,0,0,0,1,-1
202005,SED00354,0,0,0,0,0,0,0,0,1,-1
202005,SED00355,8,1,1,1200317,5,1,1283426,1097824,30,610
202005,SED00356,4,0,0,0,3,0,0,0,21,830
202005,SED00362,0,0,0,0,0,0,0,0,2,-1
202005,SED00364,0,0,0,0,0,0,0,0,1,-1
202005,SED00365,1,0,0,0,1,0,0,0,3,730
202005,SED00369,55,14,7,3045528,30,2,2982230,2238016,91,1165
202005,SED00372,97,32,21,25848390,47,7,9279032,17763245,131,1196
202005,SED00373,0,0,0,0,0,0,0,0,1,-1
202005,SED00379,50,15,12,14425965,23,5,8490255,11197988,66,1189
202005,SED00381,0,0,0,0,0,0,0,0,1,-1
202005,SED00384,0,0,0,0,0,0,0,0,1,-1
202005,SED00387,0,0,0,0,0,0,0,0,1,-1
202005,SED00392,0,0,0,0,0,0,0,0,1,-1
202005,SED00394,39,10,6,4040820,20,3,7874409,3004887,61,1156
202005,SED00397,26,16,13,13306952,15,4,4925619,7772400,31,1199
202005,SED00398,19,7,3,751425,12,1,2513175,374901,34,1091
202005,SED00401,45,5,3,4628736,24,2,1882778,2503248,81,1196
202005,SED00406,66,30,19,14232608,34,6,10608156,8246108,83,1148
202005,SED00412,52,17,10,5477551,20,6,6998380,3766757,70,1060
202005,SED00416,38,14,6,6834514,22,2,2884900,4147052,61,1128
202005,SED00419,0,0,0,0,0,0,0,0,1,-1
202005,SED00421,17,7,5,5421645,11,2,3855117,3176570,50,1058
202005,SED00422,1,3,3,5675190,1,1,217733,4613249,1,532
202005,SED00425,81,21,13,14008613,44,5,3410040,9454501,132,1182
202005,SED00426,0,0,0,0,0,0,0,0,1,-1
202005,SED00428,101,22,16,18987019,46,7,6589687,13976447,137,1143
202005,SED00430,24,9,5,2041902,13,2,4177019,1561887,39,1117
202005,SED00434,16,4,2,1795597,7,2,2986298,1124902,33,954
202005,SED00441,39,13,7,7154621,21,3,5592638,4965466,76,1117
202005,SED00445,5,2,2,650508,1,1,759488,607565,1,479
202005,SED00446,24,5,0,0,15,0,0,0,65,1160
202005,SED00447,50,21,13,14406989,27,6,9633965,10653212,92,1076
202005,SED00448,12,5,1,1500092,8,1,2244486,938820,39,1108
202005,SED00449,78,19,14,17612429,43,6,10288135,10247412,123,1138
202005,SED00453,60,9,8,10936708,31,2,2476879,5891558,78,1196
202005,SED00454,34,9,8,3333732,12,4,7457796,2280800,27,1040
202005,SED00455,0,0,0,0,0,0,0,0,1,-1
202005,SED00457,0,0,0,0,0,0,0,0,1,-1
202005,SED00458,0,0,0,0,0,0,0,0,1,-1
202005,SED00460,48,17,10,8742058,24,3,4882165,5495333,70,1162
202005,SED00461,2,0,0,0,1,0,0,0,1,93
202005,SED00463,67,20,14,10781921,35,5,9593167,6432327,123,1140
202005,SED00464,0,0,0,0,0,0,0,0,2,-1
202005,SED00468,109,34,30,37865997,55,12,17117524,30631003,204,1198
202005,SED00469,0,0,0,0,0,0,0,0,1,-1
202005,SED00473,48,9,3,4022306,26,2,2317478,2396158,61,1190
202005,SED00474,0,0,0,0,0,0,0,0,1,-1
202005,SED00475,2,0,0,0,1,0,0,0,1,290
202005,SED00476,41,19,16,14661918,20,5,8234498,8972482,65,1154
202005,SED00477,25,8,2,2670162,14,1,1373901,2335123,53,1051
202005,SED00481,44,10,5,2926633,19,3,4305540,2240114,54,1114
202005,SED00482,63,18,11,8079599,25,6,13652841,5870401,70,1128
202005,SED00483,34,10,2,3757388,20,1,2026059,3388851,83,1103
202005,SED00485,16,4,4,3612057,7,2,2295205,3198811,32,1175
202005,SED00486,0,0,0,0,0,0,0,0,1,-1
202005,SED00488,28,5,1,818015,15,1,1470033,665219,49,1196
202005,SED00489,15,6,2,1821296,8,1,2566423,1323456,38,1090
202005,SED00490,52,14,8,9755248,19,4,5932198,7224137,76,1086
202005,SED00495,24,3,3,5561289,12,1,2894733,3233399,36,1120
202005,SED00497,26,10,8,13768956,11,2,3042979,6380238,38,1116
202005,SED00498,30,10,9,8631267,13,3,3113711,5165490,45,1082
202005,SED00500,35,12,7,11970711,17,2,3720161,7378032,44,1118
202005,SED00506,34,9,5,9235495,14,3,4527419,6395352,47,1152
202005,SED00508,0,0,0,0,0,0,0,0,1,-1
202005,SED00511,25,10,8,4775119,14,3,4464293,4192496,51,1164
202005,SED00514,0,0,0,0,0,0,0,0,1,-1
202005,SED00516,34,3,1,491397,15,1,175798,365912,66,1099
202005,SED00519,35,10,9,10521884,19,4,5840126,7692884,57,694
202005,SED00521,58,18,14,22533849,31,6,8645067,17510216,92,1098
202005,SED00522,0,0,0,0,0,0,0,0,1,-1
202005,SED00523,0,0,0,0,0,0,0,0,2,-1
202005,SED00528,46,12,5,7047087,23,3,7659035,6167744,81,1124
202005,SED00535,2,0,0,0,1,0,0,0,1,172
202005,SED00537,2,0,0,0,1,0,0,0,1,1169
202005,SED00541,22,6,4,7536688,15,2,4353535,4938437,38,1168
202005,SED00543,0,0,0,0,0,0,0,0,1,-1
202005,SED00544,55,11,8,9055600,27,2,3437470,6294979,66,1117
202005,SED00550,1,0,0,0,1,0,0,0,1,688
202005,SED00551,0,0,0,0,0,0,0,0,1,-1
202005,SED00554,51,28,22,29391134,27,7,8888160,17772390,84,1169
202005,SED00555,29,5,2,3324580,19,1,983214,3137633,45,1172
202005,SED00556,0,0,0,0,0,0,0,0,1,-1
202005,SED00558,2,0,0,0,1,0,0,0,1,601
202005,SED00559,1,2,0,0,1,0,0,0,1,450
202005,SED00561,15,7,5,6811366,7,2,2496349,3635519,19,1074
202005,SED00562,0,0,0,0,0,0,0,0,1,-1
202005,SED00563,0,0,0,0,0,0,0,0,1,-1
202005,SED00565,70,25,18,21024583,27,7,15255803,17760213,67,1160
202005,SED00568,0,0,0,0,0,0,0,0,1,-1
202005,SED00569,17,6,4,6607357,10,2,5791508,4438445,37,797
202005,SED00571,19,2,2,2550909,6,2,1241367,1847272,20,1085
202005,SED00572,35,6,6,6827322,18,3,6658230,5148101,54,1160
202005,SED00573,67,17,15,21928127,27,7,13999825,16212676,76,1145
202005,SED00576,29,10,8,9541134,14,3,2991572,6882621,32,1103
202005,SED00578,30,5,3,532443,21,1,930670,339230,59,1118
202005,SED00579,1,0,0,0,1,0,0,0,1,961
202005,SED00581,27,6,5,5350830,14,3,3219157,2915546,49,1148
202005,SED00582,44,10,8,9656638,21,4,6667117,6991108,55,1014
202005,SED00587,41,14,11,10329591,21,4,9527773,6059306,61,1036
202005,SED00591,11,4,0,0,5,0,0,0,29,1062
202005,SED00593,163,51,39,36717563,72,18,31202690,25166211,206,1193
202005,SED00595,30,12,9,11967692,16,3,3093269,8962343,41,1119
202005,SED00597,110,28,26,29052530,60,11,21391995,20386827,163,1176
202005,SED00600,0,0,0,0,0,0,0,0,1,-1
202006,SED00003,19,5,3,3703974,14,1,598797,1747899,39,1163
202006,SED00004,1,0,0,0,1,0,0,0,1,538
202006,SED00005,33,10,9,12775732,16,3,7185219,8106538,47,1100
202006,SED00009,90,28,23,19075550,50,8,14542475,13836911,145,1191
202006,SED00010,23,6,4,4230703,10,2,2807171,3439969,41,898
202006,SED00011,21,3,3,5666988,11,1,2940585,5356565,42,1068
202006,SED00013,0,0,0,0,0,0,0,0,1,-1
202006,SED00015,49,14,12,9669225,20,5,5069328,7027126,78,1180
202006,SED00021,59,10,8,9533920,27,5,9944649,8067851,76,1143
202006,SED00025,0,0,0,0,0,0,0,0,1,-1
202006,SED00026,21,6,5,3154484,10,3,3047282,2839713,32,1118
202006,SED00029,30,10,4,2401100,17,1,2229134,1719966,53,940
202006,SED00032,1,0,0,0,1,0,0,0,1,735
202006,SED00035,8,0,0,0,7,0,0,0,31,1059
202006,SED00038,20,2,2,3858444,10,1,2818819,2706755,44,1108
202006,SED00043,0,0,0,0,0,0,0,0,1,-1
202006,SED00045,7,4,4,7986488,2,1,391208,6445568,2,755
202006,SED00050,0,0,0,0,0,0,0,0,1,-1
202006,SED00051,28,8,6,7640307,14,3,4783343,5025131,45,1138
202006,SED00053,0,0,0,0,0,0,0,0,1,-1
202006,SED00056,22,8,8,9955972,14,2,1825741,4797919,59,1167
202006,SED00059,2,0,0,0,1,0,0,0,1,325
202006,SED00060,23,11,7,6866947,15,2,3196686,6111994,65,842
202006,SED00061,0,0,0,0,0,0,0,0,1,-1
202006,SED00064,40,17,11,6840414,16,4,3041235,5602213,63,1155
202006,SED00067,20,3,2,1776921,15,2,2055701,1532415,71,1154
202006,SED00070,0,0,0,0,0,0,0,0,1,-1
202006,SED00071,0,0,0,0,0,0,0,0,1,-1
202006,SED00073,0,0,0,0,0,0,0,0,1,-1
202006,SED00075,39,7,1,1825649,24,1,2054208,1174120,64,1185
202006,SED00078,34,12,8,10223236,13,3,3120836,7961402,47,1156
202006,SED00079,15,6,6,5552170,6,2,3764020,4072308,50,914
202006,SED00082,72,21,17,25131878,36,5,11078109,17221897,77,1197
202006,SED00083,0,0,0,0,0,0,0,0,3,-1
202006,SED00087,2,0,0,0,1,0,0,0,1,267
202006,SED00088,10,2,0,0,5,0,0,0,24,1074
202006,SED00089,0,0,0,0,0,0,0,0,1,-1
202006,SED00099,0,0,0,0,0,0,0,0,1,-1
202006,SED00110,0,0,0,0,0,0,0,0,1,-1
202006,SED00114,31,5,3,4206705,18,1,1909255,3135868,39,1065
202006,SED00115,23,9,5,4763664,14,2,3634357,3869256,43,1164
202006,SED00116,11,10,9,11827287,7,3,5043968,8726287,22,733
202006,SED00117,55,14,9,9171796,26,4,4693927,6447240,70,1132
202006,SED00118,0,0,0,0,0,0,0,0,1,-1
202006,SED00121,41,7,6,10451044,22,3,6352443,6732057,71,1187
202006,SED00123,53,15,10,3846237,26,4,7457138,2662950,68,1168
202006,SED00126,30,8,4,5725154,15,2,2170000,3865288,57,979
202006,SED00127,37,11,4,2720744,19,1,1901588,2148636,63,1196
202006,SED00128,38,7,5,7157365,17,2,4056600,5064065,50,996
202006,SED00130,17,3,3,4174356,7,1,2639927,1967084,30,1184
202006,SED00131,54,17,13,17869743,26,4,3038365,10749048,74,1186
202006,SED00133,88,23,12,11312475,48,4,7292504,8863149,154,1189
202006,SED00138,0,0,0,0,0,0,0,0,1,-1
202006,SED00140,40,17,15,13958273,16,5,3869421,8329181,65,1168
202006,SED00141,0,0,0,0,0,0,0,0,1,-1
202006,SED00143,48,12,9,10868985,22,5,8389727,6859212,68,1055
202006,SED00144,47,14,9,5875425,23,4,5106799,3693701,71,1182
202006,SED00145,7,3,3,3308490,2,1,1345699,1959703,2,511
202006,SED00146,9,0,0,0,6,0,0,0,22,1154
202006,SED00147,0,0,0,0,0,0,0,0,2,-1
202006,SED00148,122,26,15,16434117,69,7,10130064,11759294,259,1174
202006,SED00152,38,16,16,12687982,13,5,7701765,7099044,38,1120
202006,SED00153,74,20,15,16370955,37,6,7327781,10178229,91,1172
202006,SED00155,0,0,0,0,0,0,0,0,1,-1
202006,SED00159,0,0,0,0,0,0,0,0,1,-1
202006,SED00161,16,1,0,0,11,0,0,0,43,1099
202006,SED00162,16,3,3,902034,8,1,2199776,692764,32,939
202006,SED00164,0,0,0,0,0,0,0,0,1,-1
202006,SED00165,28,2,2,2567226,16,1,792683,1137900,55,1069
202006,SED00166,39,10,8,12147607,18,3,4694461,7918734,68,1050
202006,SED00167,121,51,35,37348033,66,11,16409753,25066835,207,1155
202006,SED00169,30,11,8,4905920,11,3,2660069,3032249,38,1059
202006,SED00174,22,6,1,1690803,11,1,1113895,1053627,42,993
202006,SED00176,2,0,0,0,1,0,0,0,1,617
202006,SED00178,0,0,0,0,0,0,0,0,2,-1
202006,SED00182,90,22,16,11291412,49,5,9057437,8890247,156,1111
202006,SED00183,1,0,0,0,1,0,0,0,1,250
202006,SED00185,73,18,11,17926648,42,5,5412962,9518744,138,1189
202006,SED00190,0,0,0,0,0,0,0,0,1,-1
202006,SED00192,26,7,6,9108504,13,2,3865528,6444151,42,1178
202006,SED00194,13,4,0,0,9,0,0,0,30,1178
202006,SED00195,0,0,0,0,0,0,0,0,1,-1
202006,SED00197,15,7,0,0,10,0,0,0,35,1084
202006,SED00199,17,2,0,0,11,0,0,0,35,1164
202006,SED00200,0,0,0,0,0,0,0,0,1,-1
202006,SED00204,24,2,0,0,14,0,0,0,47,994
202006,SED00209,38,19,9,10191087,16,4,5536822,9059648,56,806
202006,SED00210,27,14,9,8206753,17,3,2574961,5118513,59,1177
202006,SED00212,42,22,16,17844226,19,5,6734604,12419575,65,1126
202006,SED00213,58,36,27,23136645,25,9,15834170,17104205,74,1185
202006,SED00216,24,7,6,8076418,12,2,2328261,3370014,27,1109
202006,SED00217,0,0,0,0,0,0,0,0,1,-1
202006,SED00218,118,34,22,21391356,56,11,19849021,13360068,193,1181
202006,SED00219,28,8,8,6909949,16,3,4833123,4914760,59,1170
202006,SED00221,94,28,19,16156969,48,9,15129161,11336724,154,1179
202006,SED00223,89,33,28,26461661,43,11,17360874,16645951,143,1129
202006,SED00225,23,9,7,8485102,13,2,2764228,4489440,47,1196
202006,SED00227,64,18,14,16784716,28,5,5790395,11628990,87,1141
202006,SED00232,32,11,10,9890771,13,4,5998399,6774828,39,1071
202006,SED00233,39,16,14,13430782,16,5,10802926,10689241,44,1124
202006,SED00235,0,0,0,0,0,0,0,0,1,-1
202006,SED00236,0,0,0,0,0,0,0,0,1,-1
202006,SED00238,52,20,12,16777596,23,6,6983417,11413503,74,1183
202006,SED00240,37,10,8,8352777,15,4,6749754,6603015,68,835
202006,SED00242,0,0,0,0,0,0,0,0,1,-1
202006,SED00244,25,10,8,8008652,11,2,2531674,4113258,27,1136
202006,SED00251,36,10,8,5252856,21,2,3243723,2909637,76,1121
202006,SED00252,55,22,14,13924502,26,5,13158047,6630988,64,1011
202006,SED00254,1,0,0,0,1,0,0,0,1,645
202006,SED00256,0,0,0,0,0,0,0,0,1,-1
202006,SED00259,40,8,3,4264938,22,1,2913535,3693076,86,1127
202006,SED00261,30,8,3,1969311,14,2,3743455,1218024,46,1197
202006,SED00263,36,8,8,10787843,18,5,5843709,7255696,75,1098
202006,SED00264,0,0,0,0,0,0,0,0,1,-1
202006,SED00265,20,9,7,10017624,10,3,3529981,6933039,44,876
202006,SED00266,0,0,0,0,0,0,0,0,1,-1
202006,SED00269,42,12,5,3961290,20,3,6009743,2507497,56,1141
202006,SED00270,7,2,0,0,3,0,0,0,21,964
202006,SED00273,99,26,19,11054090,53,6,7973568,6619727,163,1199
202006,SED00275,20,9,4,5636090,10,2,4188658,4932448,52,860
202006,SED00276,38,13,7,5402705,22,3,2815980,3887618,96,882
202006,SED00283,0,0,0,0,0,0,0,0,1,-1
202006,SED00285,53,21,16,14401994,25,5,7627559,9397648,74,1154
202006,SED00287,49,9,5,3181716,22,4,7189910,2458068,81,1176
202006,SED00290,2,0,0,0,1,0,0,0,1,629
202006,SED00293,0,0,0,0,0,0,0,0,1,-1
202006,SED00294,34,8,6,8515165,18,3,2147575,6524832,70,1084
202006,SED00295,47,12,3,414723,23,1,1456316,293737,71,1160
202006,SED00297,15,7,7,9208064,6,2,2978636,7272642,23,798
202006,SED00299,36,12,7,3054527,17,3,5355181,1804897,60,1190
202006,SED00300,38,14,12,8621596,17,4,8774244,6632815,47,1099
202006,SED00302,27,4,4,1436832,15,1,207857,665701,56,1144
202006,SED00304,37,15,15,15361385,14,4,4924428,13223807,54,1131
202006,SED00305,24,3,0,0,16,0,0,0,52,1126
202006,SED00306,52,10,7,8188110,23,4,4737722,4989036,78,1186
202006,SED00307,9,6,6,7075364,4,2,3035345,5182467,21,712
202006,SED00308,45,11,6,8979783,24,3,4611659,6304047,74,1119
202006,SED00311,37,13,12,13006859,18,4,4959916,7673005,55,877
202006,SED00316,0,0,0,0,0,0,0,0,1,-1
202006,SED00318,37,7,4,5753448,22,2,2729539,4199725,44,1199
202006,SED00328,3,4,4,3482684,1,1,1190647,3049479,2,303
202006,SED00331,62,21,16,23110811,29,7,6978552,17366218,82,1166
202006,SED00332,39,13,9,6682196,16,5,10107799,5172906,58,1071
202006,SED00335,0,0,0,0,0,0,0,0,2,-1
202006,SED00336,1,0,0,0,1,0,0,0,1,927
202006,SED00337,45,14,8,8225003,20,5,6895837,5293940,64,1009
202006,SED00338,41,6,6,6915828,20,3,7358295,5192536,66,1190
202006,SED00343,21,7,2,2380802,12,1,126933,1315618,35,1193
202006,SED00348,7,2,2,3795614,2,1,980612,2307255,2,625
202006,SED00354,0,0,0,0,0,0,0,0,1,-1
202006,SED00355,15,5,0,0,10,0,0,0,35,1195
202006,SED00356,42,17,17,20541394,15,7,9929913,13433951,52,1195
202006,SED00360,2,0,0,0,1,0,0,0,1,399
202006,SED00364,1,0,0,0,1,0,0,0,1,1183
202006,SED00369,59,18,14,7709711,25,5,7824079,5219476,96,1161
202006,SED00372,113,30,19,21152683,50,11,17979465,13669214,145,1152
202006,SED00374,2,0,0,0,1,0,0,0,1,162
202006,SED00379,45,13,8,5217410,22,3,4357675,4066972,76,1194
202006,SED00383,3,2,0,0,1,0,0,0,1,77
202006,SED00394,29,6,3,5787258,15,1,989732,4267729,47,1077
202006,SED00397,7,1,0,0,5,0,0,0,25,1188
202006,SED00398,22,7,3,1785324,11,1,1096059,971715,31,1024
202006,SED00401,59,24,13,13316429,32,4,3183135,10447050,87,1154
202006,SED00402,0,0,0,0,0,0,0,0,1,-1
202006,SED00406,34,3,2,3199860,21,1,2052043,2520875,86,1137
202006,SED00412,67,13,9,7322063,34,4,8220858,4888529,83,1095
202006,SED00416,69,24,15,18204774,32,6,10646797,13989315,85,1067
202006,SED00421,31,12,10,8254536,16,3,4797190,5758008,63,1061
202006,SED00425,135,40,33,36633462,62,12,23050377,25378485,157,1197
202006,SED00428,102,41,33,31616885,45,13,18614092,21888728,151,1146
202006,SED00429,1,0,0,0,1,0,0,0,1,247
202006,SED00430,24,6,3,4713495,14,1,2957200,2075182,39,1087
202006,SED00432,0,0,0,0,0,0,0,0,1,-1
202006,SED00434,30,16,9,10780226,14,4,5561784,6409975,35,1153
202006,SED00437,1,0,0,0,1,0,0,0,1,910
202006,SED00439,0,0,0,0,0,0,0,0,2,-1
202006,SED00440,0,0,0,0,0,0,0,0,1,-1
202006,SED00441,38,5,5,9343424,23,2,3258176,8482500,73,1185
202006,SED00442,1,0,0,0,1,0,0,0,1,419
202006,SED00446,40,17,8,12999156,25,2,3934854,9421280,77,1179
202006,SED00447,18,17,13,15854042,14,4,4478232,9197058,55,972
202006,SED00448,34,8,3,1029129,15,1,1029724,766315,49,1195
202006,SED00449,97,29,24,24162732,44,7,15530689,15601723,129,1184
202006,SED00453,51,14,13,15050583,22,4,6074839,9829827,68,1083
202006,SED00454,19,4,2,2761566,13,1,1646512,1885297,29,1124
202006,SED00460,51,16,9,11049165,27,3,3253571,9423297,74,1160
202006,SED00461,1,0,0,0,1,0,0,0,1,603
202006,SED00463,80,26,22,23892771,36,8,7749010,17357567,136,1131
202006,SED00464,0,0,0,0,0,0,0,0,1,-1
202006,SED00468,133,43,28,26608657,62,13,22849675,17313067,184,1194
202006,SED00472,2,0,0,0,1,0,0,0,1,676
202006,SED00473,27,13,11,12661966,13,4,3568995,9214705,50,949
202006,SED00476,13,2,0,0,8,0,0,0,43,929
202006,SED00477,32,11,7,6225424,17,2,5640739,4007474,54,1124
202006,SED00480,0,0,0,0,0,0,0,0,1,-1
202006,SED00481,36,11,3,3818646,18,2,3542295,1927668,57,1125
202006,SED00482,30,6,3,4529916,18,1,845347,2682644,74,1168
202006,SED00483,42,16,16,15054504,20,6,13200489,10919335,58,1163
202006,SED00485,7,2,0,0,5,0,0,0,20,966
202006,SED00488,28,10,8,8619565,15,4,3382582,5779727,51,836
202006,SED00489,13,1,0,0,9,0,0,0,40,1070
202006,SED00490,46,6,6,3789085,21,3,6423409,2498551,67,1123
202006,SED00491,0,0,0,0,0,0,0,0,1,-1
202006,SED00494,0,0,0,0,0,0,0,0,1,-1
202006,SED00495,26,5,1,1177198,10,1,2073286,679049,43,1158
202006,SED00496,0,0,0,0,0,0,0,0,1,-1
202006,SED00497,11,2,0,0,8,0,0,0,22,917
202006,SED00498,26,8,5,7148666,14,2,2636433,4776834,38,1082
202006,SED00500,30,14,11,14257415,15,4,5238765,11202606,46,1138
202006,SED00506,19,7,5,6656690,10,2,1233605,3495137,39,1178
202006,SED00507,0,0,0,0,0,0,0,0,2,-1
202006,SED00511,25,6,3,2224668,15,1,1560484,1882769,46,1118
202006,SED00513,1,0,0,0,1,0,0,0,1,1065
202006,SED00515,1,0,0,0,1,0,0,0,1,565
202006,SED00516,45,20,14,20209150,18,5,8911300,12369610,65,1080
202006,SED00519,45,12,9,12173118,21,3,5628548,8155460,60,1087
202006,SED00521,34,12,12,16350363,13,4,5663742,10795629,55,1044
202006,SED00522,0,0,0,0,0,0,0,0,1,-1
202006,SED00523,2,0,0,0,1,0,0,0,1,278
202006,SED00526,0,0,0,0,0,0,0,0,1,-1
202006,SED00528,55,16,13,12387953,22,6,12442746,8907895,85,1101
202006,SED00535,1,0,0,0,1,0,0,0,2,71
202006,SED00541,24,6,6,8236418,13,3,4594496,5271389,47,1160
202006,SED00542,0,0,0,0,0,0,0,0,1,-1
202006,SED00544,49,12,6,6809475,22,3,4755493,4387726,73,1065
202006,SED00545,0,0,0,0,0,0,0,0,1,-1
202006,SED00547,1,0,0,0,1,0,0,0,1,516
202006,SED00550,0,0,0,0,0,0,0,0,1,-1
202006,SED00554,33,11,5,6387217,18,2,5317189,5840928,60,1013
202006,SED00555,18,1,0,0,12,0,0,0,49,1138
202006,SED00556,1,0,0,0,1,0,0,0,1,148
202006,SED00561,19,1,1,196245,8,1,438432,169109,29,1012
202006,SED00565,35,6,2,2504160,18,1,1997734,1470240,60,993
202006,SED00566,0,0,0,0,0,0,0,0,1,-1
202006,SED00567,2,0,0,0,1,0,0,0,1,423
202006,SED00568,0,0,0,0,0,0,0,0,1,-1
202006,SED00569,33,11,10,12907592,11,3,3505521,6428562,32,1094
202006,SED00571,11,6,5,2093737,5,2,3390680,1166946,25,1181
202006,SED00572,61,33,25,20349573,27,7,9155838,16196750,78,1173
202006,SED00573,47,15,11,5640195,23,3,6573523,4472283,75,1053
202006,SED00574,0,0,0,0,0,0,0,0,1,-1
202006,SED00576,25,9,9,10087820,9,4,7403427,7856885,21,1131
202006,SED00578,39,9,5,2821319,18,3,4291847,1993855,63,1193
202006,SED00580,0,0,0,0,0,0,0,0,1,-1
202006,SED00581,19,6,4,3229495,9,2,2064554,2246399,52,996
202006,SED00582,31,4,3,3771487,17,2,5517256,1909264,54,1197
202006,SED00583,0,0,0,0,0,0,0,0,1,-1
202006,SED00586,0,0,0,0,0,0,0,0,1,-1
202006,SED00587,27,7,7,8817022,13,3,3020370,5220781,71,1151
202006,SED00590,0,0,0,0,0,0,0,0,1,-1
202006,SED00591,21,8,6,6738347,11,3,5738498,4967888,25,835
202006,SED00593,133,48,33,39421564,63,14,26827431,30642546,199,1199
202006,SED00595,52,14,5,4137923,26,2,2584204,2871780,49,1158
202006,SED00597,90,23,9,3686534,50,4,7607761,2218390,150,1134
202007,SED00003,23,2,2,1701572,10,1,370633,1267118,25,914
202007,SED00005,28,11,5,3047473,16,2,1090688,2078532,36,1195
202007,SED00009,62,20,9,11238994,37,3,4080416,7934693,136,1198
202007,SED00010,42,9,5,5667372,19,3,6392559,3927522,66,1188
202007,SED00011,20,6,4,1637496,11,1,2436375,750344,42,1105
202007,SED00014,0,0,0,0,0,0,0,0,1,-1
202007,SED00015,54,20,11,10245428,28,6,7867587,5763672,69,1157
202007,SED00017,1,0,0,0,1,0,0,0,1,780
202007,SED00018,0,0,0,0,0,0,0,0,1,-1
202007,SED00020,2,0,0,0,1,0,0,0,1,394
202007,SED00021,45,21,15,14946925,20,7,14312403,11194056,71,1188
202007,SED00022,0,0,0,0,0,0,0,0,1,-1
202007,SED00023,2,0,0,0,1,0,0,0,1,1123
202007,SED00024,0,0,0,0,0,0,0,0,1,-1
202007,SED00026,26,19,16,22399067,15,5,2727084,15122148,44,1167
202007,SED00029,31,13,6,3465180,19,2,1881490,1661321,53,1194
202007,SED00030,0,0,0,0,0,0,0,0,1,-1
202007,SED00031,0,0,0,0,0,0,0,0,1,-1
202007,SED00034,0,0,0,0,0,0,0,0,1,-1
202007,SED00035,24,6,4,4576104,11,2,4744779,3354286,28,1188
202007,SED00038,22,9,9,14063981,10,4,3457844,10842320,36,1190
202007,SED00039,0,0,0,0,0,0,0,0,1,-1
202007,SED00051,29,9,4,5040780,17,1,428623,3927545,58,1186
202007,SED00052,0,0,0,0,0,0,0,0,1,-1
202007,SED00056,40,9,7,6096695,20,3,5392460,3586898,79,1108
202007,SED00060,34,14,8,5776994,20,4,4531364,4078133,69,1153
202007,SED00061,0,0,0,0,0,0,0,0,1,-1
202007,SED00063,0,0,0,0,0,0,0,0,1,-1
202007,SED00064,57,16,11,13733244,30,3,2735839,10433490,89,1184
202007,SED00067,69,15,12,11914759,27,6,10812737,7337049,70,1128
202007,SED00075,36,15,13,19603212,20,5,5595336,13860884,76,953
202007,SED00076,0,0,0,0,0,0,0,0,1,-1
202007,SED00078,23,13,11,16150812,9,3,2656048,12051981,40,1154
202007,SED00079,33,8,6,5216300,17,4,5725730,2743461,48,1173
202007,SED00080,0,0,0,0,0,0,0,0,1,-1
202007,SED00082,38,7,3,5611476,22,1,1024313,3552275,63,1159
202007,SED00088,28,9,1,1067025,14,1,1977379,522411,37,925
202007,SED00089,0,0,0,0,0,0,0,0,1,-1
202007,SED00095,0,0,0,0,0,0,0,0,2,-1
202007,SED00106,0,0,0,0,0,0,0,0,1,-1
202007,SED00111,0,0,0,0,0,0,0,0,1,-1
202007,SED00114,40,16,14,14704765,15,5,9106609,11331579,42,1081
202007,SED00115,29,10,10,13876178,11,3,6697961,10402579,30,892
202007,SED00116,19,7,6,6352868,10,2,4169263,3345682,29,1143
202007,SED00117,35,9,6,7547690,18,2,2868544,5718697,74,1016
202007,SED00118,2,0,0,0,1,0,0,0,1,201
202007,SED00121,29,13,7,5533725,16,2,2294838,3722419,62,1146
202007,SED00123,58,17,13,14818286,24,5,7104931,10403195,72,1171
202007,SED00126,21,6,3,1039995,12,1,1362075,770402,38,1176
202007,SED00127,20,8,6,7495226,12,2,1244950,5506704,59,1067
202007,SED00128,21,8,4,4131193,14,2,2109749,1864826,42,1174
202007,SED00129,1,2,0,0,1,0,0,0,1,821
202007,SED00130,19,6,6,5491858,9,2,5665982,3353866,35,953
202007,SED00131,73,26,21,15567074,35,6,14163615,10617558,100,1128
202007,SED00133,86,39,31,34391251,43,11,16517718,23867880,139,1160
202007,SED00140,34,6,6,3420374,19,2,1678722,2383288,67,1026
202007,SED00142,0,0,0,0,0,0,0,0,2,-1
202007,SED00143,47,13,8,11589626,19,4,7884057,8493057,76,1035
202007,SED00144,59,22,16,20348931,28,5,7219762,15845800,69,1066
202007,SED00146,40,10,6,4715899,15,3,3573774,2685537,32,1041
202007,SED00148,186,58,44,54158943,92,19,34684957,39258181,281,1169
202007,SED00152,19,6,2,245036,10,1,518202,172237,36,864
202007,SED00153,62,13,4,2981787,37,2,1662239,2179003,102,1184
202007,SED00161,8,2,0,0,6,0,0,0,46,881
202007,SED00162,16,3,3,1506897,7,1,2214100,805264,31,880
202007,SED00165,55,22,12,11196826,25,5,8263613,8490113,74,1075
202007,SED00166,32,9,6,4568238,20,2,3516166,2349160,74,1171
202007,SED00167,147,53,32,32412754,74,11,17742107,20178561,205,1174
202007,SED00169,26,15,12,15358605,10,4,11179443,9655207,39,999
202007,SED00172,0,0,0,0,0,0,0,0,1,-1
202007,SED00173,0,0,0,0,0,0,0,0,1,-1
202007,SED00174,14,6,2,3347160,9,1,1787177,1416357,35,1140
202007,SED00175,0,0,0,0,0,0,0,0,3,-1
202007,SED00181,0,0,0,0,0,0,0,0,1,-1
202007,SED00182,93,16,7,5966800,58,5,5054755,4344484,153,1170
202007,SED00185,61,11,7,7370422,31,4,5969385,4653798,128,1133
202007,SED00188,0,0,0,0,0,0,0,0,1,-1
202007,SED00190,0,0,0,0,0,0,0,0,1,-1
202007,SED00192,25,5,4,3494055,13,2,673528,1846602,51,1029
202007,SED00193,0,0,0,0,0,0,0,0,1,-1
202007,SED00194,9,0,0,0,6,0,0,0,21,1182
202007,SED00197,14,4,4,6118252,8,1,2074027,2689881,33,788
202007,SED00199,20,3,1,366123,11,1,754803,184684,29,891
202007,SED00204,37,9,9,8734993,16,4,7978128,4440940,48,1081
202007,SED00209,44,19,17,4352347,19,6,7507997,3214560,49,1141
202007,SED00210,75,19,15,14511273,34,7,14214603,10543293,80,1155
202007,SED00212,33,4,0,0,19,0,0,0,72,1190
202007,SED00213,46,15,13,19665175,21,4,7686594,13969096,79,1183
202007,SED00216,22,9,3,2847093,11,1,1055147,2058523,38,1101
202007,SED00218,134,37,29,22572416,65,12,20219898,16194507,206,1169
202007,SED00219,79,20,14,19054946,33,6,8679187,13502656,76,1096
202007,SED00221,101,26,18,21112834,45,6,6571129,12657784,145,1147
202007,SED00223,89,37,32,34296215,44,13,13477430,20109835,147,1195
202007,SED00225,27,5,2,3377856,16,1,2595467,3012349,45,1145
202007,SED00227,39,17,12,14911119,20,4,6879923,10960512,72,1055
202007,SED00228,1,0,0,0,1,0,0,0,1,1070
202007,SED00231,0,0,0,0,0,0,0,0,1,-1
202007,SED00232,36,10,9,14902760,14,4,3766011,9244121,31,1030
202007,SED00233,27,13,12,11112189,10,4,5163261,7376212,38,882
202007,SED00235,0,0,0,0,0,0,0,0,1,-1
202007,SED00238,53,22,19,15937807,25,7,11280229,10998679,77,1144
202007,SED00240,29,7,7,7549340,17,3,4373970,5058611,73,1075
202007,SED00242,0,0,0,0,0,0,0,0,1,-1
202007,SED00244,22,5,2,2547190,12,1,2655855,1736427,46,1061
202007,SED00251,52,13,7,5497106,25,2,3012739,3305348,65,1090
202007,SED00252,48,15,12,11211742,27,5,6166059,8150038,68,1127
202007,SED00258,0,0,0,0,0,0,0,0,1,-1
202007,SED00259,68,15,7,8012182,29,4,4906811,6016914,83,1167
202007,SED00261,31,8,4,4458558,15,2,3444505,3048075,39,1153
202007,SED00263,33,10,10,6155431,18,4,5853958,4974466,76,1177
202007,SED00265,18,3,2,1005714,10,1,847536,550182,32,938
202007,SED00269,33,13,9,13709308,18,3,6601986,9173361,53,1189
202007,SED00270,33,10,8,9332628,10,3,5303961,6644713,33,888
202007,SED00271,2,0,0,0,1,0,0,0,1,319
202007,SED00272,1,0,0,0,1,0,0,0,1,603
202007,SED00273,76,20,14,15114447,45,6,6537117,10391781,137,1197
202007,SED00275,23,8,8,9970088,10,2,3534590,6934054,42,849
202007,SED00276,35,15,5,7812659,23,2,2658939,4134668,81,1198
202007,SED00278,0,0,0,0,0,0,0,0,1,-1
202007,SED00282,0,0,0,0,0,0,0,0,1,-1
202007,SED00285,45,20,15,15641551,22,4,6281292,11448420,70,1098
202007,SED00286,0,0,0,0,0,0,0,0,1,-1
202007,SED00287,39,12,9,8452102,20,4,6263012,5157111,69,1072
202007,SED00288,5,4,4,6380792,1,1,2224442,5520034,1,135
202007,SED00289,1,0,0,0,1,0,0,0,2,532
202007,SED00290,1,0,0,0,1,0,0,0,1,1196
202007,SED00293,2,0,0,0,1,0,0,0,1,738
202007,SED00294,49,16,11,12625125,27,5,10386402,10547114,83,1144
202007,SED00295,32,14,10,11997562,16,4,8498435,8756244,55,1171
202007,SED00297,18,7,7,1813438,9,2,3616037,1120742,29,910
202007,SED00298,0,0,0,0,0,0,0,0,1,-1
202007,SED00299,37,18,9,7423135,22,3,4208590,5943811,79,1170
202007,SED00300,35,8,8,3051184,17,2,752365,1937186,50,1144
202007,SED00302,45,20,13,10777418,21,5,7822461,7488674,71,988
202007,SED00304,27,9,4,5100060,11,2,1670550,3397564,38,1123
202007,SED00305,36,25,23,28393409,16,9,15845576,19005442,56,978
202007,SED00306,62,13,11,16134228,27,5,10328563,9114110,82,1172
202007,SED00307,12,1,0,0,8,0,0,0,25,1172
202007,SED00308,38,11,8,12290706,18,5,5967088,8237324,63,1174
202007,SED00310,2,1,0,0,1,0,0,0,1,759
202007,SED00311,35,16,13,7689869,12,4,5491824,5847985,41,1121
202007,SED00317,3,0,0,0,1,0,0,0,1,96
202007,SED00318,34,7,4,6522578,18,2,2468078,5821722,56,1049
202007,SED00322,0,0,0,0,0,0,0,0,2,-1
202007,SED00327,0,0,0,0,0,0,0,0,1,-1
202007,SED00329,2,0,0,0,1,0,0,0,1,698
202007,SED00331,51,15,9,8547529,27,4,4769927,6378760,96,1138
202007,SED00332,20,12,8,4398000,11,2,3493659,2896593,45,765
202007,SED00334,0,0,0,0,0,0,0,0,1,-1
202007,SED00337,48,5,3,5619486,27,2,3341774,3482253,72,1170
202007,SED00338,57,24,14,8938078,23,4,5096050,5609629,71,1147
202007,SED00343,19,2,1,364496,9,1,786283,191702,28,1103
202007,SED00344,2,1,0,0,1,0,0,0,1,464
202007,SED00345,4,0,0,0,2,0,0,0,2,490
202007,SED00355,37,10,10,8008278,15,5,8990662,4552113,38,1011
202007,SED00356,8,1,0,0,7,0,0,0,33,1187
202007,SED00363,1,2,0,0,1,0,0,0,2,413
202007,SED00365,0,0,0,0,0,0,0,0,1,-1
202007,SED00366,1,2,0,0,1,0,0,0,2,852
202007,SED00368,0,0,0,0,0,0,0,0,1,-1
202007,SED00369,43,19,15,20169966,19,5,9434470,12597924,86,1121
202007,SED00372,61,12,7,8077920,41,4,8455387,5391612,140,1189
202007,SED00378,6,2,2,512370,1,1,1723972,307934,1,278
202007,SED00379,29,7,2,2377280,19,1,1695553,1071502,74,1066
202007,SED00382,0,0,0,0,0,0,0,0,2,-1
202007,SED00383,0,0,0,0,0,0,0,0,1,-1
202007,SED00384,0,0,0,0,0,0,0,0,1,-1
202007,SED00385,2,0,0,0,1,0,0,0,1,416
202007,SED00390,0,0,0,0,0,0,0,0,1,-1
202007,SED00393,0,0,0,0,0,0,0,0,1,-1
202007,SED00394,24,7,0,0,15,0,0,0,50,1175
202007,SED00396,5,3,3,385734,1,1,987259,286081,1,74
202007,SED00397,44,15,12,14226804,18,4,7412602,7455397,43,1065
202007,SED00398,10,0,0,0,6,0,0,0,29,1187
202007,SED00400,0,0,0,0,0,0,0,0,1,-1
202007,SED00401,43,9,2,1351394,22,1,2641878,901191,65,1049
202007,SED00406,66,18,11,12955372,33,3,6693807,7784449,106,1149
202007,SED00412,30,14,5,8070926,17,2,3989172,6282762,70,1114
202007,SED00416,58,20,17,20101902,22,7,11999466,13263545,61,1033
202007,SED00421,43,9,5,6440465,23,2,2565842,3441792,59,987
202007,SED00425,78,21,18,31029242,41,6,7011928,23942095,153,1185
202007,SED00428,77,21,16,17885289,45,6,10121993,13040078,134,1152
202007,SED00430,16,2,2,1918714,8,2,3835174,1455671,41,1113
202007,SED00433,0,0,0,0,0,0,0,0,2,-1
202007,SED00434,26,4,4,3595818,13,2,4252066,3174534,38,942
202007,SED00436,0,0,0,0,0,0,0,0,1,-1
202007,SED00437,2,0,0,0,1,0,0,0,1,444
202007,SED00441,50,13,10,10679014,27,3,3511000,7590114,82,1161
202007,SED00442,0,0,0,0,0,0,0,0,1,-1
202007,SED00446,66,24,17,25405774,33,7,10680373,17935155,77,1172
202007,SED00447,49,12,8,8919491,19,5,10755237,5505800,61,1002
202007,SED00448,17,4,4,3669350,9,2,3736639,2905185,37,958
202007,SED00449,87,14,9,9642675,42,5,6686577,6860881,133,1198
202007,SED00453,37,14,3,2867358,24,1,2687477,1193288,93,1088
202007,SED00454,6,2,0,0,3,0,0,0,26,357
202007,SED00460,57,19,12,12662821,26,4,5352517,9107025,66,1169
202007,SED00462,0,0,0,0,0,0,0,0,1,-1
202007,SED00463,76,12,8,5113629,34,4,7602156,3397120,129,1170
202007,SED00464,2,0,0,0,1,0,0,0,1,323
202007,SED00465,0,0,0,0,0,0,0,0,1,-1
202007,SED00468,140,36,25,20850836,67,11,18116749,11444459,212,1183
202007,SED00473,23,10,5,3213438,12,2,2135466,2335153,50,1026
202007,SED00476,30,9,6,6797133,15,2,2676753,4480538,39,1067
202007,SED00477,27,5,5,4600654,15,3,4546200,3755078,46,1192
202007,SED00481,16,3,0,0,10,0,0,0,51,1126
202007,SED00482,44,11,6,5428736,22,3,2443178,4356651,65,1144
202007,SED00483,53,16,9,4434269,26,4,7310378,3672123,81,1132
202007,SED00484,3,2,0,0,1,0,0,0,1,584
202007,SED00485,18,7,5,5572457,10,2,1455447,3827102,25,1083
202007,SED00487,0,0,0,0,0,0,0,0,1,-1
202007,SED00488,36,16,12,15700204,16,3,4873809,10377488,46,1157
202007,SED00489,18,4,4,5385844,8,2,3196347,4241987,35,1074
202007,SED00490,56,16,15,10341658,21,6,14155539,7732997,68,1192
202007,SED00491,0,0,0,0,0,0,0,0,1,-1
202007,SED00495,20,8,8,11666032,10,2,2784811,9083438,39,903
202007,SED00497,15,4,4,1062844,8,1,2471081,512033,33,1058
202007,SED00498,28,5,3,3761784,17,1,1920254,3502881,45,1116
202007,SED00500,34,6,6,6052820,14,3,5504568,4578047,57,1191
202007,SED00501,0,0,0,0,0,0,0,0,1,-1
202007,SED00506,28,5,5,4571925,13,2,3776563,2937879,43,1135
202007,SED00507,0,0,0,0,0,0,0,0,1,-1
202007,SED00508,0,0,0,0,0,0,0,0,1,-1
202007,SED00511,18,6,3,5385687,8,1,769459,4413152,35,913
202007,SED00514,0,0,0,0,0,0,0,0,1,-1
202007,SED00516,50,21,17,20597158,23,7,14298344,12839417,71,1048
202007,SED00517,0,0,0,0,0,0,0,0,1,-1
202007,SED00519,36,11,8,10839456,18,3,4748624,6598857,75,1105
202007,SED00521,42,17,9,9169835,20,3,4336642,7363581,69,1197
202007,SED00528,34,14,9,8374299,19,3,3789252,7026843,68,1000
202007,SED00541,29,13,9,7380300,12,3,5477525,4473603,44,887
202007,SED00544,49,15,13,16391623,21,4,6153769,12052214,82,1046
202007,SED00546,0,0,0,0,0,0,0,0,1,-1
202007,SED00551,0,0,0,0,0,0,0,0,1,-1
202007,SED00552,1,0,0,0,1,0,0,0,1,341
202007,SED00554,57,25,24,14753747,27,7,8751848,10154750,71,1151
202007,SED00555,25,6,4,6641952,11,1,752389,2749522,44,1126
202007,SED00560,0,0,0,0,0,0,0,0,1,-1
202007,SED00561,16,1,1,667558,9,1,361252,455316,33,1029
202007,SED00565,42,9,7,8079203,24,4,6660688,6522419,68,1175
202007,SED00569,19,6,4,3738332,10,1,1696413,2626546,37,1161
202007,SED00571,10,4,4,2718192,2,1,2034176,2436969,37,429
202007,SED00572,43,3,2,1938816,19,2,2079993,1322763,73,1093
202007,SED00573,42,18,12,13262408,18,4,5276416,9775453,58,1199
202007,SED00576,14,7,7,5910810,8,2,1268738,3972839,25,1143
202007,SED00578,44,7,4,7450084,23,1,1176936,6079876,60,1137
202007,SED00581,18,1,0,0,12,0,0,0,42,1175
202007,SED00582,22,5,2,3696670,15,1,1835216,2737835,55,1145
202007,SED00587,56,15,9,12591482,31,3,5659868,8436359,76,1195
202007,SED00591,15,5,5,2560691,7,2,749986,1646354,37,864
202007,SED00592,0,0,0,0,0,0,0,0,1,-1
202007,SED00593,111,34,22,18604212,61,8,13702125,11355128,178,1190
202007,SED00595,22,5,4,6031016,11,1,1582390,3758953,51,952
202007,SED00597,73,28,21,17400140,40,7,14482270,10930080,143,1118
202007,SED00599,0,0,0,0,0,0,0,0,2,-1
202008,SED00003,14,2,0,0,10,0,0,0,35,1086
202008,SED00005,25,10,6,8551674,16,2,3250462,6431671,51,1118
202008,SED00007,0,0,0,0,0,0,0,0,1,-1
202008,SED00009,70,14,13,19850440,41,5,7922339,14451685,137,1196
202008,SED00010,25,5,0,0,16,0,0,0,44,874
202008,SED00011,32,7,2,3868734,16,1,1913461,2117738,38,1139
202008,SED00012,0,0,0,0,0,0,0,0,1,-1
202008,SED00013,0,0,0,0,0,0,0,0,1,-1
202008,SED00015,62,17,10,9552001,31,4,8349282,6749431,76,1151
202008,SED00019,0,0,0,0,0,0,0,0,1,-1
202008,SED00021,44,8,4,5679806,22,2,3719755,3320872,75,1190
202008,SED00022,0,0,0,0,0,0,0,0,1,-1
202008,SED00023,0,0,0,0,0,0,0,0,1,-1
202008,SED00026,30,13,11,7893464,12,4,4549846,4554845,31,1130
202008,SED00028,0,0,0,0,0,0,0,0,1,-1
202008,SED00029,13,4,3,5116143,9,1,155280,4359633,40,1091
202008,SED00035,11,0,0,0,8,0,0,0,43,1186
202008,SED00038,17,9,9,10769824,9,3,2387402,7097284,33,1095
202008,SED00039,2,0,0,0,1,0,0,0,1,116
202008,SED00043,0,0,0,0,0,0,0,0,1,-1
202008,SED00051,27,14,10,10439105,17,4,6154569,7421055,47,1093
202008,SED00053,1,0,0,0,1,0,0,0,1,450
202008,SED00055,0,0,0,0,0,0,0,0,1,-1
202008,SED00056,30,10,3,814137,20,1,2391412,748787,68,996
202008,SED00060,60,22,13,13327762,26,7,13533172,8233478,74,1193
202008,SED00064,54,19,11,17669453,26,3,6924346,12927527,72,1191
202008,SED00067,56,6,4,4442417,27,2,4730964,3089965,87,1157
202008,SED00068,0,0,0,0,0,0,0,0,1,-1
202008,SED00075,43,15,13,13090706,23,4,2819333,8362407,55,1117
202008,SED00078,26,4,1,1045867,16,1,1681639,543498,52,1135
202008,SED00079,28,4,0,0,16,0,0,0,42,1199
202008,SED00082,23,11,6,2030006,16,2,2407046,1062710,67,1045
202008,SED00084,0,0,0,0,0,0,0,0,1,-1
202008,SED00086,2,2,0,0,1,0,0,0,1,550
202008,SED00088,32,12,9,9375462,13,3,5142642,5887059,35,1047
202008,SED00093,2,1,0,0,1,0,0,0,1,183
202008,SED00097,1,0,0,0,1,0,0,0,1,897
202008,SED00105,0,0,0,0,0,0,0,0,2,-1
202008,SED00107,0,0,0,0,0,0,0,0,1,-1
202008,SED00109,0,0,0,0,0,0,0,0,1,-1
202008,SED00110,3,1,0,0,1,0,0,0,2,316
202008,SED00114,40,10,9,8555497,19,3,4942661,4203802,55,1144
202008,SED00115,17,6,4,3936576,8,1,2078198,1709409,33,1132
202008,SED00116,44,19,16,19324595,17,6,4998221,10894237,33,1190
202008,SED00117,46,10,7,3250821,26,3,3895538,2394386,82,1196
202008,SED00119,0,0,0,0,0,0,0,0,1,-1
202008,SED00121,35,13,12,13018180,18,3,5106089,7514752,80,1181
202008,SED00123,49,17,13,22557093,25,6,10178453,14782553,86,1104
202008,SED00124,0,0,0,0,0,0,0,0,1,-1
202008,SED00126,34,10,6,5953862,17,2,3528668,3281410,57,1024
202008,SED00127,40,12,10,5821689,22,4,7141147,5208297,73,1194
202008,SED00128,12,0,0,0,9,0,0,0,41,987
202008,SED00130,18,7,6,6663021,7,2,3849136,4604417,25,1000
202008,SED00131,48,19,15,14424894,24,6,14843982,9967458,81,1173
202008,SED00133,100,36,27,21430316,45,10,18878110,13344082,144,1152
202008,SED00139,0,0,0,0,0,0,0,0,1,-1
202008,SED00140,49,11,9,9108653,22,5,6326438,5332850,79,1148
202008,SED00143,46,13,6,7906070,19,4,6814674,6203785,70,1053
202008,SED00144,61,21,13,12291324,30,4,5033857,6624125,78,1184
202008,SED00146,35,13,11,10043435,11,5,6834492,8209093,33,1180
202008,SED00148,167,44,34,21290231,79,14,26175833,14747346,272,1188
202008,SED00152,14,13,9,9252469,9,3,4392601,6716484,27,1012
202008,SED00153,47,20,11,7285383,25,5,4396788,4192833,75,1187
202008,SED00160,0,0,0,0,0,0,0,0,1,-1
202008,SED00161,26,9,4,1834096,11,1,1582558,1345683,38,1030
202008,SED00162,20,8,0,0,11,0,0,0,30,1143
202008,SED00165,23,6,4,5485888,13,1,1356911,3540590,59,1147
202008,SED00166,56,15,10,10256518,24,5,6141974,6237603,64,1183
202008,SED00167,161,41,29,33911463,72,14,22387827,21715084,212,1191
202008,SED00169,16,3,0,0,10,0,0,0,26,1169
202008,SED00174,11,3,2,2159380,4,1,428079,1655860,22,878
202008,SED00175,0,0,0,0,0,0,0,0,1,-1
202008,SED00182,91,33,21,16550244,45,9,16256201,11671042,126,1197
202008,SED00183,1,0,0,0,1,0,0,0,1,402
202008,SED00185,92,21,17,14963742,47,6,6977429,11237387,151,1176
202008,SED00187,1,0,0,0,1,0,0,0,1,478
202008,SED00188,0,0,0,0,0,0,0,0,1,-1
202008,SED00190,1,1,0,0,1,0,0,0,1,848
202008,SED00192,31,8,5,6307658,18,2,4401239,4734848,52,1168
202008,SED00194,11,7,7,4251897,7,2,2455686,2003302,33,814
202008,SED00196,0,0,0,0,0,0,0,0,1,-1
202008,SED00197,26,4,2,797976,13,1,2556477,636612,37,1115
202008,SED00198,0,0,0,0,0,0,0,0,1,-1
202008,SED00199,21,9,9,11300617,9,4,7729573,9270719,35,760
202008,SED00201,2,2,0,0,1,0,0,0,1,659
202008,SED00204,14,2,2,2028112,6,1,1799864,1291053,47,1135
202008,SED00207,0,0,0,0,0,0,0,0,1,-1
202008,SED00208,0,0,0,0,0,0,0,0,2,-1
202008,SED00209,29,11,4,7225592,13,1,1512584,4915908,48,863
202008,SED00210,21,13,8,6484700,12,2,5181525,4071850,60,881
202008,SED00212,42,14,7,7311538,25,3,2539033,3706052,86,1188
202008,SED00213,31,2,0,0,23,0,0,0,63,1147
202008,SED00214,0,0,0,0,0,0,0,0,1,-1
202008,SED00216,16,7,4,7560176,7,1,2331562,3179486,29,1054
202008,SED00218,145,44,29,33044612,76,12,17810166,23020312,216,1161
202008,SED00219,40,15,9,11718002,24,4,7082288,6720225,70,963
202008,SED00221,76,13,10,7354908,42,4,4453881,5075348,132,1197
202008,SED00223,73,24,13,14301819,38,6,6373144,8355292,121,1134
202008,SED00225,35,14,9,8805353,17,3,3661863,5878086,47,1114
202008,SED00227,54,16,14,19269804,28,6,8452534,12951993,75,1133
202008,SED00229,0,0,0,0,0,0,0,0,1,-1
202008,SED00230,3,0,0,0,1,0,0,0,1,887
202008,SED00232,9,7,6,3885384,6,2,2028112,1665932,29,1197
202008,SED00233,26,12,12,15153681,14,5,5970171,10441363,42,1036
202008,SED00238,48,14,11,9396568,26,5,7373382,6239496,83,1178
202008,SED00240,31,5,3,2486789,14,3,4908424,1642251,58,1075
202008,SED00244,21,9,3,5180151,9,1,1442722,4530273,34,725
202008,SED00247,0,0,0,0,0,0,0,0,1,-1
202008,SED00248,0,0,0,0,0,0,0,0,1,-1
202008,SED00250,0,0,0,0,0,0,0,0,1,-1
202008,SED00251,36,10,3,3434736,22,1,1963330,2218529,65,1198
202008,SED00252,39,17,6,6999208,23,2,2977685,4871626,60,1137
202008,SED00254,0,0,0,0,0,0,0,0,1,-1
202008,SED00259,33,11,1,1604898,20,1,1140669,741802,64,1199
202008,SED00261,32,10,6,5514960,15,2,2886867,3512022,42,1095
202008,SED00263,31,4,3,2214991,18,2,1406784,1353787,74,1155
202008,SED00265,23,8,5,8952242,12,2,1686034,6012194,39,1006
202008,SED00267,0,0,0,0,0,0,0,0,1,-1
202008,SED00269,39,8,8,10465116,16,4,3603559,8313121,39,1173
202008,SED00270,6,2,0,0,4,0,0,0,25,870
202008,SED00273,107,37,24,19606210,51,10,16791659,13442006,152,1168
202008,SED00274,0,0,0,0,0,0,0,0,1,-1
202008,SED00275,20,5,3,4206873,9,1,2623862,2586321,40,957
202008,SED00276,54,16,9,8245293,30,3,1535314,5877807,103,1180
202008,SED00285,68,22,17,17435249,30,6,10096883,12188030,81,1083
202008,SED00286,1,0,0,0,1,0,0,0,1,629
202008,SED00287,49,11,4,1842374,27,2,2079120,1537569,67,1178
202008,SED00292,0,0,0,0,0,0,0,0,1,-1
202008,SED00294,16,9,3,4866561,11,1,1982065,4541096,66,917
202008,SED00295,23,13,7,10311703,12,3,2559265,6187774,59,1147
202008,SED00297,16,6,4,818440,7,1,1469725,389941,27,1070
202008,SED00299,64,17,7,12438401,28,3,6603613,10869316,89,1028
202008,SED00300,32,5,2,3804046,16,1,2594558,1634607,47,1074
202008,SED00302,60,17,8,12212517,28,3,7010937,8836302,77,1118
202008,SED00304,38,18,15,11339922,15,5,8709658,5771064,44,941
202008,SED00305,69,15,5,2276078,36,2,2856577,1635541,86,1075
202008,SED00306,52,24,20,22004889,21,6,7388414,13397741,80,1128
202008,SED00307,32,10,3,2052057,14,3,4335728,1388865,31,1139
202008,SED00308,39,7,4,3118244,26,3,4177838,2309776,78,1148
202008,SED00310,0,0,0,0,0,0,0,0,1,-1
202008,SED00311,26,2,2,3573652,14,1,2228044,2996946,63,948
202008,SED00313,0,0,0,0,0,0,0,0,1,-1
202008,SED00318,31,12,11,12489687,12,5,7649147,8781410,32,1196
202008,SED00319,0,0,0,0,0,0,0,0,1,-1
202008,SED00327,0,0,0,0,0,0,0,0,1,-1
202008,SED00328,0,0,0,0,0,0,0,0,1,-1
202008,SED00330,0,0,0,0,0,0,0,0,1,-1
202008,SED00331,41,15,14,21566306,20,4,4264472,17808032,82,1143
202008,SED00332,21,2,1,1139632,11,1,2580857,657496,36,1064
202008,SED00333,0,0,0,0,0,0,0,0,1,-1
202008,SED00337,50,21,20,21465512,19,7,9504168,14965193,67,1175
202008,SED00338,59,15,10,12693043,30,5,5473838,8388530,84,1193
202008,SED00341,0,0,0,0,0,0,0,0,1,-1
202008,SED00342,0,0,0,0,0,0,0,0,1,-1
202008,SED00343,25,8,2,3581234,13,1,2741589,2172528,42,1039
202008,SED00345,1,2,2,3780226,1,1,2294340,3003052,1,291
202008,SED00348,2,0,0,0,1,0,0,0,1,600
202008,SED00354,0,0,0,0,0,0,0,0,1,-1
202008,SED00355,24,2,1,127961,14,1,2482511,58597,51,1088
202008,SED00356,25,6,6,6595815,15,3,2553975,4382598,38,1118
202008,SED00360,0,0,0,0,0,0,0,0,1,-1
202008,SED00363,0,0,0,0,0,0,0,0,1,-1
202008,SED00369,44,11,1,980317,25,1,728549,919494,105,1113
202008,SED00372,125,42,34,28959616,60,14,21219596,18606273,140,1165
202008,SED00379,50,11,4,5908257,28,3,2461795,4145585,78,1197
202008,SED00383,0,0,0,0,0,0,0,0,2,-1
202008,SED00384,0,0,0,0,0,0,0,0,1,-1
202008,SED00386,0,0,0,0,0,0,0,0,1,-1
202008,SED00388,0,0,0,0,0,0,0,0,1,-1
202008,SED00391,0,0,0,0,0,0,0,0,1,-1
202008,SED00394,14,4,3,4167825,9,1,1021111,3777377,44,1147
202008,SED00397,24,5,4,5427593,9,3,4340584,4207953,25,1088
202008,SED00398,47,15,11,7938289,15,5,8769460,5467027,29,1193
202008,SED00401,30,6,3,3617775,15,1,2115914,2893355,64,1156
202008,SED00406,71,22,20,19683753,32,8,10905061,13657918,92,1180
202008,SED00407,0,0,0,0,0,0,0,0,1,-1
202008,SED00410,2,2,0,0,1,0,0,0,2,597
202008,SED00411,2,0,0,0,1,0,0,0,1,1053
202008,SED00412,47,17,14,20023044,22,5,3539807,12958148,64,1142
202008,SED00413,2,0,0,0,1,0,0,0,1,711
202008,SED00416,40,14,4,1610975,26,2,3225123,1343841,77,1195
202008,SED00417,2,0,0,0,1,0,0,0,1,804
202008,SED00421,19,8,6,5177918,8,2,1918809,3006918,41,1161
202008,SED00425,87,16,13,11895439,40,7,12458135,7848702,141,1181
202008,SED00427,0,0,0,0,0,0,0,0,1,-1
202008,SED00428,80,23,20,15966398,43,8,13676774,8072438,133,1096
202008,SED00430,31,8,6,8202403,16,3,6648680,7318116,37,1171
202008,SED00434,34,11,6,4967986,14,3,5389735,3617243,39,1194
202008,SED00436,0,0,0,0,0,0,0,0,1,-1
202008,SED00437,0,0,0,0,0,0,0,0,1,-1
202008,SED00438,3,1,1,1779946,1,1,2376257,1156459,1,41
202008,SED00441,59,10,7,9345801,26,3,5303420,5339086,73,1075
202008,SED00442,0,0,0,0,0,0,0,0,1,-1
202008,SED00446,43,15,8,7273206,25,3,3149577,4733727,82,1192
202008,SED00447,35,9,5,4180040,19,2,3130409,2563001,62,1113
202008,SED00448,22,3,0,0,15,0,0,0,39,1134
202008,SED00449,85,20,11,13689803,50,4,5411409,9869151,144,1198
202008,SED00452,0,0,0,0,0,0,0,0,1,-1
202008,SED00453,40,10,5,7553326,24,3,3796815,5151973,76,1151
202008,SED00454,20,10,4,4731682,8,2,4301854,3435924,22,872
202008,SED00460,39,6,3,1765281,23,1,1239228,1651171,75,1100
202008,SED00463,114,28,19,22490433,53,8,14028738,13875871,137,1167
202008,SED00467,0,0,0,0,0,0,0,0,1,-1
202008,SED00468,113,39,21,21296632,62,8,13531022,14716562,223,1190
202008,SED00469,2,0,0,0,1,0,0,0,1,490
202008,SED00472,2,3,3,4735284,1,1,1159593,4117095,1,524
202008,SED00473,18,6,0,0,12,0,0,0,54,804
202008,SED00476,27,3,0,0,19,0,0,0,54,1164
202008,SED00477,34,5,3,2374786,15,2,3034789,2020809,45,1180
202008,SED00479,0,0,0,0,0,0,0,0,1,-1
202008,SED00481,42,15,12,11530009,20,5,8785746,8962913,69,1189
202008,SED00482,26,3,0,0,16,0,0,0,54,1193
202008,SED00483,41,17,12,11678012,23,4,7032652,7751392,71,1105
202008,SED00485,28,8,4,2124956,10,2,3506558,1558000,21,938
202008,SED00488,24,6,5,7510115,10,2,2066500,4742786,42,935
202008,SED00489,19,7,4,5316476,11,1,1627639,3308366,32,1094
202008,SED00490,61,19,18,18839058,25,8,13971044,11036893,69,1135
202008,SED00495,48,15,8,10584286,19,4,2637199,5684463,53,1166
202008,SED00497,24,5,5,5014873,13,4,6293343,2847197,35,1180
202008,SED00498,28,6,3,3083376,16,2,3396780,1988971,46,1185
202008,SED00500,19,8,4,3454030,9,2,3228529,2775812,47,1151
202008,SED00503,0,0,0,0,0,0,0,0,1,-1
202008,SED00506,30,9,6,6660039,14,3,5723964,3977798,44,1026
202008,SED00509,1,2,0,0,1,0,0,0,2,110
202008,SED00511,40,9,5,3111064,23,3,5387152,2256894,58,1097
202008,SED00516,30,8,7,7493514,14,3,4607941,5059276,72,1193
202008,SED00519,53,14,9,7715089,30,5,9060399,4758936,69,911
202008,SED00521,37,10,8,8140170,24,3,6333051,5482367,85,1164
202008,SED00525,2,2,0,0,1,0,0,0,2,759
202008,SED00527,0,0,0,0,0,0,0,0,1,-1
202008,SED00528,31,8,3,3570111,21,1,2741700,2269139,85,1181
202008,SED00534,0,0,0,0,0,0,0,0,1,-1
202008,SED00536,0,0,0,0,0,0,0,0,1,-1
202008,SED00541,31,12,11,16469950,15,4,7663800,10700376,52,1180
202008,SED00544,46,7,5,6383845,20,3,4993358,3578327,67,1160
202008,SED00554,74,22,13,17370333,33,6,12170588,12018428,82,1176
202008,SED00555,22,9,8,5744220,11,2,722678,3273224,36,991
202008,SED00561,13,3,3,3630231,5,2,5085511,2459661,26,1024
202008,SED00563,0,0,0,0,0,0,0,0,1,-1
202008,SED00565,43,11,7,10645748,22,3,3741103,7293077,81,843
202008,SED00567,2,4,4,7799216,2,1,644526,7215551,2,375
202008,SED00569,33,8,4,3258368,17,2,1999253,1576724,37,897
202008,SED00570,0,0,0,0,0,0,0,0,1,-1
202008,SED00571,21,9,6,5925418,9,2,1635340,2680607,41,868
202008,SED00572,59,18,14,17744176,25,4,3448355,11440605,76,1186
202008,SED00573,44,8,1,1328785,26,1,2057429,1015208,64,1107
202008,SED00576,10,4,0,0,5,0,0,0,22,1002
202008,SED00578,33,5,0,0,22,0,0,0,64,1163
202008,SED00581,33,7,7,4200852,17,3,4063851,3092169,50,1174
202008,SED00582,24,8,5,7220688,12,2,697464,4771762,40,998
202008,SED00584,1,0,0,0,1,0,0,0,1,866
202008,SED00585,0,0,0,0,0,0,0,0,1,-1
202008,SED00587,54,12,12,13314469,23,5,5908289,9316285,82,1172
202008,SED00591,20,5,5,6326322,11,2,1711688,3083705,36,1173
202008,SED00593,97,35,23,29127397,58,9,12848409,15004028,192,1198
202008,SED00595,20,8,8,8145369,13,4,3960465,5962722,42,827
202008,SED00596,0,0,0,0,0,0,0,0,1,-1
202008,SED00597,56,10,6,3881173,29,4,5704313,2189338,112,1163
202009,SED00001,1,0,0,0,1,0,0,0,1,1002
202009,SED00003,19,4,0,0,10,0,0,0,40,1085
202009,SED00005,27,12,8,10837581,14,3,5569865,6182910,46,998
202009,SED00007,1,0,0,0,1,0,0,0,1,1106
202009,SED00008,0,0,0,0,0,0,0,0,1,-1
202009,SED00009,93,31,17,24005150,47,7,12907857,14921345,155,1186
202009,SED00010,21,6,4,5424220,9,2,3986693,3152752,42,985
202009,SED00011,33,12,10,12368668,18,4,5828380,5997602,53,1006
202009,SED00015,44,9,5,6623538,23,3,4711618,4568946,68,1172
202009,SED00018,0,0,0,0,0,0,0,0,1,-1
202009,SED00020,1,0,0,0,1,0,0,0,1,512
202009,SED00021,46,20,13,13584130,25,4,6849941,11114844,73,1184
202009,SED00022,0,0,0,0,0,0,0,0,1,-1
202009,SED00026,18,2,0,0,10,0,0,0,48,1167
202009,SED00027,1,0,0,0,1,0,0,0,2,667
202009,SED00029,25,11,9,11510765,13,4,6765581,7074360,37,1171
202009,SED00035,43,9,8,9219566,16,4,5942169,5299139,40,762
202009,SED00037,1,0,0,0,1,0,0,0,1,851
202009,SED00038,30,8,7,5340921,13,3,4713093,3044991,35,1078
202009,SED00039,1,2,0,0,1,0,0,0,2,347
202009,SED00040,2,0,0,0,1,0,0,0,1,1153
202009,SED00042,0,0,0,0,0,0,0,0,1,-1
202009,SED00044,2,1,0,0,1,0,0,0,1,744
202009,SED00045,2,0,0,0,1,0,0,0,1,432
202009,SED00046,2,0,0,0,1,0,0,0,1,1184
202009,SED00047,0,0,0,0,0,0,0,0,2,-1
202009,SED00048,1,0,0,0,1,0,0,0,1,1144
202009,SED00051,37,6,3,3522725,16,2,1958097,2181302,42,1193
202009,SED00053,0,0,0,0,0,0,0,0,1,-1
202009,SED00054,0,0,0,0,0,0,0,0,3,-1
202009,SED00056,70,27,18,13529197,31,6,14254099,8469766,77,1174
202009,SED00060,53,10,8,8463650,22,4,9146244,5782067,69,1157
202009,SED00061,3,2,0,0,1,0,0,0,1,349
202009,SED00064,67,21,14,15689982,34,4,5956798,10858777,82,1153
202009,SED00067,60,15,10,11438011,24,6,9876739,9315786,75,989
202009,SED00074,0,0,0,0,0,0,0,0,1,-1
202009,SED00075,45,14,14,17551528,23,6,5959182,13832938,74,1177
202009,SED00078,34,12,10,12845536,15,4,8009656,9501440,46,1199
202009,SED00079,22,4,3,2964324,11,2,2778315,1448262,40,1010
202009,SED00080,0,0,0,0,0,0,0,0,1,-1
202009,SED00082,35,8,1,248032,18,1,1870963,145155,66,1085
202009,SED00086,0,0,0,0,0,0,0,0,1,-1
202009,SED00087,0,0,0,0,0,0,0,0,1,-1
202009,SED00088,30,14,10,6695726,12,3,3824132,3523724,24,1196
202009,SED00089,0,0,0,0,0,0,0,0,1,-1
202009,SED00091,0,0,0,0,0,0,0,0,1,-1
202009,SED00097,0,0,0,0,0,0,0,0,1,-1
202009,SED00100,0,0,0,0,0,0,0,0,2,-1
202009,SED00103,7,1,1,759949,1,1,2352941,496422,1,365
202009,SED00104,6,2,2,3536924,1,1,2930415,2616453,2,500
202009,SED00109,0,0,0,0,0,0,0,0,1,-1
202009,SED00113,0,0,0,0,0,0,0,0,1,-1
202009,SED00114,38,10,6,10524568,20,2,3888372,8465076,61,1093
202009,SED00115,13,3,0,0,8,0,0,0,33,1142
202009,SED00116,10,4,4,1171968,7,1,1338017,629278,33,636
202009,SED00117,29,10,10,3179556,15,4,4559912,2770856,65,972
202009,SED00119,0,0,0,0,0,0,0,0,1,-1
202009,SED00121,30,15,9,5596189,16,3,6738345,4429603,67,1034
202009,SED00123,39,19,17,17933226,20,6,7082734,10408080,75,1191
202009,SED00126,18,5,5,8239836,12,2,1077637,7638568,56,921
202009,SED00127,44,10,6,6270511,20,3,3317927,4207483,81,1147
202009,SED00128,19,3,1,1116453,12,1,2648482,517204,44,1088
202009,SED00130,33,16,14,14356540,14,5,3567380,9859790,40,1134
202009,SED00131,66,26,18,22170106,39,6,11028877,17369475,113,1159
202009,SED00133,61,17,5,8174488,36,2,5829134,5027441,127,1190
202009,SED00134,0,0,0,0,0,0,0,0,1,-1
202009,SED00140,48,26,18,14317002,26,6,13653961,8252010,76,1183
202009,SED00143,56,12,7,7833169,25,5,7632161,5910450,67,1162
202009,SED00144,52,10,4,4066399,29,2,1048071,2867413,90,1157
202009,SED00146,14,0,0,0,8,0,0,0,32,1118
202009,SED00148,179,67,47,52115295,89,16,22047221,32359059,301,1176
202009,SED00151,0,0,0,0,0,0,0,0,1,-1
202009,SED00152,24,11,9,4631358,11,3,3318221,3816279,33,1014
202009,SED00153,58,24,11,14355512,30,5,11125287,8585830,95,1118
202009,SED00155,0,0,0,0,0,0,0,0,1,-1
202009,SED00158,0,0,0,0,0,0,0,0,1,-1
202009,SED00161,34,9,6,5408072,19,5,5159243,3401071,61,1160
202009,SED00162,27,6,4,4772740,12,3,4765176,3924147,35,851
202009,SED00165,35,12,9,13498794,17,3,4637620,8634093,76,1016
202009,SED00166,47,14,10,7865677,24,4,4706929,5053544,76,1116
202009,SED00167,137,60,50,59810257,63,16,29996722,41294713,215,1158
202009,SED00169,14,2,0,0,9,0,0,0,37,822
202009,SED00174,24,5,4,5513177,10,2,3239485,3266799,28,801
202009,SED00182,76,18,14,21803947,38,6,12973269,12561097,118,1173
202009,SED00185,75,25,16,20415222,40,6,6724170,14282479,141,1194
202009,SED00187,0,0,0,0,0,0,0,0,1,-1
202009,SED00192,27,4,1,1555569,16,1,1662506,1467628,45,1185
202009,SED00194,24,5,5,4045368,12,2,2065547,1940219,28,1071
202009,SED00195,0,0,0,0,0,0,0,0,1,-1
202009,SED00197,26,4,0,0,15,0,0,0,32,824
202009,SED00199,16,1,1,915491,7,1,2497621,412296,18,755
202009,SED00204,19,4,0,0,12,0,0,0,32,1121
202009,SED00209,31,14,5,944837,16,2,3071220,780525,47,1157
202009,SED00210,49,10,7,12132762,29,2,3638842,7869393,79,1151
202009,SED00212,51,11,8,12272827,23,4,4523852,9634348,73,1110
202009,SED00213,29,9,9,10842989,19,3,2245446,6259783,63,960
202009,SED00215,2,0,0,0,1,0,0,0,1,581
202009,SED00216,36,9,9,9650587,10,5,8920932,7010022,22,1069
202009,SED00218,115,36,31,20974253,68,10,15862513,14261651,203,1183
202009,SED00219,44,19,14,17600570,21,5,4985355,14273938,61,1148
202009,SED00221,75,28,22,20446770,32,8,13604344,10636983,116,1161
202009,SED00223,75,26,13,14631336,48,5,6334061,9896527,121,1152
202009,SED00225,48,19,18,21850597,20,6,8941678,13365324,50,919
202009,SED00227,33,10,6,4666134,12,4,5568666,3774200,54,842
202009,SED00228,2,0,0,0,2,0,0,0,3,931
202009,SED00230,3,1,0,0,1,0,0,0,1,627
202009,SED00231,0,0,0,0,0,0,0,0,1,-1
202009,SED00232,28,7,4,5047348,14,2,4566589,3404115,39,973
202009,SED00233,19,3,2,3798362,11,1,2252591,2578885,40,1152
202009,SED00234,1,0,0,0,1,0,0,0,1,622
202009,SED00238,39,8,5,2906223,22,2,3198017,2182549,68,908
202009,SED00240,44,16,12,7202497,17,5,8723662,4446260,60,1110
202009,SED00241,2,0,0,0,1,0,0,0,1,953
202009,SED00242,0,0,0,0,0,0,0,0,1,-1
202009,SED00244,24,8,8,11407422,12,3,2820233,7206114,29,1094
202009,SED00247,1,0,0,0,1,0,0,0,1,342
202009,SED00250,0,0,0,0,0,0,0,0,1,-1
202009,SED00251,53,22,13,22438677,28,4,9105808,16533347,81,1105
202009,SED00252,41,11,6,3746864,24,2,1791334,3154474,74,1166
202009,SED00258,0,0,0,0,0,0,0,0,1,-1
202009,SED00259,53,18,13,17645289,25,8,13295041,11592614,80,1179
202009,SED00260,0,0,0,0,0,0,0,0,1,-1
202009,SED00261,14,2,2,2261426,7,1,1884051,1115080,33,1096
202009,SED00263,40,9,7,5343820,23,2,4357459,2976428,72,1121
202009,SED00265,25,4,4,6269096,12,1,2003068,5398305,37,977
202009,SED00269,25,3,1,110216,14,1,103124,81003,41,940
202009,SED00270,16,3,0,0,11,0,0,0,35,1125
202009,SED00272,2,1,0,0,1,0,0,0,2,484
202009,SED00273,102,43,32,27059800,46,11,14430531,17293877,141,1085
202009,SED00275,21,15,13,5542314,11,4,5318506,3878119,54,1082
202009,SED00276,30,6,0,0,19,0,0,0,78,1190
202009,SED00282,0,0,0,0,0,0,0,0,1,-1
202009,SED00285,43,15,11,11393360,24,4,7866118,8190664,78,1184
202009,SED00286,2,0,0,0,1,0,0,0,1,854
202009,SED00287,40,8,7,4508163,19,4,7468755,2846399,72,1163
202009,SED00292,1,0,0,0,1,0,0,0,1,535
202009,SED00293,0,0,0,0,0,0,0,0,1,-1
202009,SED00294,52,22,13,13304577,27,5,10912789,8243365,70,1126
202009,SED00295,34,11,5,7458979,21,2,2267210,4081141,72,1073
202009,SED00296,0,0,0,0,0,0,0,0,2,-1
202009,SED00297,16,5,4,3406800,8,1,1100552,1782630,24,1031
202009,SED00299,40,10,7,2455173,22,3,3301600,1907363,75,1116
202009,SED00300,26,1,1,1716236,15,1,2415908,1411404,50,1099
202009,SED00301,0,0,0,0,0,0,0,0,1,-1
202009,SED00302,36,4,1,1869583,22,1,922735,1193596,61,965
202009,SED00303,1,0,0,0,1,0,0,0,1,713
202009,SED00304,33,8,6,6036185,11,3,1808881,3173075,41,976
202009,SED00305,47,8,3,3248658,25,1,497347,2698273,62,1169
202009,SED00306,26,7,6,8765776,13,2,3941743,4194406,48,1109
202009,SED00307,9,4,1,1194475,7,1,1264565,653115,29,1077
202009,SED00308,37,10,5,9065327,25,2,1418532,7981500,76,1192
202009,SED00311,39,10,6,9675284,20,2,2174416,5494206,53,1156
202009,SED00314,1,0,0,0,1,0,0,0,1,277
202009,SED00318,21,5,5,5285645,9,2,2610391,3829718,40,1009
202009,SED00323,1,0,0,0,1,0,0,0,1,102
202009,SED00325,2,0,0,0,1,0,0,0,1,427
202009,SED00328,0,0,0,0,0,0,0,0,1,-1
202009,SED00331,54,4,1,1808024,32,1,481804,1664655,98,1118
202009,SED00332,46,17,11,13227214,24,4,3766937,10632557,51,1051
202009,SED00336,0,0,0,0,0,0,0,0,1,-1
202009,SED00337,48,10,4,7197193,22,3,4955766,6414691,72,1116
202009,SED00338,43,12,6,7116990,25,2,4566356,5314586,78,1177
202009,SED00341,0,0,0,0,0,0,0,0,1,-1
202009,SED00343,18,4,0,0,9,0,0,0,33,1012
202009,SED00345,0,0,0,0,0,0,0,0,1,-1
202009,SED00355,22,3,3,1948374,13,1,2142267,1798379,42,1174
202009,SED00356,22,3,3,4470435,13,2,3400697,3819198,40,1124
202009,SED00364,0,0,0,0,0,0,0,0,1,-1
202009,SED00366,0,0,0,0,0,0,0,0,1,-1
202009,SED00369,58,25,20,11421840,25,6,9894491,8215618,86,1173
202009,SED00371,0,0,0,0,0,0,0,0,1,-1
202009,SED00372,92,30,24,25757117,42,10,15113996,14893866,131,1172
202009,SED00374,0,0,0,0,0,0,0,0,1,-1
202009,SED00378,0,0,0,0,0,0,0,0,1,-1
202009,SED00379,58,17,14,17723810,30,5,7047007,12741250,77,1135
202009,SED00381,0,0,0,0,0,0,0,0,1,-1
202009,SED00394,27,6,5,7559923,10,3,6215513,5677707,38,1161
202009,SED00397,19,8,6,6212560,11,2,2910432,4614134,23,1189
202009,SED00398,16,5,0,0,11,0,0,0,41,1120
202009,SED00401,39,13,7,6869818,22,2,4969514,3359659,62,913
202009,SED00402,0,0,0,0,0,0,0,0,1,-1
202009,SED00404,0,0,0,0,0,0,0,0,1,-1
202009,SED00405,0,0,0,0,0,0,0,0,1,-1
202009,SED00406,67,16,11,9718686,32,4,4073412,6219274,100,1140
202009,SED00410,0,0,0,0,0,0,0,0,1,-1
202009,SED00412,51,12,7,5657444,29,3,5609314,3605296,81,1186
202009,SED00416,37,10,6,7492446,22,2,4166270,6970648,64,1137
202009,SED00419,0,0,0,0,0,0,0,0,1,-1
202009,SED00421,35,9,5,5014306,14,3,3434194,3202187,45,1148
202009,SED00424,0,0,0,0,0,0,0,0,1,-1
202009,SED00425,70,13,10,11457787,40,6,10081821,8687135,123,1198
202009,SED00427,0,0,0,0,0,0,0,0,1,-1
202009,SED00428,79,26,23,26792769,44,8,13458734,16778527,139,1116
202009,SED00430,28,15,11,7608174,12,3,5919530,5780059,37,987
202009,SED00431,0,0,0,0,0,0,0,0,1,-1
202009,SED00434,21,2,0,0,12,0,0,0,43,929
202009,SED00435,1,3,3,3099870,1,1,2073707,1915554,1,423
202009,SED00441,52,16,11,14580770,27,3,7023312,11007737,74,1164
202009,SED00443,0,0,0,0,0,0,0,0,1,-1
202009,SED00445,0,0,0,0,0,0,0,0,2,-1
202009,SED00446,35,5,4,3943680,16,2,1570344,2998793,51,1162
202009,SED00447,35,13,8,10142246,18,3,4251252,7229315,68,1195
202009,SED00448,31,7,0,0,17,0,0,0,45,1163
202009,SED00449,94,30,19,15513399,48,7,8177086,11779499,141,1171
202009,SED00450,1,0,0,0,1,0,0,0,1,137
202009,SED00453,31,7,6,10191634,16,2,3136310,5684362,62,1119
202009,SED00454,20,6,4,4748512,8,1,1379269,3314539,30,989
202009,SED00457,0,0,0,0,0,0,0,0,2,-1
202009,SED00460,58,16,9,10175968,25,4,6262765,6338134,76,921
202009,SED00463,80,15,13,13877772,40,6,12343918,8768246,137,1184
202009,SED00468,99,19,7,9053362,56,4,5311658,4858187,180,1169
202009,SED00472,0,0,0,0,0,0,0,0,1,-1
202009,SED00473,52,13,7,5772445,19,4,8660076,4177344,47,1111
202009,SED00476,39,11,8,9343360,19,3,3994291,5545411,52,975
202009,SED00477,21,5,5,4649243,10,2,4101961,2849581,34,1053
202009,SED00481,18,3,2,568560,9,1,2262551,308382,42,1181
202009,SED00482,54,12,5,1749614,30,2,3798235,1228554,87,1199
202009,SED00483,40,12,8,11164036,20,4,5933377,6351453,76,1181
202009,SED00485,20,3,1,1631675,9,1,452587,1314487,20,1129
202009,SED00488,46,9,8,10345242,24,3,1728802,7017900,57,1199
202009,SED00489,22,3,0,0,13,0,0,0,40,1164
202009,SED00490,38,7,3,3505356,18,1,1645874,1405478,70,1177
202009,SED00494,1,0,0,0,1,0,0,0,1,247
202009,SED00495,32,8,6,3796128,17,2,2050310,2591506,55,1146
202009,SED00497,26,6,6,8312192,10,4,5165291,5252355,41,1177
202009,SED00498,23,10,3,3365055,12,1,1086437,2645750,46,967
202009,SED00500,30,6,5,6670787,14,2,2893118,4744011,44,1147
202009,SED00502,0,0,0,0,0,0,0,0,2,-1
202009,SED00506,28,12,3,471552,14,1,398497,380089,47,1065
202009,SED00509,0,0,0,0,0,0,0,0,1,-1
202009,SED00511,30,8,6,8576524,17,2,5232097,7498985,49,1110
202009,SED00513,0,0,0,0,0,0,0,0,1,-1
202009,SED00515,1,0,0,0,1,0,0,0,1,561
202009,SED00516,33,9,4,5748917,17,2,2675508,4432052,62,1008
202009,SED00517,0,0,0,0,0,0,0,0,1,-1
202009,SED00519,41,18,12,15329059,17,5,10117725,8112166,71,908
202009,SED00521,37,9,5,4653836,19,3,6179447,2814704,76,1176
202009,SED00524,4,3,3,1393668,2,1,1111215,1239278,2,578
202009,SED00528,51,12,9,7519198,24,4,6562416,4600565,74,1155
202009,SED00532,4,1,1,994899,1,1,2583073,775266,1,587
202009,SED00535,0,0,0,0,0,0,0,0,1,-1
202009,SED00538,0,0,0,0,0,0,0,0,1,-1
202009,SED00540,0,0,0,0,0,0,0,0,1,-1
202009,SED00541,38,18,15,22146250,18,6,9891790,17146092,38,982
202009,SED00544,34,21,15,14904050,21,5,7517800,10961860,70,1065
202009,SED00545,0,0,0,0,0,0,0,0,1,-1
202009,SED00548,0,0,0,0,0,0,0,0,1,-1
202009,SED00554,41,12,9,11334571,24,4,4442144,9148125,69,1171
202009,SED00555,29,15,14,8776860,16,4,6434182,6609447,53,1170
202009,SED00559,0,0,0,0,0,0,0,0,1,-1
202009,SED00561,21,11,8,4643004,8,3,4169114,3084527,24,767
202009,SED00562,0,0,0,0,0,0,0,0,1,-1
202009,SED00565,38,11,10,12242652,20,3,6106629,8560880,69,1005
202009,SED00569,23,9,9,6601412,13,3,3975470,4797045,42,1171
202009,SED00571,24,7,7,7504175,13,3,5558203,3662465,42,1054
202009,SED00572,55,20,13,21603783,27,5,7232565,16417874,78,1171
202009,SED00573,47,15,8,14398256,24,2,593664,9260352,60,1179
202009,SED00575,0,0,0,0,0,0,0,0,1,-1
202009,SED00576,25,15,11,12126735,12,4,6468997,7096298,28,1149
202009,SED00577,0,0,0,0,0,0,0,0,1,-1
202009,SED00578,34,12,0,0,22,0,0,0,76,1120
202009,SED00580,0,0,0,0,0,0,0,0,1,-1
202009,SED00581,13,5,2,3234158,10,1,1414363,1648243,44,790
202009,SED00582,15,3,0,0,10,0,0,0,43,1150
202009,SED00583,0,0,0,0,0,0,0,0,1,-1
202009,SED00586,3,2,0,0,1,0,0,0,1,621
202009,SED00587,43,15,10,11876732,20,3,3666526,9041922,74,1143
202009,SED00591,19,7,7,10708166,7,3,3732508,6975318,27,1164
202009,SED00592,0,0,0,0,0,0,0,0,1,-1
202009,SED00593,135,28,20,22470998,78,8,11411035,15515536,226,1175
202009,SED00595,50,12,11,10589764,22,5,12797229,6252691,51,1109
202009,SED00597,76,20,6,9547174,44,3,3085553,6987830,130,1195
202010,SED00002,1,0,0,0,1,0,0,0,1,440
202010,SED00003,21,1,0,0,15,0,0,0,48,1022
202010,SED00005,19,4,4,6234520,10,1,1566974,3311642,40,1148
202010,SED00007,2,0,0,0,1,0,0,0,1,271
202010,SED00009,72,19,11,9813528,34,4,7837189,6058102,131,1128
202010,SED00010,28,7,0,0,18,0,0,0,46,1180
202010,SED00011,30,8,3,1990623,17,1,2562586,1247763,37,1123
202010,SED00014,0,0,0,0,0,0,0,0,1,-1
202010,SED00015,68,25,17,14502127,30,7,11658930,11086606,79,1131
202010,SED00017,0,0,0,0,0,0,0,0,2,-1
202010,SED00019,1,0,0,0,1,0,0,0,1,103
202010,SED00020,2,0,0,0,1,0,0,0,1,667
202010,SED00021,27,8,3,3510066,16,2,2274551,2142911,68,1110
202010,SED00026,38,7,4,1958622,21,2,4466906,1574336,58,1169
202010,SED00029,22,8,6,5756547,8,2,1692044,4237850,45,1195
202010,SED00035,15,4,2,1943116,8,1,1458554,1467113,31,1061
202010,SED00036,0,0,0,0,0,0,0,0,1,-1
202010,SED00038,39,16,8,13068333,15,3,8290512,7828415,42,1133
202010,SED00040,0,0,0,0,0,0,0,0,1,-1
202010,SED00043,3,0,0,0,1,0,0,0,1,132
202010,SED00044,1,0,0,0,1,0,0,0,1,902
202010,SED00049,0,0,0,0,0,0,0,0,1,-1
202010,SED00051,21,5,3,5276946,11,1,390632,3521940,46,1175
202010,SED00052,0,0,0,0,0,0,0,0,1,-1
202010,SED00055,2,0,0,0,1,0,0,0,2,720
202010,SED00056,50,17,9,8983657,23,5,10217133,6442550,68,1168
202010,SED00060,36,8,4,4119600,20,1,1486118,1950400,66,1166
202010,SED00063,0,0,0,0,0,0,0,0,1,-1
202010,SED00064,38,9,7,1718390,20,2,2840177,1324894,68,1195
202010,SED00067,42,20,18,21586803,21,6,9003978,15165573,70,1177
202010,SED00069,2,0,0,0,1,0,0,0,1,1084
202010,SED00071,0,0,0,0,0,0,0,0,1,-1
202010,SED00072,2,0,0,0,1,0,0,0,1,711
202010,SED00075,18,6,0,0,13,0,0,0,64,1193
202010,SED00078,40,10,9,11739071,19,4,6257296,9592081,59,1132
202010,SED00079,28,11,7,10888621,14,3,4750454,7412922,49,1169
202010,SED00080,2,2,2,1828262,1,1,1724855,1064264,1,526
202010,SED00082,40,11,7,3375635,25,3,6211998,1754030,71,1149
202010,SED00085,1,1,0,0,1,0,0,0,1,702
202010,SED00088,20,9,9,10795650,9,3,6704969,6174523,25,849
202010,SED00108,0,0,0,0,0,0,0,0,1,-1
202010,SED00109,0,0,0,0,0,0,0,0,1,-1
202010,SED00111,1,0,0,0,1,0,0,0,1,687
202010,SED00113,1,0,0,0,1,0,0,0,1,780
202010,SED00114,35,8,7,5601359,15,2,3071170,4449407,53,1100
202010,SED00115,13,3,3,2960448,9,1,1886107,2030406,35,1136
202010,SED00116,13,1,1,1944857,5,1,2418244,1448385,26,784
202010,SED00117,62,22,14,9420047,28,5,10485229,4456068,87,903
202010,SED00118,3,0,0,0,1,0,0,0,1,505
202010,SED00121,29,5,0,0,19,0,0,0,77,1147
202010,SED00123,40,15,7,8310174,20,3,4478389,4266832,68,1115
202010,SED00126,25,9,5,9308791,13,2,4007469,5283034,45,1035
202010,SED00127,38,19,14,15159257,20,5,7591434,8588775,71,1161
202010,SED00128,24,7,7,7926437,15,3,4051779,5230708,53,1160
202010,SED00130,23,9,6,6262683,11,2,1760646,3532926,35,1007
202010,SED00131,52,13,9,9711015,26,4,7215392,6296769,100,1096
202010,SED00133,76,30,17,27712586,37,6,12672190,18460767,130,1186
202010,SED00138,0,0,0,0,0,0,0,0,1,-1
202010,SED00140,50,9,4,4244488,25,1,1493508,2292844,63,1181
202010,SED00143,39,14,9,9321674,21,3,4514822,7740363,62,1152
202010,SED00144,46,20,16,15708316,18,6,10539022,12344688,66,1121
202010,SED00145,0,0,0,0,0,0,0,0,2,-1
202010,SED00146,28,8,7,8158780,10,3,5685264,6382080,27,872
202010,SED00148,159,36,24,32408052,83,11,17279230,20283547,283,1193
202010,SED00151,0,0,0,0,0,0,0,0,1,-1
202010,SED00152,20,9,7,10601256,8,2,4006270,8042926,56,896
202010,SED00153,52,16,11,12085439,25,4,6157050,7858601,113,1149
202010,SED00154,3,1,0,0,1,0,0,0,2,675
202010,SED00158,0,0,0,0,0,0,0,0,1,-1
202010,SED00161,23,6,4,7144392,15,1,320664,6056467,42,1186
202010,SED00162,35,6,3,4188672,20,2,1207436,2306291,43,1081
202010,SED00165,46,9,6,4209703,23,3,6481009,3181112,66,1088
202010,SED00166,40,7,5,6243578,21,3,5350069,4063132,73,1125
202010,SED00167,148,45,41,52116571,71,16,18326799,34404567,213,1198
202010,SED00168,0,0,0,0,0,0,0,0,1,-1
202010,SED00169,24,5,4,4808244,10,2,2819998,2484759,34,1083
202010,SED00170,3,1,1,453158,1,1,2780584,240409,1,409
202010,SED00174,11,2,0,0,7,0,0,0,25,1075
202010,SED00179,0,0,0,0,0,0,0,0,1,-1
202010,SED00182,90,42,31,33622303,44,9,12491405,21923327,137,1176
202010,SED00185,78,27,16,10409991,43,6,7277000,7582316,136,1160
202010,SED00189,0,0,0,0,0,0,0,0,1,-1
202010,SED00192,28,11,10,11840470,15,3,5921703,7957004,56,1093
202010,SED00194,5,0,0,0,4,0,0,0,15,1159
202010,SED00197,26,10,9,5085984,11,4,7497832,3802379,34,989
202010,SED00198,0,0,0,0,0,0,0,0,1,-1
202010,SED00199,19,5,4,3623768,9,2,2168778,1634674,38,794
202010,SED00201,1,0,0,0,1,0,0,0,1,899
202010,SED00202,0,0,0,0,0,0,0,0,1,-1
202010,SED00204,24,4,2,3127804,13,1,527620,2178895,38,1027
202010,SED00209,33,10,10,12354972,15,5,6255207,7388399,53,1180
202010,SED00210,33,14,9,8540841,17,3,5899739,6330838,61,1180
202010,SED00212,48,15,6,3587609,27,3,7938057,1762387,71,1186
202010,SED00213,57,22,13,16860017,27,4,7264837,10833868,87,1138
202010,SED00216,19,3,1,1828406,10,1,1954869,1709901,22,982
202010,SED00217,0,0,0,0,0,0,0,0,1,-1
202010,SED00218,115,30,13,20824941,65,4,8171491,15787718,197,1195
202010,SED00219,41,9,9,8566352,17,4,6541627,5162252,59,1114
202010,SED00221,96,26,16,12778332,42,6,11384404,8638862,148,1174
202010,SED00223,100,33,19,14048796,51,8,9561514,10713316,159,1159
202010,SED00225,25,7,5,5113013,16,2,4779150,3346509,55,1171
202010,SED00227,39,15,11,6519354,21,3,3856952,4948184,68,1157
202010,SED00232,18,5,0,0,11,0,0,0,29,1123
202010,SED00233,28,5,3,3829104,13,1,237878,2923338,41,1162
202010,SED00238,43,6,4,1762844,26,3,5620708,1301307,85,1155
202010,SED00240,32,7,4,3125958,14,2,2109801,2537737,69,996
202010,SED00241,0,0,0,0,0,0,0,0,1,-1
202010,SED00244,20,10,8,7786348,11,2,2344997,4847296,35,949
202010,SED00245,0,0,0,0,0,0,0,0,1,-1
202010,SED00251,57,21,15,21772598,27,5,4894059,15740397,78,898
202010,SED00252,65,24,10,14747108,35,3,4382526,12460752,87,1185
202010,SED00259,39,10,9,7915467,16,3,3930594,3843768,67,1188
202010,SED00260,0,0,0,0,0,0,0,0,1,-1
202010,SED00261,17,10,8,4750684,8,3,4372329,2510526,36,1165
202010,SED00263,62,19,11,11894706,25,6,9530824,9266657,72,1086
202010,SED00265,24,12,6,8072404,13,2,1667376,4921167,42,1147
202010,SED00269,18,5,4,1357652,8,1,2171664,1203972,34,857
202010,SED00270,23,6,6,4898973,9,2,1876696,3724724,28,1101
202010,SED00273,94,24,16,21846387,47,6,11291029,16865804,128,1133
202010,SED00275,23,6,5,3424559,11,3,2286752,2711225,45,1160
202010,SED00276,66,16,13,13410274,28,5,9020468,10002004,94,1048
202010,SED00281,0,0,0,0,0,0,0,0,1,-1
202010,SED00285,29,8,5,5085218,16,2,4982929,3176017,68,1144
202010,SED00287,46,20,13,16026702,23,5,6296173,12483641,69,1165
202010,SED00289,0,0,0,0,0,0,0,0,1,-1
202010,SED00292,0,0,0,0,0,0,0,0,1,-1
202010,SED00294,58,12,6,7348062,27,3,3708844,4620333,77,1195
202010,SED00295,52,16,9,9622695,27,3,7165375,5307953,72,1107
202010,SED00297,22,3,1,821073,11,1,492849,361217,40,1059
202010,SED00299,42,10,7,8074711,24,3,7084412,5979344,73,1177
202010,SED00300,39,10,4,3746311,18,3,2174465,2520216,57,1127
202010,SED00302,44,11,6,5679338,21,2,436960,3702402,62,1099
202010,SED00303,3,1,0,0,1,0,0,0,1,253
202010,SED00304,16,6,3,501813,11,1,175738,463264,41,1071
202010,SED00305,63,19,19,18248156,31,8,12297570,10248836,78,1180
202010,SED00306,49,14,7,6401945,25,4,6907752,4193708,74,1190
202010,SED00307,10,1,0,0,7,0,0,0,24,1122
202010,SED00308,39,5,1,169910,22,1,346192,95425,65,1197
202010,SED00311,44,16,12,11513840,21,5,8652337,7189161,60,1074
202010,SED00318,27,10,9,12636448,11,3,3481936,5931133,46,1131
202010,SED00321,0,0,0,0,0,0,0,0,1,-1
202010,SED00322,1,0,0,0,1,0,0,0,1,146
202010,SED00324,0,0,0,0,0,0,0,0,1,-1
202010,SED00325,0,0,0,0,0,0,0,0,3,-1
202010,SED00331,49,11,7,11090307,23,4,4883375,5709358,99,1186
202010,SED00332,25,8,5,6173179,13,2,2019204,4556986,48,1149
202010,SED00337,48,12,11,13569468,20,5,7891804,9866624,71,1189
202010,SED00338,54,12,8,3521318,24,4,8010367,2252714,81,1139
202010,SED00343,22,8,7,6092467,11,3,6031391,3157921,36,954
202010,SED00344,0,0,0,0,0,0,0,0,2,-1
202010,SED00350,0,0,0,0,0,0,0,0,1,-1
202010,SED00355,20,3,2,3472314,10,1,1250381,2865643,37,1160
202010,SED00356,16,8,6,2468544,7,2,4557506,1920119,30,1057
202010,SED00357,0,0,0,0,0,0,0,0,1,-1
202010,SED00359,0,0,0,0,0,0,0,0,1,-1
202010,SED00364,0,0,0,0,0,0,0,0,1,-1
202010,SED00369,52,13,9,8083239,28,4,7505498,5768005,89,1132
202010,SED00372,90,24,10,12651764,48,4,9018789,7654785,137,1191
202010,SED00375,0,0,0,0,0,0,0,0,1,-1
202010,SED00376,1,0,0,0,1,0,0,0,3,795
202010,SED00379,39,13,3,3212530,24,2,3918193,1825069,71,1121
202010,SED00381,0,0,0,0,0,0,0,0,1,-1
202010,SED00386,0,0,0,0,0,0,0,0,1,-1
202010,SED00387,0,0,0,0,0,0,0,0,2,-1
202010,SED00391,0,0,0,0,0,0,0,0,1,-1
202010,SED00394,23,3,2,1127973,9,2,4321518,581839,37,928
202010,SED00397,5,0,0,0,2,0,0,0,21,822
202010,SED00398,32,6,1,1568808,18,1,701457,1393521,39,1141
202010,SED00401,49,14,7,10155987,19,4,9106069,9020260,71,1090
202010,SED00403,0,0,0,0,0,0,0,0,1,-1
202010,SED00406,38,3,1,1158301,22,1,2017671,582513,94,1170
202010,SED00407,3,1,0,0,1,0,0,0,1,299
202010,SED00409,0,0,0,0,0,0,0,0,1,-1
202010,SED00410,0,0,0,0,0,0,0,0,1,-1
202010,SED00412,61,21,21,19235919,21,9,13867947,11340989,65,1159
202010,SED00416,28,8,5,8275609,15,2,2447416,3935873,55,1151
202010,SED00417,0,0,0,0,0,0,0,0,1,-1
202010,SED00421,25,6,2,3624782,16,1,1438656,2217026,51,1149
202010,SED00424,0,0,0,0,0,0,0,0,1,-1
202010,SED00425,105,26,16,21963306,52,7,10506858,15621001,165,1193
202010,SED00426,0,0,0,0,0,0,0,0,1,-1
202010,SED00427,0,0,0,0,0,0,0,0,1,-1
202010,SED00428,86,27,16,12438805,53,6,8579707,6471525,159,1188
202010,SED00430,14,5,0,0,9,0,0,0,36,1143
202010,SED00433,0,0,0,0,0,0,0,0,1,-1
202010,SED00434,23,8,5,7871944,13,2,2073870,6433755,40,1011
202010,SED00439,1,0,0,0,1,0,0,0,1,108
202010,SED00441,51,13,9,11074492,28,4,5758499,7792355,67,1141
202010,SED00446,50,10,6,6554972,24,3,5416163,5056607,92,1196
202010,SED00447,39,9,1,1420235,25,1,1393246,952245,88,1148
202010,SED00448,22,7,7,8255141,11,3,6553827,4206953,45,1065
202010,SED00449,71,12,9,9285303,34,5,8854665,6223129,137,1173
202010,SED00453,34,3,1,1685291,19,1,2584121,754129,65,997
202010,SED00454,13,2,2,3817402,6,1,2620902,1896314,25,1198
202010,SED00458,0,0,0,0,0,0,0,0,1,-1
202010,SED00460,47,13,10,8108664,19,4,10063485,3932194,60,1128
202010,SED00463,87,20,12,13930163,47,4,9741656,7461134,150,1170
202010,SED00464,0,0,0,0,0,0,0,0,1,-1
202010,SED00468,122,38,23,15350324,61,9,16323834,10284683,200,1185
202010,SED00469,3,2,2,1655580,1,1,2945596,1177849,1,145
202010,SED00472,0,0,0,0,0,0,0,0,1,-1
202010,SED00473,20,3,0,0,14,0,0,0,36,856
202010,SED00476,27,9,5,4814386,13,2,3577552,2618423,50,1054
202010,SED00477,27,9,6,8141686,16,2,2414156,7491021,43,1152
202010,SED00478,0,0,0,0,0,0,0,0,1,-1
202010,SED00481,37,13,9,4937926,18,3,3297249,3295150,45,1095
202010,SED00482,48,14,14,14719222,20,5,6237153,10829904,61,1086
202010,SED00483,44,14,5,2628285,24,2,5024468,1921531,74,1187
202010,SED00485,25,10,9,5421543,8,4,4657475,3636159,28,584
202010,SED00487,0,0,0,0,0,0,0,0,1,-1
202010,SED00488,23,10,10,9818789,13,4,7130279,7117343,47,1013
202010,SED00489,23,7,1,1795692,10,1,688382,819313,38,868
202010,SED00490,36,9,6,8045162,19,3,4189355,6084848,55,1186
202010,SED00494,0,0,0,0,0,0,0,0,1,-1
202010,SED00495,29,15,14,12243566,12,6,11006851,6005263,49,887
202010,SED00497,23,4,4,3353948,11,2,3236317,2372991,37,1007
202010,SED00498,34,11,7,10365434,14,3,4005731,7318008,50,1095
202010,SED00500,35,16,15,5261621,16,4,5660532,3296289,60,1146
202010,SED00502,2,0,0,0,1,0,0,0,1,383
202010,SED00505,0,0,0,0,0,0,0,0,1,-1
202010,SED00506,25,9,7,4517920,11,3,5947248,2954880,50,976
202010,SED00510,3,0,0,0,2,0,0,0,3,310
202010,SED00511,33,15,13,12008909,17,4,4171709,9188370,54,1155
202010,SED00514,2,0,0,0,1,0,0,0,1,1043
202010,SED00516,36,4,4,3177082,18,2,3367773,2145532,70,1088
202010,SED00519,31,5,2,2811876,21,1,2367576,1624573,66,1173
202010,SED00521,56,15,6,8145396,27,3,3746903,6027481,75,1192
202010,SED00524,0,0,0,0,0,0,0,0,1,-1
202010,SED00526,2,0,0,0,1,0,0,0,2,718
202010,SED00528,41,8,5,6104474,26,2,1572970,2737538,88,1197
202010,SED00532,0,0,0,0,0,0,0,0,1,-1
202010,SED00538,0,0,0,0,0,0,0,0,1,-1
202010,SED00540,0,0,0,0,0,0,0,0,1,-1
202010,SED00541,33,13,9,7958550,14,3,6374285,5058395,47,1184
202010,SED00544,52,14,9,8499585,30,5,9220615,5364125,75,1127
202010,SED00547,0,0,0,0,0,0,0,0,1,-1
202010,SED00554,37,10,6,9230746,20,3,5344848,5355175,70,1130
202010,SED00555,14,3,2,1461756,11,1,2024287,1014822,35,1199
202010,SED00561,22,12,10,13070918,10,3,6676171,7905748,29,1010
202010,SED00564,2,0,0,0,1,0,0,0,1,800
202010,SED00565,35,4,0,0,21,0,0,0,67,1199
202010,SED00569,20,1,1,1656992,13,1,710384,766980,35,1199
202010,SED00571,19,6,2,2799746,7,1,1979061,2307949,32,1152
202010,SED00572,35,15,11,10147879,17,4,4519207,8181760,69,1021
202010,SED00573,55,23,17,22067313,28,6,7207657,14344049,67,1069
202010,SED00576,30,8,3,3825522,15,1,2938145,2574725,32,935
202010,SED00578,42,10,8,5601108,22,3,4282235,3810169,80,1146
202010,SED00581,23,5,1,1058112,10,1,333215,747353,48,1190
202010,SED00582,31,11,10,5652234,13,3,6653691,4500899,47,1132
202010,SED00587,43,15,6,4163574,23,3,4103122,3169308,73,1127
202010,SED00591,24,9,8,8894285,10,3,5231036,7406483,33,1189
202010,SED00593,138,43,31,37222981,81,11,15847445,21267323,217,1157
202010,SED00595,24,10,6,8715817,10,3,5679902,7847053,38,873
202010,SED00597,76,20,11,16513694,39,5,5675294,9326103,155,1036
202011,SED00001,0,0,0,0,0,0,0,0,1,-1
202011,SED00003,18,5,5,8524309,9,2,1898531,4783868,35,802
202011,SED00005,40,26,23,22649996,19,7,6820348,14983235,52,1140
202011,SED00006,0,0,0,0,0,0,0,0,1,-1
202011,SED00009,97,37,32,39842889,47,11,11289359,26868883,134,1197
202011,SED00010,20,9,7,6313947,9,2,3852797,3282546,42,1148
202011,SED00011,28,8,7,4561031,14,3,4022765,2960863,46,1142
202011,SED00012,0,0,0,0,0,0,0,0,1,-1
202011,SED00015,37,6,4,4889411,21,3,4448141,2635594,74,1195
202011,SED00016,2,0,0,0,1,0,0,0,1,685
202011,SED00019,0,0,0,0,0,0,0,0,1,-1
202011,SED00021,37,8,8,7466550,15,4,7554902,4658292,66,1112
202011,SED00024,0,0,0,0,0,0,0,0,1,-1
202011,SED00026,55,19,14,13893230,20,6,7808295,11755120,50,1191
202011,SED00029,24,12,5,4589650,14,2,4980334,3275368,45,1060
202011,SED00035,38,9,9,13855250,14,4,7289488,11217606,42,1141
202011,SED00036,0,0,0,0,0,0,0,0,1,-1
202011,SED00037,0,0,0,0,0,0,0,0,1,-1
202011,SED00038,21,6,4,6861594,7,2,1548769,5309861,31,674
202011,SED00041,0,0,0,0,0,0,0,0,1,-1
202011,SED00051,20,5,3,3928816,9,2,5076397,2943723,45,1178
202011,SED00053,2,0,0,0,1,0,0,0,1,348
202011,SED00056,56,16,15,16935731,29,5,9817027,14936128,75,1145
202011,SED00058,0,0,0,0,0,0,0,0,1,-1
202011,SED00060,39,11,5,4797700,25,2,2979953,3631015,78,1159
202011,SED00064,55,22,16,18581587,26,7,7884329,12291079,79,1199
202011,SED00067,61,23,16,16903538,29,8,6846158,12143751,82,995
202011,SED00075,58,11,5,7660801,29,3,6971399,4636112,82,1184
202011,SED00078,19,3,0,0,12,0,0,0,43,922
202011,SED00079,37,14,12,14592446,18,4,6147579,11140232,61,1165
202011,SED00080,2,1,0,0,1,0,0,0,1,84
202011,SED00082,40,9,7,6156564,20,3,8467465,3142623,66,1116
202011,SED00083,4,1,1,1529897,1,1,776706,1434508,1,485
202011,SED00084,0,0,0,0,0,0,0,0,1,-1
202011,SED00086,0,0,0,0,0,0,0,0,1,-1
202011,SED00087,0,0,0,0,0,0,0,0,1,-1
202011,SED00088,21,8,8,3650120,10,3,6071638,2081833,31,1193
202011,SED00092,2,0,0,0,1,0,0,0,1,518
202011,SED00094,2,2,2,800206,1,1,2804518,403374,1,577
202011,SED00095,0,0,0,0,0,0,0,0,1,-1
202011,SED00100,0,0,0,0,0,0,0,0,1,-1
202011,SED00101,4,1,1,1823300,1,1,715889,1292638,2,66
202011,SED00107,0,0,0,0,0,0,0,0,1,-1
202011,SED00109,1,0,0,0,1,0,0,0,2,491
202011,SED00113,0,0,0,0,0,0,0,0,2,-1
202011,SED00114,26,7,7,9280215,9,4,5748858,6470442,43,733
202011,SED00115,27,9,5,6447970,13,2,2498238,3733010,38,1050
202011,SED00116,24,8,7,5587179,6,3,2819481,4173030,20,672
202011,SED00117,44,15,7,10456513,21,3,4046196,7385023,75,1131
202011,SED00118,1,2,0,0,1,0,0,0,1,253
202011,SED00121,26,8,0,0,19,0,0,0,73,1167
202011,SED00123,36,5,0,0,23,0,0,0,62,1174
202011,SED00126,24,3,2,1426132,11,2,2570760,780755,44,1168
202011,SED00127,52,20,12,12971483,23,4,6126133,10338916,74,877
202011,SED00128,16,2,2,691254,10,1,1171948,415542,34,1137
202011,SED00130,38,11,7,4240417,13,3,949913,3349197,36,1084
202011,SED00131,46,14,8,9469649,25,3,3941400,6984489,90,1187
202011,SED00133,88,36,26,29668376,47,9,12094450,18254459,131,1090
202011,SED00138,2,4,4,7173160,1,1,1656741,6788495,2,369
202011,SED00140,60,11,9,10420785,26,5,10802345,7344397,73,1071
202011,SED00143,36,7,3,701578,20,2,675281,422034,66,1103
202011,SED00144,43,15,13,9901231,19,5,9218616,5791469,64,1159
202011,SED00145,0,0,0,0,0,0,0,0,1,-1
202011,SED00146,21,10,6,6797544,6,3,7910582,5001146,27,1060
202011,SED00148,174,50,38,44690310,83,14,27625336,26554522,269,1147
202011,SED00149,4,1,0,0,2,0,0,0,3,857
202011,SED00152,26,7,4,1661112,13,1,449155,789075,33,1065
202011,SED00153,66,21,13,13273713,30,5,5609882,10612127,105,916
202011,SED00161,32,9,3,5297547,19,1,611109,2207187,47,1145
202011,SED00162,35,7,5,6151052,15,4,4044234,3276271,45,1069
202011,SED00165,65,26,21,27892615,32,7,8389245,21763004,80,1146
202011,SED00166,53,13,11,8211893,26,4,5587641,6213085,76,1129
202011,SED00167,102,36,30,29133839,55,9,16107126,21210823,216,1182
202011,SED00168,4,1,1,1034283,1,1,572987,775806,1,480
202011,SED00169,27,10,4,5392580,14,2,4649389,4192446,33,1025
202011,SED00173,2,0,0,0,1,0,0,0,1,804
202011,SED00174,8,4,3,1807539,4,1,2660738,1031580,31,586
202011,SED00176,0,0,0,0,0,0,0,0,1,-1
202011,SED00179,1,0,0,0,1,0,0,0,1,304
202011,SED00181,2,2,0,0,1,0,0,0,1,91
202011,SED00182,99,23,11,8875245,53,6,9974859,6832769,140,1191
202011,SED00183,0,0,0,0,0,0,0,0,1,-1
202011,SED00184,6,2,2,2720724,1,1,1954679,1401035,1,407
202011,SED00185,68,11,3,3583568,39,2,1073760,2160938,140,1187
202011,SED00189,0,0,0,0,0,0,0,0,1,-1
202011,SED00192,42,9,4,2744602,17,3,3830511,1743976,49,1148
202011,SED00194,18,6,1,1467054,8,1,939731,1157937,30,1166
202011,SED00197,33,17,12,12416292,18,3,6204790,8712768,39,996
202011,SED00199,20,9,4,4719786,10,2,2737599,2727048,29,845
202011,SED00200,2,0,0,0,1,0,0,0,1,739
202011,SED00203,0,0,0,0,0,0,0,0,1,-1
202011,SED00204,36,11,11,12168904,16,5,8467231,9419453,49,1113
202011,SED00206,0,0,0,0,0,0,0,0,1,-1
202011,SED00209,26,3,3,3908516,11,2,1853476,1909042,45,1133
202011,SED00210,52,12,5,2691369,24,2,3533241,1364186,83,1182
202011,SED00212,29,5,5,5274856,12,4,9148520,3131995,63,1149
202011,SED00213,49,16,16,22192729,24,6,9713523,16122535,72,1042
202011,SED00216,18,7,6,8099148,9,2,4363199,7113698,32,999
202011,SED00218,126,40,22,18492317,61,8,11632333,11606976,202,1199
202011,SED00219,21,6,3,1280583,12,1,1148254,606478,48,953
202011,SED00221,83,29,25,26794863,42,10,17490242,16815214,143,1198
202011,SED00223,51,19,12,12414577,23,4,3140688,9130511,112,1086
202011,SED00224,0,0,0,0,0,0,0,0,1,-1
202011,SED00225,22,12,10,7425480,11,3,3916232,4483937,50,1066
202011,SED00226,0,0,0,0,0,0,0,0,1,-1
202011,SED00227,18,2,0,0,12,0,0,0,58,1182
202011,SED00228,2,0,0,0,1,0,0,0,1,273
202011,SED00232,9,7,7,9823946,6,3,4058205,5838328,24,692
202011,SED00233,20,9,5,7618251,11,2,1306173,6170326,41,649
202011,SED00238,41,23,19,16673093,23,6,5567319,10837678,67,1121
202011,SED00240,50,12,4,5645763,21,2,3689765,3950789,57,1058
202011,SED00244,20,2,0,0,14,0,0,0,36,1108
202011,SED00248,0,0,0,0,0,0,0,0,2,-1
202011,SED00251,33,11,6,7026206,19,2,2885925,5886870,68,1124
202011,SED00252,48,10,10,16809028,23,4,6234843,12335601,63,1170
202011,SED00258,1,0,0,0,1,0,0,0,1,1194
202011,SED00259,30,16,8,5605668,15,3,2684885,4138403,63,1158
202011,SED00261,18,7,6,9127626,7,2,3449849,4825321,37,1088
202011,SED00263,31,12,5,3050977,19,2,5050357,1827170,55,1064
202011,SED00265,17,7,6,7458910,8,2,2283524,4166772,34,1113
202011,SED00269,35,12,4,3136270,18,2,3490763,2481712,50,1119
202011,SED00270,12,8,4,1851744,5,1,2013671,1316447,22,721
202011,SED00273,98,29,10,10508297,48,6,10031070,5488957,148,1167
202011,SED00275,20,5,3,5570610,11,1,2750241,2570517,46,1129
202011,SED00276,76,18,10,7097286,37,5,3283518,5513348,109,1166
202011,SED00277,2,0,0,0,1,0,0,0,2,503
202011,SED00279,0,0,0,0,0,0,0,0,1,-1
202011,SED00285,45,19,12,14674974,23,4,8700712,9987007,73,1105
202011,SED00287,39,6,2,3808324,21,1,578115,3288617,62,1155
202011,SED00293,0,0,0,0,0,0,0,0,1,-1
202011,SED00294,31,9,7,7052015,18,3,6236404,4623092,65,889
202011,SED00295,49,23,17,16674474,23,6,10842402,10289974,68,1177
202011,SED00297,22,12,12,14989146,11,4,7395631,10527895,32,1080
202011,SED00299,57,10,9,5853884,28,3,3175452,3479653,72,1197
202011,SED00300,22,2,2,3001118,11,1,2654951,2404976,42,1091
202011,SED00302,48,14,7,11250599,29,3,6013530,7324448,73,1066
202011,SED00304,39,12,6,2499027,16,3,4938907,1572358,49,945
202011,SED00305,39,9,3,473109,20,1,2521326,397896,66,1133
202011,SED00306,71,14,8,8189829,32,5,5261399,5707894,80,1075
202011,SED00307,20,2,2,896848,8,1,365562,821351,28,1160
202011,SED00308,52,13,7,9587448,26,2,3535157,5577769,75,1130
202011,SED00311,34,13,12,11390501,18,4,5795453,5328160,48,1157
202011,SED00312,0,0,0,0,0,0,0,0,1,-1
202011,SED00318,30,16,7,11343726,16,3,4990311,6875278,39,1055
202011,SED00324,0,0,0,0,0,0,0,0,1,-1
202011,SED00331,57,11,2,588134,30,1,2006107,375325,105,1162
202011,SED00332,20,7,0,0,12,0,0,0,38,1051
202011,SED00333,2,0,0,0,1,0,0,0,1,346
202011,SED00336,0,0,0,0,0,0,0,0,1,-1
202011,SED00337,39,11,9,12805146,21,3,3783663,9864976,58,1180
202011,SED00338,44,12,6,9138027,18,3,5922457,6615473,63,1154
202011,SED00339,0,0,0,0,0,0,0,0,1,-1
202011,SED00340,1,0,0,0,1,0,0,0,1,479
202011,SED00343,27,5,5,4161130,12,2,1302180,2742732,30,1153
202011,SED00355,26,9,7,9925555,13,4,3456204,8579703,30,1167
202011,SED00356,17,3,3,2306625,10,1,2966796,1913264,35,995
202011,SED00357,0,0,0,0,0,0,0,0,1,-1
202011,SED00361,0,0,0,0,0,0,0,0,1,-1
202011,SED00362,2,0,0,0,1,0,0,0,1,844
202011,SED00369,59,31,27,37117228,25,8,12600035,24738977,96,1127
202011,SED00371,2,0,0,0,1,0,0,0,1,1093
202011,SED00372,106,29,18,15132182,53,8,13588999,9951397,156,1172
202011,SED00375,1,0,0,0,1,0,0,0,1,877
202011,SED00377,0,0,0,0,0,0,0,0,1,-1
202011,SED00379,26,7,6,5251269,16,2,1981979,4158378,65,1020
202011,SED00394,40,8,6,6398193,20,2,3804531,4125381,55,1192
202011,SED00396,0,0,0,0,0,0,0,0,1,-1
202011,SED00397,12,9,4,5582084,5,1,973157,2459875,17,802
202011,SED00398,23,3,0,0,14,0,0,0,42,997
202011,SED00399,0,0,0,0,0,0,0,0,1,-1
202011,SED00401,38,11,6,7574370,17,2,4050925,3383047,55,1183
202011,SED00406,54,15,11,10564383,30,4,5587869,6254157,93,1194
202011,SED00412,40,22,20,19515349,21,7,13821900,14375899,60,1185
202011,SED00413,0,0,0,0,0,0,0,0,1,-1
202011,SED00416,37,10,5,2444817,19,3,6275442,1562975,78,1192
202011,SED00421,34,5,2,2827374,18,1,2017237,2449577,58,997
202011,SED00425,84,20,12,16478552,49,4,5653271,14395605,141,1183
202011,SED00428,80,21,15,20976795,39,5,7703422,11045745,138,1193
202011,SED00430,28,9,5,4660863,13,2,2657527,3397964,41,910
202011,SED00434,19,7,5,2436021,7,2,4804494,1816817,42,772
202011,SED00441,47,8,8,7557366,23,5,5746233,5672927,86,1166
202011,SED00444,0,0,0,0,0,0,0,0,1,-1
202011,SED00446,53,18,14,16965316,23,5,8497981,14436060,83,1056
202011,SED00447,21,9,7,6968390,11,2,3006507,4605975,59,1011
202011,SED00448,36,12,8,8705570,16,3,3752887,7141608,42,1001
202011,SED00449,91,25,18,19629982,45,6,9070779,10863009,131,1160
202011,SED00450,0,0,0,0,0,0,0,0,1,-1
202011,SED00453,35,7,7,7590356,18,3,7061751,4317918,72,1011
202011,SED00454,9,3,0,0,8,0,0,0,27,1078
202011,SED00459,2,0,0,0,1,0,0,0,1,124
202011,SED00460,39,11,8,8004931,20,3,3020805,5855455,71,1119
202011,SED00463,92,24,16,15784322,46,7,9926142,11191292,137,1157
202011,SED00465,0,0,0,0,0,0,0,0,1,-1
202011,SED00468,106,20,9,7195145,59,3,5197629,4421776,204,1189
202011,SED00471,0,0,0,0,0,0,0,0,1,-1
202011,SED00472,0,0,0,0,0,0,0,0,1,-1
202011,SED00473,49,8,8,11336647,24,4,4364615,9118208,52,1078
202011,SED00476,37,14,13,11928357,14,4,6135976,7684101,45,1139
202011,SED00477,33,5,4,4924173,14,3,8476390,3292493,45,1161
202011,SED00481,37,11,9,9094883,14,6,9034379,6946510,52,1127
202011,SED00482,51,6,0,0,28,0,0,0,92,1145
202011,SED00483,37,6,4,4186661,20,2,3333606,2924239,70,939
202011,SED00485,11,5,4,533456,7,1,2601324,387317,31,1003
202011,SED00487,0,0,0,0,0,0,0,0,1,-1
202011,SED00488,26,10,10,7808714,13,3,4929371,4842762,50,1063
202011,SED00489,10,0,0,0,7,0,0,0,30,703
202011,SED00490,45,7,7,8191156,25,4,9287325,5850560,78,1168
202011,SED00492,1,0,0,0,1,0,0,0,1,178
202011,SED00495,53,22,21,18622193,22,8,13921144,14081574,61,1099
202011,SED00497,23,13,6,9078801,10,2,1911952,4181839,30,1048
202011,SED00498,27,9,1,1663678,15,1,956365,1328492,46,1121
202011,SED00500,21,5,4,7812376,9,1,2768005,5258246,50,1109
202011,SED00506,20,11,11,9238712,11,3,5090173,6803449,41,1171
202011,SED00511,32,10,8,10720662,17,4,7195082,7631753,50,1133
202011,SED00514,0,0,0,0,0,0,0,0,1,-1
202011,SED00516,43,15,13,10220449,23,4,2969811,7764281,79,1173
202011,SED00517,0,0,0,0,0,0,0,0,1,-1
202011,SED00519,59,22,18,20728777,26,6,10527165,17141561,69,1167
202011,SED00520,0,0,0,0,0,0,0,0,3,-1
202011,SED00521,21,5,4,6151058,11,2,4823994,4937892,56,1069
202011,SED00528,62,17,14,21554623,24,6,12015256,15022627,78,1094
202011,SED00530,0,0,0,0,0,0,0,0,1,-1
202011,SED00533,2,0,0,0,1,0,0,0,2,688
202011,SED00541,51,16,14,13639513,21,5,9082900,10079772,49,1048
202011,SED00543,0,0,0,0,0,0,0,0,1,-1
202011,SED00544,67,18,16,11515054,31,6,10665928,7198439,83,1156
202011,SED00547,0,0,0,0,0,0,0,0,1,-1
202011,SED00554,51,4,4,7172718,27,3,3738904,5820444,76,1170
202011,SED00555,31,7,5,8422920,18,2,4216214,6818281,51,1102
202011,SED00561,13,1,1,1094739,8,1,271550,785186,23,893
202011,SED00565,42,13,8,5793419,19,3,7056990,4864156,56,1166
202011,SED00569,19,7,4,2374608,10,1,194037,1170610,38,1138
202011,SED00571,14,8,5,4363502,10,2,2742125,3185958,32,995
202011,SED00572,57,18,15,16499766,26,5,6989885,10343829,75,1184
202011,SED00573,50,13,11,13076311,23,5,11799439,10456735,76,1174
202011,SED00576,21,6,4,5482420,12,1,2952279,3912070,29,1104
202011,SED00578,48,13,5,1811476,21,2,3155911,1453311,71,1186
202011,SED00580,0,0,0,0,0,0,0,0,1,-1
202011,SED00581,26,0,0,0,15,0,0,0,48,1095
202011,SED00582,23,5,4,4870592,14,2,2873418,4164639,41,1016
202011,SED00583,0,0,0,0,0,0,0,0,1,-1
202011,SED00587,47,11,5,6025512,22,2,2716525,3425327,71,1161
202011,SED00588,0,0,0,0,0,0,0,0,1,-1
202011,SED00591,17,7,6,9409872,8,2,3759052,4953048,32,1027
202011,SED00593,145,48,31,34232106,77,12,20890391,25735914,230,1193
202011,SED00595,40,13,10,15768274,17,3,2257198,10399465,57,1179
202011,SED00597,85,31,24,31985279,40,8,11554721,22865199,147,1199
202011,SED00598,0,0,0,0,0,0,0,0,1,-1
202011,SED00600,2,0,0,0,1,0,0,0,1,583
202012,SED00003,24,3,3,2542567,13,2,2583026,1727060,33,1186
202012,SED00005,37,12,10,10404749,17,3,1788429,5828900,57,982
202012,SED00009,85,20,14,10374798,41,6,9460541,5707087,144,1065
202012,SED00010,18,10,8,4198495,11,3,2707919,2542724,38,1168
202012,SED00011,34,8,8,9328838,16,3,4258684,4460872,63,1109
202012,SED00015,56,12,7,7436589,24,4,4821309,5186526,68,1147
202012,SED00017,2,0,0,0,1,0,0,0,2,1156
202012,SED00021,39,12,6,6671774,23,2,4512059,4936861,67,1115
202012,SED00026,29,8,5,3270002,16,3,2832325,2121561,41,1053
202012,SED00027,0,0,0,0,0,0,0,0,1,-1
202012,SED00029,36,11,8,8759682,16,3,5726634,6260019,50,1172
202012,SED00034,0,0,0,0,0,0,0,0,2,-1
202012,SED00035,21,7,7,5098937,10,3,4944495,3460286,33,1124
202012,SED00038,14,1,0,0,7,0,0,0,38,1155
202012,SED00042,0,0,0,0,0,0,0,0,1,-1
202012,SED00046,0,0,0,0,0,0,0,0,1,-1
202012,SED00047,0,0,0,0,0,0,0,0,1,-1
202012,SED00050,1,0,0,0,1,0,0,0,1,365
202012,SED00051,28,9,2,2257594,17,1,1694678,1186057,50,1100
202012,SED00056,43,9,9,6455178,23,3,6091509,3392833,65,1109
202012,SED00060,27,11,7,8590386,15,2,1825050,5908793,66,1012
202012,SED00064,37,12,9,13394370,16,5,9904412,9173748,57,1065
202012,SED00067,62,20,14,16315064,28,6,10268661,11262124,84,1159
202012,SED00070,0,0,0,0,0,0,0,0,1,-1
202012,SED00072,0,0,0,0,0,0,0,0,1,-1
202012,SED00075,20,0,0,0,12,0,0,0,48,1063
202012,SED00078,34,10,7,5095577,14,2,3683285,3363411,49,944
202012,SED00079,35,11,4,3810188,22,1,1451336,1870462,47,1184
202012,SED00082,57,17,9,13181356,30,4,7890318,7271429,76,1046
202012,SED00084,1,0,0,0,1,0,0,0,2,989
202012,SED00085,3,2,2,1251226,1,1,1727735,1001739,1,126
202012,SED00088,11,1,0,0,6,0,0,0,25,924
202012,SED00092,0,0,0,0,0,0,0,0,1,-1
202012,SED00107,1,0,0,0,1,0,0,0,1,356
202012,SED00111,0,0,0,0,0,0,0,0,1,-1
202012,SED00114,14,2,0,0,8,0,0,0,52,1162
202012,SED00115,23,5,1,642130,11,1,1316688,573047,43,1045
202012,SED00116,13,1,1,1143769,6,1,2338563,848402,30,1116
202012,SED00117,43,9,8,3962942,18,5,9924149,2736333,68,965
202012,SED00118,1,0,0,0,1,0,0,0,1,387
202012,SED00121,47,14,7,5780413,22,4,3024446,3784431,56,1196
202012,SED00122,0,0,0,0,0,0,0,0,1,-1
202012,SED00123,48,21,12,16081114,23,4,6883740,9612661,77,1187
202012,SED00126,41,7,4,5357460,22,2,4233562,4738663,53,1189
202012,SED00127,52,20,13,13594158,23,5,4140519,9987966,78,887
202012,SED00128,33,10,9,11306543,15,3,1307797,7963402,48,1128
202012,SED00130,19,0,0,0,13,0,0,0,32,1179
202012,SED00131,45,16,7,9426328,22,4,5179476,7547311,91,1188
202012,SED00133,93,24,12,11045379,52,5,8785064,7032498,161,1195
202012,SED00134,0,0,0,0,0,0,0,0,1,-1
202012,SED00137,3,2,0,0,1,0,0,0,1,425
202012,SED00140,46,11,4,2937205,27,2,5165461,1319739,80,1154
202012,SED00143,41,17,10,3955112,21,4,6126388,2810513,78,1115
202012,SED00144,50,19,15,13280333,23,6,6553085,10415027,70,1178
202012,SED00145,1,1,0,0,1,0,0,0,1,261
202012,SED00146,24,4,1,1019805,11,1,825850,534555,19,1194
202012,SED00147,0,0,0,0,0,0,0,0,1,-1
202012,SED00148,178,50,33,43329182,89,16,23679433,26463038,293,1175
202012,SED00151,1,0,0,0,1,0,0,0,1,193
202012,SED00152,24,7,4,4609496,14,1,1541013,1994173,38,1183
202012,SED00153,49,16,13,9945499,28,6,8997930,6958244,102,1127
202012,SED00154,0,0,0,0,0,0,0,0,1,-1
202012,SED00155,0,0,0,0,0,0,0,0,1,-1
202012,SED00161,41,9,6,5392212,20,2,3804399,3109298,60,941
202012,SED00162,28,9,5,9014609,13,2,5094908,5912265,47,1190
202012,SED00165,39,13,8,6813793,21,3,3672246,5024171,61,1167
202012,SED00166,38,8,8,9313999,17,4,7208406,4431311,68,1056
202012,SED00167,151,42,34,25714588,72,13,18757298,19435667,222,1188
202012,SED00168,5,4,4,873596,1,1,2124121,755330,1,169
202012,SED00169,12,11,9,14338624,9,3,6079690,10243174,25,1115
202012,SED00174,12,0,0,0,8,0,0,0,24,932
202012,SED00175,0,0,0,0,0,0,0,0,1,-1
202012,SED00176,0,0,0,0,0,0,0,0,1,-1
202012,SED00177,1,0,0,0,1,0,0,0,1,258
202012,SED00179,0,0,0,0,0,0,0,0,1,-1
202012,SED00182,87,34,23,29655926,44,9,9969438,20889083,147,1196
202012,SED00185,103,27,21,24100379,48,9,12346852,18746378,145,1166
202012,SED00191,2,3,3,4510878,1,1,1523949,3631216,1,216
202012,SED00192,24,14,11,11471858,14,3,4421264,10000029,44,1117
202012,SED00194,13,3,3,4269688,7,2,4102715,3716706,31,1151
202012,SED00197,12,3,0,0,8,0,0,0,24,1079
202012,SED00199,32,8,7,7301859,14,3,7520956,3256403,34,1040
202012,SED00201,1,2,2,906044,1,1,2545443,620692,1,567
202012,SED00202,1,0,0,0,1,0,0,0,1,959
202012,SED00204,27,9,2,1297663,16,2,3132328,1045565,52,1177
202012,SED00209,28,10,8,8818400,16,2,3746211,6490331,45,1138
202012,SED00210,38,14,13,8985044,18,5,6425503,6113001,56,1164
202012,SED00212,53,8,7,6406038,28,4,7914928,4950144,78,1103
202012,SED00213,46,11,4,2304379,24,2,1909488,1718325,69,1195
202012,SED00216,17,4,1,1972642,10,1,1454702,1194426,18,1086
202012,SED00218,109,37,26,28424306,60,8,10856441,19581605,209,1188
202012,SED00219,49,14,10,7461368,31,3,2668897,5008795,78,1186
202012,SED00221,98,22,16,16003404,46,6,10984645,10901621,129,1183
202012,SED00223,109,35,20,24891397,47,7,10379156,15870529,122,1079
202012,SED00225,21,5,0,0,12,0,0,0,42,1136
202012,SED00227,26,9,0,0,15,0,0,0,59,1140
202012,SED00232,21,4,0,0,11,0,0,0,36,1051
202012,SED00233,33,13,11,10872302,16,4,5464982,6736185,44,917
202012,SED00238,42,12,9,11913556,26,4,5317923,9439946,56,1159
202012,SED00240,36,19,13,11915455,16,4,5773398,9279688,62,986
202012,SED00244,18,7,5,4831257,12,2,2492230,3839292,33,1112
202012,SED00245,0,0,0,0,0,0,0,0,1,-1
202012,SED00249,0,0,0,0,0,0,0,0,1,-1
202012,SED00251,42,16,9,7399374,20,4,6546217,4295850,75,1087
202012,SED00252,40,12,4,7095516,24,1,2847435,5107432,77,1177
202012,SED00254,0,0,0,0,0,0,0,0,1,-1
202012,SED00257,0,0,0,0,0,0,0,0,1,-1
202012,SED00259,59,24,19,19337235,21,6,8968229,14496920,74,897
202012,SED00261,24,6,3,3571881,13,1,617411,2382573,38,1078
202012,SED00262,2,0,0,0,1,0,0,0,1,590
202012,SED00263,52,19,11,14953073,25,5,9761671,10776829,78,1181
202012,SED00264,0,0,0,0,0,0,0,0,1,-1
202012,SED00265,29,14,11,11978372,11,5,7182280,9738878,32,1058
202012,SED00269,30,14,8,4608947,13,4,6142747,2149736,59,851
202012,SED00270,7,2,0,0,5,0,0,0,23,1065
202012,SED00273,58,6,5,4334208,34,3,5385669,3249378,148,1150
202012,SED00275,29,10,6,4689932,11,2,4333767,3398629,42,607
202012,SED00276,72,18,13,10447440,31,5,8502701,6245274,107,1193
202012,SED00277,2,0,0,0,1,0,0,0,1,874
202012,SED00280,0,0,0,0,0,0,0,0,1,-1
202012,SED00284,0,0,0,0,0,0,0,0,1,-1
202012,SED00285,36,9,7,5243176,15,3,5487065,4407114,67,1169
202012,SED00287,27,4,3,2652171,14,1,1909703,1377006,64,1066
202012,SED00289,0,0,0,0,0,0,0,0,2,-1
202012,SED00294,61,24,14,6190089,27,5,5924767,3791187,69,1176
202012,SED00295,42,8,6,5042444,22,2,2578328,3492040,67,1185
202012,SED00297,29,3,3,2343372,14,1,212057,1799889,32,1166
202012,SED00298,0,0,0,0,0,0,0,0,1,-1
202012,SED00299,25,7,7,6559462,15,3,4338373,4646773,53,1123
202012,SED00300,31,11,8,10279454,16,4,7649648,6669880,42,1142
202012,SED00301,0,0,0,0,0,0,0,0,1,-1
202012,SED00302,43,20,14,13649966,22,5,5663952,9451005,74,1147
202012,SED00304,34,18,18,13712504,20,5,6296519,9534423,55,1144
202012,SED00305,22,5,1,801909,16,1,1021799,632272,57,1187
202012,SED00306,32,2,1,1409420,17,1,2300856,793794,63,1130
202012,SED00307,28,12,12,18796520,11,3,3427685,11254377,25,1171
202012,SED00308,40,9,6,4784119,21,3,4398289,3787399,69,1148
202012,SED00311,37,13,10,11419446,16,3,3905484,6865810,50,1146
202012,SED00318,31,14,6,6871467,15,3,7113838,4697608,43,1111
202012,SED00323,0,0,0,0,0,0,0,0,1,-1
202012,SED00324,0,0,0,0,0,0,0,0,1,-1
202012,SED00331,46,8,3,2343495,25,1,2231069,1826675,105,1152
202012,SED00332,41,14,12,14295348,19,4,5594488,9558065,35,1081
202012,SED00336,0,0,0,0,0,0,0,0,1,-1
202012,SED00337,62,20,14,15742596,27,5,5748994,10347792,69,1103
202012,SED00338,51,11,7,5480731,25,4,6935008,3379901,71,1057
202012,SED00339,2,0,0,0,1,0,0,0,1,933
202012,SED00343,50,24,17,15901159,19,8,15627192,11201206,40,1004
202012,SED00351,1,0,0,0,1,0,0,0,1,669
202012,SED00352,1,0,0,0,1,0,0,0,1,1135
202012,SED00355,29,9,6,6826304,12,2,3833848,4385571,40,1166
202012,SED00356,20,2,2,3762032,13,1,251884,2297521,38,1151
202012,SED00362,0,0,0,0,0,0,0,0,2,-1
202012,SED00363,1,0,0,0,1,0,0,0,1,238
202012,SED00365,0,0,0,0,0,0,0,0,1,-1
202012,SED00369,56,10,7,7278869,35,3,2780811,6614986,99,1198
202012,SED00371,0,0,0,0,0,0,0,0,1,-1
202012,SED00372,97,29,23,26962872,48,7,10814599,18965477,135,1186
202012,SED00373,0,0,0,0,0,0,0,0,1,-1
202012,SED00374,1,0,0,0,1,0,0,0,1,1096
202012,SED00379,38,10,5,3051236,19,2,3096372,2627110,66,1170
202012,SED00381,0,0,0,0,0,0,0,0,1,-1
202012,SED00383,2,2,2,3691968,1,1,2657912,2905989,1,490
202012,SED00394,17,2,0,0,10,0,0,0,45,994
202012,SED00397,12,3,0,0,7,0,0,0,21,1042
202012,SED00398,37,10,6,6518250,13,4,5396736,4548524,42,1153
202012,SED00400,0,0,0,0,0,0,0,0,1,-1
202012,SED00401,46,20,19,24612047,23,7,14962920,15582304,72,1091
202012,SED00406,65,21,16,10272447,26,7,10690228,6605176,95,1156
202012,SED00409,0,0,0,0,0,0,0,0,1,-1
202012,SED00412,36,13,8,2368304,23,2,3486802,1434843,61,1174
202012,SED00415,0,0,0,0,0,0,0,0,1,-1
202012,SED00416,56,13,10,11618045,26,5,4822516,8908851,67,1141
202012,SED00421,25,14,8,7722172,14,3,4654597,3965883,55,1198
202012,SED00425,87,29,18,20214810,45,6,11487053,11578808,137,1156
202012,SED00428,95,36,26,32991122,47,9,15314720,22517863,152,1164
202012,SED00429,0,0,0,0,0,0,0,0,1,-1
202012,SED00430,28,7,7,11862192,14,3,4660237,6646195,45,1084
202012,SED00432,2,0,0,0,1,0,0,0,1,1193
202012,SED00434,24,11,9,5162334,9,3,4287178,3459977,25,1180
202012,SED00435,1,0,0,0,1,0,0,0,1,156
202012,SED00439,2,0,0,0,1,0,0,0,1,844
202012,SED00441,41,13,6,5012698,22,2,3494471,2239974,74,1152
202012,SED00446,23,4,1,449328,12,1,667867,347563,64,1191
202012,SED00447,58,11,4,5702976,31,1,963745,4583544,83,1196
202012,SED00448,24,7,3,4516518,16,1,1704354,2274386,50,1116
202012,SED00449,86,17,11,10807265,44,5,6565509,8315883,139,1194
202012,SED00452,0,0,0,0,0,0,0,0,1,-1
202012,SED00453,52,22,19,22677305,21,7,8498537,13828862,69,1161
202012,SED00454,26,6,5,5169524,10,2,3462580,4151627,33,972
202012,SED00460,42,8,3,2880565,21,3,8015139,1789064,64,935
202012,SED00461,0,0,0,0,0,0,0,0,1,-1
202012,SED00462,0,0,0,0,0,0,0,0,1,-1
202012,SED00463,92,17,14,14843811,49,6,10758279,8513528,152,1176
202012,SED00466,0,0,0,0,0,0,0,0,2,-1
202012,SED00468,127,50,29,27348727,62,12,22171400,19723074,181,1175
202012,SED00472,0,0,0,0,0,0,0,0,1,-1
202012,SED00473,28,16,10,14513068,15,4,7372616,7177514,39,1159
202012,SED00475,0,0,0,0,0,0,0,0,2,-1
202012,SED00476,26,8,4,5434068,14,1,346955,4375213,50,1086
202012,SED00477,14,6,6,8170827,10,2,3145866,4544608,43,1179
202012,SED00481,28,9,7,1413395,13,2,2598126,954150,56,1166
202012,SED00482,36,11,7,8271740,15,4,5189131,5308699,68,1062
202012,SED00483,28,8,2,448736,17,1,776271,208059,60,1018
202012,SED00485,24,10,5,5963164,11,3,6769894,4430151,35,869
202012,SED00486,2,0,0,0,1,0,0,0,1,209
202012,SED00488,17,3,0,0,11,0,0,0,42,932
202012,SED00489,21,8,6,6196258,11,3,5877356,5368759,31,1194
202012,SED00490,41,13,7,8565788,20,3,3872130,6370556,68,1115
202012,SED00495,37,16,6,2215680,17,2,4634404,1439022,44,889
202012,SED00497,31,13,11,11265671,11,4,6164106,6841790,32,833
202012,SED00498,33,8,6,6956196,12,3,6551359,4738126,47,1136
202012,SED00500,21,2,0,0,13,0,0,0,47,1162
202012,SED00502,0,0,0,0,0,0,0,0,1,-1
202012,SED00506,43,7,3,2471731,24,2,2391935,1108262,64,1126
202012,SED00511,19,3,3,4627734,11,1,490784,3260144,44,1028
202012,SED00512,0,0,0,0,0,0,0,0,1,-1
202012,SED00516,52,15,11,12864113,24,4,5026195,8682476,77,1062
202012,SED00518,0,0,0,0,0,0,0,0,1,-1
202012,SED00519,23,6,2,575222,12,1,1425975,298428,64,1190
202012,SED00521,36,7,5,6057346,20,2,3854889,3116099,68,1085
202012,SED00522,2,0,0,0,1,0,0,0,1,729
202012,SED00523,2,0,0,0,1,0,0,0,1,178
202012,SED00528,52,7,5,5195048,25,2,2584966,3585023,72,1183
202012,SED00529,0,0,0,0,0,0,0,0,1,-1
202012,SED00535,0,0,0,0,0,0,0,0,2,-1
202012,SED00537,0,0,0,0,0,0,0,0,1,-1
202012,SED00541,27,12,10,13906538,14,4,6187079,9497791,52,909
202012,SED00544,35,6,3,5902442,19,2,1875896,4622557,62,1155
202012,SED00548,2,0,0,0,1,0,0,0,1,975
202012,SED00549,2,0,0,0,1,0,0,0,1,803
202012,SED00551,0,0,0,0,0,0,0,0,1,-1
202012,SED00552,1,0,0,0,1,0,0,0,1,331
202012,SED00554,38,9,4,5448692,22,1,563807,2179722,57,1174
202012,SED00555,30,5,4,3805408,15,1,1314780,1894920,48,1173
202012,SED00561,23,8,6,4828199,8,4,7105656,3355993,27,884
202012,SED00564,1,0,0,0,1,0,0,0,1,1161
202012,SED00565,49,5,2,2702256,25,1,2625781,2390405,69,1163
202012,SED00569,27,8,7,9935799,11,3,5185932,6943092,36,932
202012,SED00570,0,0,0,0,0,0,0,0,1,-1
202012,SED00571,25,4,0,0,14,0,0,0,40,1191
202012,SED00572,51,23,16,18955538,24,5,10391692,11698474,79,1130
202012,SED00573,67,25,19,13921333,34,7,7943727,9802052,80,1190
202012,SED00574,2,0,0,0,1,0,0,0,1,422
202012,SED00576,30,11,7,11613579,11,2,3295602,8867036,31,1010
202012,SED00578,25,6,4,6610824,13,1,928846,4255762,62,1150
202012,SED00579,0,0,0,0,0,0,0,0,1,-1
202012,SED00580,0,0,0,0,0,0,0,0,1,-1
202012,SED00581,21,12,11,11468120,14,4,7197356,8892586,48,997
202012,SED00582,22,5,4,548252,14,1,2272540,494301,40,1176
202012,SED00587,41,10,5,5430136,26,2,3174464,3891808,71,1166
202012,SED00590,0,0,0,0,0,0,0,0,1,-1
202012,SED00591,9,2,2,2851212,5,1,2710539,1721415,30,1038
202012,SED00593,146,37,25,26092832,72,11,17785745,17874007,195,1159
202012,SED00594,0,0,0,0,0,0,0,0,1,-1
202012,SED00595,17,3,3,3890951,10,2,3727713,2981267,40,1112
202012,SED00597,91,29,24,35241934,45,10,12347317,23274918,150,1067
